revision,report_time,month,all:all,all:all_bytes,all:gtest,all:gtest_bytes,all:cppunittest,all:cppunittest_bytes,all:xpcshell,all:xpcshell_bytes,candidate_score,candidate_rank
70e7c3ef6cae2266147c38ad250692ffe84aec26,2019-09-11 12:23:17.873000+00:00,2019-09,mozilla-central/70e7c3ef6cae2266147c38ad250692ffe84aec26/all:all.json.zstd,6808432,mozilla-central/70e7c3ef6cae2266147c38ad250692ffe84aec26/all:gtest.json.zstd,2891462,mozilla-central/70e7c3ef6cae2266147c38ad250692ffe84aec26/all:cppunittest.json.zstd,2369479,mozilla-central/70e7c3ef6cae2266147c38ad250692ffe84aec26/all:xpcshell.json.zstd,4039331,0.15715705234570349,1
5f0961efaa1c01e5b4bc449ee5d58260393291ef,2019-09-11 12:19:41.019000+00:00,2019-09,mozilla-central/5f0961efaa1c01e5b4bc449ee5d58260393291ef/all:all.json.zstd,6808442,mozilla-central/5f0961efaa1c01e5b4bc449ee5d58260393291ef/all:gtest.json.zstd,2892549,mozilla-central/5f0961efaa1c01e5b4bc449ee5d58260393291ef/all:cppunittest.json.zstd,2370407,mozilla-central/5f0961efaa1c01e5b4bc449ee5d58260393291ef/all:xpcshell.json.zstd,4038969,0.16457288776987394,2
b23bd78e4d949c20a5e83f852958cd5fa58e02ea,2019-09-11 11:56:07.185000+00:00,2019-09,mozilla-central/b23bd78e4d949c20a5e83f852958cd5fa58e02ea/all:all.json.zstd,6804366,mozilla-central/b23bd78e4d949c20a5e83f852958cd5fa58e02ea/all:gtest.json.zstd,2888794,mozilla-central/b23bd78e4d949c20a5e83f852958cd5fa58e02ea/all:cppunittest.json.zstd,2369911,mozilla-central/b23bd78e4d949c20a5e83f852958cd5fa58e02ea/all:xpcshell.json.zstd,4039455,0.18032995285058145,3
3752d5cac66b9f72bfe7252e399349cb0eb3f59f,2019-09-11 11:59:07.653000+00:00,2019-09,mozilla-central/3752d5cac66b9f72bfe7252e399349cb0eb3f59f/all:all.json.zstd,6794145,mozilla-central/3752d5cac66b9f72bfe7252e399349cb0eb3f59f/all:gtest.json.zstd,2891049,mozilla-central/3752d5cac66b9f72bfe7252e399349cb0eb3f59f/all:cppunittest.json.zstd,2369850,mozilla-central/3752d5cac66b9f72bfe7252e399349cb0eb3f59f/all:xpcshell.json.zstd,4036784,0.18100355455387895,4
adc59d50adf815ad6764ff235f833a5ba74291b6,2019-09-10 18:07:26.929000+00:00,2019-09,mozilla-central/adc59d50adf815ad6764ff235f833a5ba74291b6/all:all.json.zstd,6805035,mozilla-central/adc59d50adf815ad6764ff235f833a5ba74291b6/all:gtest.json.zstd,2891360,mozilla-central/adc59d50adf815ad6764ff235f833a5ba74291b6/all:cppunittest.json.zstd,2369844,mozilla-central/adc59d50adf815ad6764ff235f833a5ba74291b6/all:xpcshell.json.zstd,4041091,0.1872847410019513,5
585fe45563356a10a9d53cddfeda2bd699e46dd5,2019-10-14 19:46:36.680000+00:00,2019-10,mozilla-central/585fe45563356a10a9d53cddfeda2bd699e46dd5/all:all.json.zstd,6847295,mozilla-central/585fe45563356a10a9d53cddfeda2bd699e46dd5/all:gtest.json.zstd,2808248,mozilla-central/585fe45563356a10a9d53cddfeda2bd699e46dd5/all:cppunittest.json.zstd,2300436,mozilla-central/585fe45563356a10a9d53cddfeda2bd699e46dd5/all:xpcshell.json.zstd,3996451,0.049234266036232106,1
a7ca5ad33f3df4477ddb16560386b1b5aa641c3b,2019-10-11 18:38:34.131000+00:00,2019-10,mozilla-central/a7ca5ad33f3df4477ddb16560386b1b5aa641c3b/all:all.json.zstd,6850547,mozilla-central/a7ca5ad33f3df4477ddb16560386b1b5aa641c3b/all:gtest.json.zstd,2805123,mozilla-central/a7ca5ad33f3df4477ddb16560386b1b5aa641c3b/all:cppunittest.json.zstd,2299584,mozilla-central/a7ca5ad33f3df4477ddb16560386b1b5aa641c3b/all:xpcshell.json.zstd,4000762,0.12719036873060235,2
7b19086f802cc163da1478fcfe9cf35133d95ca7,2019-10-16 14:06:11.393000+00:00,2019-10,mozilla-central/7b19086f802cc163da1478fcfe9cf35133d95ca7/all:all.json.zstd,6822704,mozilla-central/7b19086f802cc163da1478fcfe9cf35133d95ca7/all:gtest.json.zstd,2803561,mozilla-central/7b19086f802cc163da1478fcfe9cf35133d95ca7/all:cppunittest.json.zstd,2298978,mozilla-central/7b19086f802cc163da1478fcfe9cf35133d95ca7/all:xpcshell.json.zstd,3988599,0.14341537300140883,3
6660bc0d1b23ae45dc3c952b6e21c0335e9739e9,2019-10-12 01:18:02.326000+00:00,2019-10,mozilla-central/6660bc0d1b23ae45dc3c952b6e21c0335e9739e9/all:all.json.zstd,6857977,mozilla-central/6660bc0d1b23ae45dc3c952b6e21c0335e9739e9/all:gtest.json.zstd,2805533,mozilla-central/6660bc0d1b23ae45dc3c952b6e21c0335e9739e9/all:cppunittest.json.zstd,2299626,mozilla-central/6660bc0d1b23ae45dc3c952b6e21c0335e9739e9/all:xpcshell.json.zstd,4002470,0.1485703810594468,4
11d13005c8767500d6a20858e9db82603e8fb808,2019-10-20 19:04:11.923000+00:00,2019-10,mozilla-central/11d13005c8767500d6a20858e9db82603e8fb808/all:all.json.zstd,6844050,mozilla-central/11d13005c8767500d6a20858e9db82603e8fb808/all:gtest.json.zstd,2806168,mozilla-central/11d13005c8767500d6a20858e9db82603e8fb808/all:cppunittest.json.zstd,2296418,mozilla-central/11d13005c8767500d6a20858e9db82603e8fb808/all:xpcshell.json.zstd,3993017,0.15537610999250162,5
bcbb45f7d4f1b22fc74d2ee96b92c6f2233495aa,2019-11-27 06:45:48.363000+00:00,2019-11,mozilla-central/bcbb45f7d4f1b22fc74d2ee96b92c6f2233495aa/all:all.json.zstd,6878022,mozilla-central/bcbb45f7d4f1b22fc74d2ee96b92c6f2233495aa/all:gtest.json.zstd,2858555,mozilla-central/bcbb45f7d4f1b22fc74d2ee96b92c6f2233495aa/all:cppunittest.json.zstd,2342107,mozilla-central/bcbb45f7d4f1b22fc74d2ee96b92c6f2233495aa/all:xpcshell.json.zstd,4039325,0.26829615313419575,1
0155d544ac6be808c97b112edbb6c05d690b6b4a,2019-11-27 22:24:47.055000+00:00,2019-11,mozilla-central/0155d544ac6be808c97b112edbb6c05d690b6b4a/all:all.json.zstd,6879441,mozilla-central/0155d544ac6be808c97b112edbb6c05d690b6b4a/all:gtest.json.zstd,2862874,mozilla-central/0155d544ac6be808c97b112edbb6c05d690b6b4a/all:cppunittest.json.zstd,2342659,mozilla-central/0155d544ac6be808c97b112edbb6c05d690b6b4a/all:xpcshell.json.zstd,4035268,0.2916293922404255,2
4922e72940863dcebfc07ac3c598f2097ceb720a,2019-11-25 12:53:04.224000+00:00,2019-11,mozilla-central/4922e72940863dcebfc07ac3c598f2097ceb720a/all:all.json.zstd,6885112,mozilla-central/4922e72940863dcebfc07ac3c598f2097ceb720a/all:gtest.json.zstd,2864776,mozilla-central/4922e72940863dcebfc07ac3c598f2097ceb720a/all:cppunittest.json.zstd,2347871,mozilla-central/4922e72940863dcebfc07ac3c598f2097ceb720a/all:xpcshell.json.zstd,4043108,0.30572332895134796,3
0a724aa35cdbb7ceef51f7af26a6aa7b5058682f,2019-11-25 07:26:03.307000+00:00,2019-11,mozilla-central/0a724aa35cdbb7ceef51f7af26a6aa7b5058682f/all:all.json.zstd,6865580,mozilla-central/0a724aa35cdbb7ceef51f7af26a6aa7b5058682f/all:gtest.json.zstd,2853784,mozilla-central/0a724aa35cdbb7ceef51f7af26a6aa7b5058682f/all:cppunittest.json.zstd,2337198,mozilla-central/0a724aa35cdbb7ceef51f7af26a6aa7b5058682f/all:xpcshell.json.zstd,4026384,0.39893678684041955,4
21d90776b745e7c395d846797d196728591c0881,2019-11-29 07:38:34.663000+00:00,2019-11,mozilla-central/21d90776b745e7c395d846797d196728591c0881/all:all.json.zstd,6872862,mozilla-central/21d90776b745e7c395d846797d196728591c0881/all:gtest.json.zstd,2854966,mozilla-central/21d90776b745e7c395d846797d196728591c0881/all:cppunittest.json.zstd,2335984,mozilla-central/21d90776b745e7c395d846797d196728591c0881/all:xpcshell.json.zstd,4033301,0.4256891780809649,5
0c3bc698f640e1c8208f369255d3a9f7390b76ee,2019-12-14 18:09:34.928000+00:00,2019-12,mozilla-central/0c3bc698f640e1c8208f369255d3a9f7390b76ee/all:all.json.zstd,6881832,mozilla-central/0c3bc698f640e1c8208f369255d3a9f7390b76ee/all:gtest.json.zstd,2846849,mozilla-central/0c3bc698f640e1c8208f369255d3a9f7390b76ee/all:cppunittest.json.zstd,2326825,mozilla-central/0c3bc698f640e1c8208f369255d3a9f7390b76ee/all:xpcshell.json.zstd,4020596,0.09224450084768886,1
9b7cd94eaf0a2385f53791c982e2210bd6b96818,2019-12-15 20:05:08.643000+00:00,2019-12,mozilla-central/9b7cd94eaf0a2385f53791c982e2210bd6b96818/all:all.json.zstd,6879347,mozilla-central/9b7cd94eaf0a2385f53791c982e2210bd6b96818/all:gtest.json.zstd,2850513,mozilla-central/9b7cd94eaf0a2385f53791c982e2210bd6b96818/all:cppunittest.json.zstd,2331314,mozilla-central/9b7cd94eaf0a2385f53791c982e2210bd6b96818/all:xpcshell.json.zstd,4031731,0.09930458108233803,2
0016ade97e65a470bc97521ab8338210e74cdd02,2019-12-16 17:50:27.569000+00:00,2019-12,mozilla-central/0016ade97e65a470bc97521ab8338210e74cdd02/all:all.json.zstd,6872467,mozilla-central/0016ade97e65a470bc97521ab8338210e74cdd02/all:gtest.json.zstd,2843965,mozilla-central/0016ade97e65a470bc97521ab8338210e74cdd02/all:cppunittest.json.zstd,2325758,mozilla-central/0016ade97e65a470bc97521ab8338210e74cdd02/all:xpcshell.json.zstd,4025194,0.10420862648103457,3
35af0b925215124a619bc054aeeb8d01e99b4e63,2019-12-19 02:25:46.913000+00:00,2019-12,mozilla-central/35af0b925215124a619bc054aeeb8d01e99b4e63/all:all.json.zstd,6874055,mozilla-central/35af0b925215124a619bc054aeeb8d01e99b4e63/all:gtest.json.zstd,2849392,mozilla-central/35af0b925215124a619bc054aeeb8d01e99b4e63/all:cppunittest.json.zstd,2330651,mozilla-central/35af0b925215124a619bc054aeeb8d01e99b4e63/all:xpcshell.json.zstd,4024943,0.1108412043275106,4
930ad6def3c7961c82b2af20b66be3351603684f,2019-12-18 01:33:08.233000+00:00,2019-12,mozilla-central/930ad6def3c7961c82b2af20b66be3351603684f/all:all.json.zstd,6879306,mozilla-central/930ad6def3c7961c82b2af20b66be3351603684f/all:gtest.json.zstd,2846012,mozilla-central/930ad6def3c7961c82b2af20b66be3351603684f/all:cppunittest.json.zstd,2326781,mozilla-central/930ad6def3c7961c82b2af20b66be3351603684f/all:xpcshell.json.zstd,4019629,0.13185082262624304,5
cb06fe24fb3e92278f1baf45b1332922f260bb1a,2020-01-18 09:21:24.012000+00:00,2020-01,mozilla-central/cb06fe24fb3e92278f1baf45b1332922f260bb1a/all:all.json.zstd,6763926,mozilla-central/cb06fe24fb3e92278f1baf45b1332922f260bb1a/all:gtest.json.zstd,2834828,mozilla-central/cb06fe24fb3e92278f1baf45b1332922f260bb1a/all:cppunittest.json.zstd,2379507,mozilla-central/cb06fe24fb3e92278f1baf45b1332922f260bb1a/all:xpcshell.json.zstd,4025738,0.35345211414641947,1
aff3f91d0931e798c9be59c1c2f84fab50ec4979,2020-01-19 02:10:00.742000+00:00,2020-01,mozilla-central/aff3f91d0931e798c9be59c1c2f84fab50ec4979/all:all.json.zstd,6754792,mozilla-central/aff3f91d0931e798c9be59c1c2f84fab50ec4979/all:gtest.json.zstd,2819343,mozilla-central/aff3f91d0931e798c9be59c1c2f84fab50ec4979/all:cppunittest.json.zstd,2366145,mozilla-central/aff3f91d0931e798c9be59c1c2f84fab50ec4979/all:xpcshell.json.zstd,4010480,0.3601743003380137,2
7541d616ff870d570476299c5985ca2c49b758b6,2020-01-17 06:42:38.119000+00:00,2020-01,mozilla-central/7541d616ff870d570476299c5985ca2c49b758b6/all:all.json.zstd,6749907,mozilla-central/7541d616ff870d570476299c5985ca2c49b758b6/all:gtest.json.zstd,2825194,mozilla-central/7541d616ff870d570476299c5985ca2c49b758b6/all:cppunittest.json.zstd,2374167,mozilla-central/7541d616ff870d570476299c5985ca2c49b758b6/all:xpcshell.json.zstd,4006154,0.3862435868545893,3
d80211b9dc593785c814fd04b7d5a6ebc144cc37,2020-01-21 21:05:31.963000+00:00,2020-01,mozilla-central/d80211b9dc593785c814fd04b7d5a6ebc144cc37/all:all.json.zstd,6756364,mozilla-central/d80211b9dc593785c814fd04b7d5a6ebc144cc37/all:gtest.json.zstd,2826967,mozilla-central/d80211b9dc593785c814fd04b7d5a6ebc144cc37/all:cppunittest.json.zstd,2372897,mozilla-central/d80211b9dc593785c814fd04b7d5a6ebc144cc37/all:xpcshell.json.zstd,4011385,0.4097587497039177,4
7e0886a94d70b8696d6fc0481d9f9ae12b85c41a,2020-01-17 20:32:36.423000+00:00,2020-01,mozilla-central/7e0886a94d70b8696d6fc0481d9f9ae12b85c41a/all:all.json.zstd,6745714,mozilla-central/7e0886a94d70b8696d6fc0481d9f9ae12b85c41a/all:gtest.json.zstd,2815829,mozilla-central/7e0886a94d70b8696d6fc0481d9f9ae12b85c41a/all:cppunittest.json.zstd,2363800,mozilla-central/7e0886a94d70b8696d6fc0481d9f9ae12b85c41a/all:xpcshell.json.zstd,4000689,0.4163839036418456,5
7b794b53736c781545273accf33ed5bd23d0abea,2020-02-01 16:08:26.919000+00:00,2020-02,mozilla-central/7b794b53736c781545273accf33ed5bd23d0abea/all:all.json.zstd,6918424,mozilla-central/7b794b53736c781545273accf33ed5bd23d0abea/all:gtest.json.zstd,2942043,mozilla-central/7b794b53736c781545273accf33ed5bd23d0abea/all:cppunittest.json.zstd,2483216,mozilla-central/7b794b53736c781545273accf33ed5bd23d0abea/all:xpcshell.json.zstd,4136111,0.27654932430555557,1
82d250cf8fabf9a76db02499407f8d11ce12f0f2,2020-03-13 13:24:33.941000+00:00,2020-03,mozilla-central/82d250cf8fabf9a76db02499407f8d11ce12f0f2/all:all.json.zstd,6802525,mozilla-central/82d250cf8fabf9a76db02499407f8d11ce12f0f2/all:gtest.json.zstd,2832186,mozilla-central/82d250cf8fabf9a76db02499407f8d11ce12f0f2/all:cppunittest.json.zstd,2374050,mozilla-central/82d250cf8fabf9a76db02499407f8d11ce12f0f2/all:xpcshell.json.zstd,4025503,0.5424482835049601,1
c991b81a783355827d979bfd7e221fb3c6940662,2020-03-10 18:12:02.863000+00:00,2020-03,mozilla-central/c991b81a783355827d979bfd7e221fb3c6940662/all:all.json.zstd,6756253,mozilla-central/c991b81a783355827d979bfd7e221fb3c6940662/all:gtest.json.zstd,2812547,mozilla-central/c991b81a783355827d979bfd7e221fb3c6940662/all:cppunittest.json.zstd,2358887,mozilla-central/c991b81a783355827d979bfd7e221fb3c6940662/all:xpcshell.json.zstd,4000434,0.5443159035992589,2
f848103e932160dcac744a1c4b349e9a5b5f3477,2020-03-07 21:33:30.764000+00:00,2020-03,mozilla-central/f848103e932160dcac744a1c4b349e9a5b5f3477/all:all.json.zstd,6795975,mozilla-central/f848103e932160dcac744a1c4b349e9a5b5f3477/all:gtest.json.zstd,2824317,mozilla-central/f848103e932160dcac744a1c4b349e9a5b5f3477/all:cppunittest.json.zstd,2367388,mozilla-central/f848103e932160dcac744a1c4b349e9a5b5f3477/all:xpcshell.json.zstd,4022616,0.5463436791543433,3
9dd52a62f5dff67d03ab029cb983aa0c8a3b6dcb,2020-03-21 01:08:30.256000+00:00,2020-03,mozilla-central/9dd52a62f5dff67d03ab029cb983aa0c8a3b6dcb/all:all.json.zstd,6998578,mozilla-central/9dd52a62f5dff67d03ab029cb983aa0c8a3b6dcb/all:gtest.json.zstd,2821394,mozilla-central/9dd52a62f5dff67d03ab029cb983aa0c8a3b6dcb/all:cppunittest.json.zstd,2333337,mozilla-central/9dd52a62f5dff67d03ab029cb983aa0c8a3b6dcb/all:xpcshell.json.zstd,4020852,0.6614856459159275,4
70e8128d86d5988eef12544922816ca017380fa5,2020-03-06 22:03:41.634000+00:00,2020-03,mozilla-central/70e8128d86d5988eef12544922816ca017380fa5/all:all.json.zstd,6753566,mozilla-central/70e8128d86d5988eef12544922816ca017380fa5/all:gtest.json.zstd,2806012,mozilla-central/70e8128d86d5988eef12544922816ca017380fa5/all:cppunittest.json.zstd,2354671,mozilla-central/70e8128d86d5988eef12544922816ca017380fa5/all:xpcshell.json.zstd,3989980,0.691149502306381,5
48cefa8cc0584b7184747c73654d1ed3ba778cf3,2020-04-18 12:30:00.702000+00:00,2020-04,mozilla-central/48cefa8cc0584b7184747c73654d1ed3ba778cf3/all:all.json.zstd,7079701,mozilla-central/48cefa8cc0584b7184747c73654d1ed3ba778cf3/all:gtest.json.zstd,2881183,mozilla-central/48cefa8cc0584b7184747c73654d1ed3ba778cf3/all:cppunittest.json.zstd,2362470,mozilla-central/48cefa8cc0584b7184747c73654d1ed3ba778cf3/all:xpcshell.json.zstd,4121412,0.14745794574682658,1
17e3c9ff2cad9711445a6c39df85925c8f347336,2020-04-15 23:48:49.669000+00:00,2020-04,mozilla-central/17e3c9ff2cad9711445a6c39df85925c8f347336/all:all.json.zstd,7077674,mozilla-central/17e3c9ff2cad9711445a6c39df85925c8f347336/all:gtest.json.zstd,2868038,mozilla-central/17e3c9ff2cad9711445a6c39df85925c8f347336/all:cppunittest.json.zstd,2372872,mozilla-central/17e3c9ff2cad9711445a6c39df85925c8f347336/all:xpcshell.json.zstd,4137623,0.18636677675819016,2
c224327f2bddd5f1a00b2c8edc6b098188884202,2020-04-15 21:11:22.419000+00:00,2020-04,mozilla-central/c224327f2bddd5f1a00b2c8edc6b098188884202/all:all.json.zstd,7084012,mozilla-central/c224327f2bddd5f1a00b2c8edc6b098188884202/all:gtest.json.zstd,2866833,mozilla-central/c224327f2bddd5f1a00b2c8edc6b098188884202/all:cppunittest.json.zstd,2372396,mozilla-central/c224327f2bddd5f1a00b2c8edc6b098188884202/all:xpcshell.json.zstd,4136477,0.19547496248779947,3
a66e5e777cd16f0ee44e2c13eaab328854a9da5e,2020-04-18 00:42:23.356000+00:00,2020-04,mozilla-central/a66e5e777cd16f0ee44e2c13eaab328854a9da5e/all:all.json.zstd,7084010,mozilla-central/a66e5e777cd16f0ee44e2c13eaab328854a9da5e/all:gtest.json.zstd,2885454,mozilla-central/a66e5e777cd16f0ee44e2c13eaab328854a9da5e/all:cppunittest.json.zstd,2363221,mozilla-central/a66e5e777cd16f0ee44e2c13eaab328854a9da5e/all:xpcshell.json.zstd,4129716,0.19939069218784922,4
82d84da94d8dfcb8bf0cca8d569d8daa9cc9cb73,2020-04-11 23:41:34.862000+00:00,2020-04,mozilla-central/82d84da94d8dfcb8bf0cca8d569d8daa9cc9cb73/all:all.json.zstd,7079249,mozilla-central/82d84da94d8dfcb8bf0cca8d569d8daa9cc9cb73/all:gtest.json.zstd,2867580,mozilla-central/82d84da94d8dfcb8bf0cca8d569d8daa9cc9cb73/all:cppunittest.json.zstd,2373310,mozilla-central/82d84da94d8dfcb8bf0cca8d569d8daa9cc9cb73/all:xpcshell.json.zstd,4131469,0.2228857574951013,5
56c09d42f411246e407fe30418c27e67a6a44d29,2020-05-12 13:38:05.488000+00:00,2020-05,mozilla-central/56c09d42f411246e407fe30418c27e67a6a44d29/all:all.json.zstd,7113171,mozilla-central/56c09d42f411246e407fe30418c27e67a6a44d29/all:gtest.json.zstd,2908878,mozilla-central/56c09d42f411246e407fe30418c27e67a6a44d29/all:cppunittest.json.zstd,2373364,mozilla-central/56c09d42f411246e407fe30418c27e67a6a44d29/all:xpcshell.json.zstd,4152495,0.12023236777160068,1
1b10b4ffe94deab9dc1f93e093c64b123cb25072,2020-05-11 11:35:22.774000+00:00,2020-05,mozilla-central/1b10b4ffe94deab9dc1f93e093c64b123cb25072/all:all.json.zstd,7125874,mozilla-central/1b10b4ffe94deab9dc1f93e093c64b123cb25072/all:gtest.json.zstd,2910883,mozilla-central/1b10b4ffe94deab9dc1f93e093c64b123cb25072/all:cppunittest.json.zstd,2372751,mozilla-central/1b10b4ffe94deab9dc1f93e093c64b123cb25072/all:xpcshell.json.zstd,4156064,0.16669413942722563,2
59d4ec4ce296162c447f1cfe83abb4be3c0c3333,2020-05-14 06:43:48.654000+00:00,2020-05,mozilla-central/59d4ec4ce296162c447f1cfe83abb4be3c0c3333/all:all.json.zstd,7136874,mozilla-central/59d4ec4ce296162c447f1cfe83abb4be3c0c3333/all:gtest.json.zstd,2913394,mozilla-central/59d4ec4ce296162c447f1cfe83abb4be3c0c3333/all:cppunittest.json.zstd,2376550,mozilla-central/59d4ec4ce296162c447f1cfe83abb4be3c0c3333/all:xpcshell.json.zstd,4155144,0.17607424216233664,3
8f68705097b4bf88cd61b43b14401cde98ac75b6,2020-05-20 19:03:04.026000+00:00,2020-05,mozilla-central/8f68705097b4bf88cd61b43b14401cde98ac75b6/all:all.json.zstd,7106071,mozilla-central/8f68705097b4bf88cd61b43b14401cde98ac75b6/all:gtest.json.zstd,2904002,mozilla-central/8f68705097b4bf88cd61b43b14401cde98ac75b6/all:cppunittest.json.zstd,2371490,mozilla-central/8f68705097b4bf88cd61b43b14401cde98ac75b6/all:xpcshell.json.zstd,4144599,0.1987285185771679,4
5f7897d4523021ee64a2d75eb9ace78bdd8d6133,2020-05-18 16:17:16.304000+00:00,2020-05,mozilla-central/5f7897d4523021ee64a2d75eb9ace78bdd8d6133/all:all.json.zstd,7144386,mozilla-central/5f7897d4523021ee64a2d75eb9ace78bdd8d6133/all:gtest.json.zstd,2913471,mozilla-central/5f7897d4523021ee64a2d75eb9ace78bdd8d6133/all:cppunittest.json.zstd,2375887,mozilla-central/5f7897d4523021ee64a2d75eb9ace78bdd8d6133/all:xpcshell.json.zstd,4136564,0.21923450673466308,5
f05a0084c5f20abf47fa332ab5ec5c953ba48eb1,2020-06-16 12:28:30.672000+00:00,2020-06,mozilla-central/f05a0084c5f20abf47fa332ab5ec5c953ba48eb1/all:all.json.zstd,7142696,mozilla-central/f05a0084c5f20abf47fa332ab5ec5c953ba48eb1/all:gtest.json.zstd,2893619,mozilla-central/f05a0084c5f20abf47fa332ab5ec5c953ba48eb1/all:cppunittest.json.zstd,2361156,mozilla-central/f05a0084c5f20abf47fa332ab5ec5c953ba48eb1/all:xpcshell.json.zstd,4150134,0.08017228946997362,1
fe147898a052291f6796dd8ff28c80c1358899d6,2020-06-14 11:26:49.273000+00:00,2020-06,mozilla-central/fe147898a052291f6796dd8ff28c80c1358899d6/all:all.json.zstd,7144785,mozilla-central/fe147898a052291f6796dd8ff28c80c1358899d6/all:gtest.json.zstd,2901175,mozilla-central/fe147898a052291f6796dd8ff28c80c1358899d6/all:cppunittest.json.zstd,2366861,mozilla-central/fe147898a052291f6796dd8ff28c80c1358899d6/all:xpcshell.json.zstd,4137686,0.18060165498786332,2
b2df79a80c0303df9d710800ae37dce56847eef5,2020-06-11 06:34:51.714000+00:00,2020-06,mozilla-central/b2df79a80c0303df9d710800ae37dce56847eef5/all:all.json.zstd,7126958,mozilla-central/b2df79a80c0303df9d710800ae37dce56847eef5/all:gtest.json.zstd,2893225,mozilla-central/b2df79a80c0303df9d710800ae37dce56847eef5/all:cppunittest.json.zstd,2356960,mozilla-central/b2df79a80c0303df9d710800ae37dce56847eef5/all:xpcshell.json.zstd,4154363,0.19350735815937198,3
fea1e502ea281a9b86b821957e622f0b0d081ce7,2020-06-12 17:08:50.129000+00:00,2020-06,mozilla-central/fea1e502ea281a9b86b821957e622f0b0d081ce7/all:all.json.zstd,7139154,mozilla-central/fea1e502ea281a9b86b821957e622f0b0d081ce7/all:gtest.json.zstd,2899898,mozilla-central/fea1e502ea281a9b86b821957e622f0b0d081ce7/all:cppunittest.json.zstd,2367414,mozilla-central/fea1e502ea281a9b86b821957e622f0b0d081ce7/all:xpcshell.json.zstd,4136041,0.2072752881181117,4
7f7b983390650cbc7d736e92fd3e1f629a30ac02,2020-06-10 01:32:58.673000+00:00,2020-06,mozilla-central/7f7b983390650cbc7d736e92fd3e1f629a30ac02/all:all.json.zstd,7140780,mozilla-central/7f7b983390650cbc7d736e92fd3e1f629a30ac02/all:gtest.json.zstd,2902625,mozilla-central/7f7b983390650cbc7d736e92fd3e1f629a30ac02/all:cppunittest.json.zstd,2366966,mozilla-central/7f7b983390650cbc7d736e92fd3e1f629a30ac02/all:xpcshell.json.zstd,4159415,0.2160143077727768,5
d4c6cd2e13bb057eb4d5f8c579f440936bf17241,2020-07-16 11:10:15.903000+00:00,2020-07,mozilla-central/d4c6cd2e13bb057eb4d5f8c579f440936bf17241/all:all.json.zstd,7153849,mozilla-central/d4c6cd2e13bb057eb4d5f8c579f440936bf17241/all:gtest.json.zstd,2898137,mozilla-central/d4c6cd2e13bb057eb4d5f8c579f440936bf17241/all:cppunittest.json.zstd,2366859,mozilla-central/d4c6cd2e13bb057eb4d5f8c579f440936bf17241/all:xpcshell.json.zstd,4168616,0.1104982035875121,1
23131da780b50130e3430dbdc7b121bfe896bb3a,2020-07-14 14:35:24.517000+00:00,2020-07,mozilla-central/23131da780b50130e3430dbdc7b121bfe896bb3a/all:all.json.zstd,7152863,mozilla-central/23131da780b50130e3430dbdc7b121bfe896bb3a/all:gtest.json.zstd,2891254,mozilla-central/23131da780b50130e3430dbdc7b121bfe896bb3a/all:cppunittest.json.zstd,2360588,mozilla-central/23131da780b50130e3430dbdc7b121bfe896bb3a/all:xpcshell.json.zstd,4189130,0.14005181415331985,2
fa0ad42a026fa263626d6d3290caadab1630cb7d,2020-07-17 22:39:42.806000+00:00,2020-07,mozilla-central/fa0ad42a026fa263626d6d3290caadab1630cb7d/all:all.json.zstd,7125312,mozilla-central/fa0ad42a026fa263626d6d3290caadab1630cb7d/all:gtest.json.zstd,2895390,mozilla-central/fa0ad42a026fa263626d6d3290caadab1630cb7d/all:cppunittest.json.zstd,2368885,mozilla-central/fa0ad42a026fa263626d6d3290caadab1630cb7d/all:xpcshell.json.zstd,4181733,0.16982356482902378,3
bca48c382991c7fd778f835f2a780e3c35185fc4,2020-07-15 17:41:58.925000+00:00,2020-07,mozilla-central/bca48c382991c7fd778f835f2a780e3c35185fc4/all:all.json.zstd,7158604,mozilla-central/bca48c382991c7fd778f835f2a780e3c35185fc4/all:gtest.json.zstd,2885925,mozilla-central/bca48c382991c7fd778f835f2a780e3c35185fc4/all:cppunittest.json.zstd,2355678,mozilla-central/bca48c382991c7fd778f835f2a780e3c35185fc4/all:xpcshell.json.zstd,4181796,0.17605605670529437,4
517957ca7a3c2892a4ae3c7491fb538a5d84aa12,2020-07-12 23:57:59.190000+00:00,2020-07,mozilla-central/517957ca7a3c2892a4ae3c7491fb538a5d84aa12/all:all.json.zstd,7126534,mozilla-central/517957ca7a3c2892a4ae3c7491fb538a5d84aa12/all:gtest.json.zstd,2890602,mozilla-central/517957ca7a3c2892a4ae3c7491fb538a5d84aa12/all:cppunittest.json.zstd,2363888,mozilla-central/517957ca7a3c2892a4ae3c7491fb538a5d84aa12/all:xpcshell.json.zstd,4182457,0.1912720811885791,5
605c404fbd80c67e1127ac054b8bec6742bd748f,2020-08-14 18:32:15.088000+00:00,2020-08,mozilla-central/605c404fbd80c67e1127ac054b8bec6742bd748f/all:all.json.zstd,7170306,mozilla-central/605c404fbd80c67e1127ac054b8bec6742bd748f/all:gtest.json.zstd,2911837,mozilla-central/605c404fbd80c67e1127ac054b8bec6742bd748f/all:cppunittest.json.zstd,2384870,mozilla-central/605c404fbd80c67e1127ac054b8bec6742bd748f/all:xpcshell.json.zstd,4213820,0.11117778278500623,1
fb8518702f1b3fb84632df91d4498792291a50b6,2020-08-13 17:45:03.055000+00:00,2020-08,mozilla-central/fb8518702f1b3fb84632df91d4498792291a50b6/all:all.json.zstd,7194435,mozilla-central/fb8518702f1b3fb84632df91d4498792291a50b6/all:gtest.json.zstd,2910925,mozilla-central/fb8518702f1b3fb84632df91d4498792291a50b6/all:cppunittest.json.zstd,2379639,mozilla-central/fb8518702f1b3fb84632df91d4498792291a50b6/all:xpcshell.json.zstd,4221916,0.13704639072903196,2
3fa98e681edd27957e97152d541e0be28122d781,2020-08-12 10:49:12.735000+00:00,2020-08,mozilla-central/3fa98e681edd27957e97152d541e0be28122d781/all:all.json.zstd,7193323,mozilla-central/3fa98e681edd27957e97152d541e0be28122d781/all:gtest.json.zstd,2913956,mozilla-central/3fa98e681edd27957e97152d541e0be28122d781/all:cppunittest.json.zstd,2383921,mozilla-central/3fa98e681edd27957e97152d541e0be28122d781/all:xpcshell.json.zstd,4217747,0.16527102848584144,3
ee09cb88af177571304759bc05c760e3d82fd1ed,2020-08-11 23:29:49.810000+00:00,2020-08,mozilla-central/ee09cb88af177571304759bc05c760e3d82fd1ed/all:all.json.zstd,7201093,mozilla-central/ee09cb88af177571304759bc05c760e3d82fd1ed/all:gtest.json.zstd,2911984,mozilla-central/ee09cb88af177571304759bc05c760e3d82fd1ed/all:cppunittest.json.zstd,2379715,mozilla-central/ee09cb88af177571304759bc05c760e3d82fd1ed/all:xpcshell.json.zstd,4215596,0.16743250900164452,4
5d63045bb341739c7eff24fc3bac085ab873c4b5,2020-08-12 05:00:13.809000+00:00,2020-08,mozilla-central/5d63045bb341739c7eff24fc3bac085ab873c4b5/all:all.json.zstd,7198334,mozilla-central/5d63045bb341739c7eff24fc3bac085ab873c4b5/all:gtest.json.zstd,2909545,mozilla-central/5d63045bb341739c7eff24fc3bac085ab873c4b5/all:cppunittest.json.zstd,2377166,mozilla-central/5d63045bb341739c7eff24fc3bac085ab873c4b5/all:xpcshell.json.zstd,4217818,0.1703941863157718,5
8c8f6d93ade332edc31bba40a8bddb6aab1ef963,2020-09-15 08:29:36.214000+00:00,2020-09,mozilla-central/8c8f6d93ade332edc31bba40a8bddb6aab1ef963/all:all.json.zstd,7414917,mozilla-central/8c8f6d93ade332edc31bba40a8bddb6aab1ef963/all:gtest.json.zstd,2939187,mozilla-central/8c8f6d93ade332edc31bba40a8bddb6aab1ef963/all:cppunittest.json.zstd,2400208,mozilla-central/8c8f6d93ade332edc31bba40a8bddb6aab1ef963/all:xpcshell.json.zstd,4269766,0.23416425689478265,1
d286def58a48e3ee5f9420998022bc13e0124191,2020-09-30 04:57:43.100000+00:00,2020-09,mozilla-central/d286def58a48e3ee5f9420998022bc13e0124191/all:all.json.zstd,7435949,mozilla-central/d286def58a48e3ee5f9420998022bc13e0124191/all:gtest.json.zstd,2941240,mozilla-central/d286def58a48e3ee5f9420998022bc13e0124191/all:cppunittest.json.zstd,2408228,mozilla-central/d286def58a48e3ee5f9420998022bc13e0124191/all:xpcshell.json.zstd,4244224,0.3465453887008762,2
324ea565091e3750883d25856591dd8b86a3c1fc,2020-09-30 01:32:53.433000+00:00,2020-09,mozilla-central/324ea565091e3750883d25856591dd8b86a3c1fc/all:all.json.zstd,7430425,mozilla-central/324ea565091e3750883d25856591dd8b86a3c1fc/all:gtest.json.zstd,2941671,mozilla-central/324ea565091e3750883d25856591dd8b86a3c1fc/all:cppunittest.json.zstd,2408226,mozilla-central/324ea565091e3750883d25856591dd8b86a3c1fc/all:xpcshell.json.zstd,4244532,0.3470544733533381,3
7ed2e1d98e9c2cf8c185d410f8b1c0edd0419953,2020-09-25 21:58:35.417000+00:00,2020-09,mozilla-central/7ed2e1d98e9c2cf8c185d410f8b1c0edd0419953/all:all.json.zstd,7418430,mozilla-central/7ed2e1d98e9c2cf8c185d410f8b1c0edd0419953/all:gtest.json.zstd,2932182,mozilla-central/7ed2e1d98e9c2cf8c185d410f8b1c0edd0419953/all:cppunittest.json.zstd,2399157,mozilla-central/7ed2e1d98e9c2cf8c185d410f8b1c0edd0419953/all:xpcshell.json.zstd,4237527,0.3718255275189207,4
2c3121f695b6b40944b93fdd3bc20d6b94991828,2020-09-28 03:24:02.829000+00:00,2020-09,mozilla-central/2c3121f695b6b40944b93fdd3bc20d6b94991828/all:all.json.zstd,7428481,mozilla-central/2c3121f695b6b40944b93fdd3bc20d6b94991828/all:gtest.json.zstd,2945379,mozilla-central/2c3121f695b6b40944b93fdd3bc20d6b94991828/all:cppunittest.json.zstd,2413189,mozilla-central/2c3121f695b6b40944b93fdd3bc20d6b94991828/all:xpcshell.json.zstd,4239891,0.37285561656383776,5
a6aaf0c8e183f7eff7a668f9b4c6c52c39958c9b,2020-10-15 17:53:04.940000+00:00,2020-10,mozilla-central/a6aaf0c8e183f7eff7a668f9b4c6c52c39958c9b/all:all.json.zstd,7224004,mozilla-central/a6aaf0c8e183f7eff7a668f9b4c6c52c39958c9b/all:gtest.json.zstd,2932636,mozilla-central/a6aaf0c8e183f7eff7a668f9b4c6c52c39958c9b/all:cppunittest.json.zstd,2382999,mozilla-central/a6aaf0c8e183f7eff7a668f9b4c6c52c39958c9b/all:xpcshell.json.zstd,4212099,0.16953008415454424,1
7b8c743766da14e917085a9bb61e6ed1eed4d5bb,2020-10-16 19:59:42.523000+00:00,2020-10,mozilla-central/7b8c743766da14e917085a9bb61e6ed1eed4d5bb/all:all.json.zstd,7220877,mozilla-central/7b8c743766da14e917085a9bb61e6ed1eed4d5bb/all:gtest.json.zstd,2930456,mozilla-central/7b8c743766da14e917085a9bb61e6ed1eed4d5bb/all:cppunittest.json.zstd,2380650,mozilla-central/7b8c743766da14e917085a9bb61e6ed1eed4d5bb/all:xpcshell.json.zstd,4210761,0.21633847742390983,2
cb4114308a0ebb785c98cb76cb412400bd75434c,2020-10-19 03:57:03.240000+00:00,2020-10,mozilla-central/cb4114308a0ebb785c98cb76cb412400bd75434c/all:all.json.zstd,7237922,mozilla-central/cb4114308a0ebb785c98cb76cb412400bd75434c/all:gtest.json.zstd,2943220,mozilla-central/cb4114308a0ebb785c98cb76cb412400bd75434c/all:cppunittest.json.zstd,2392037,mozilla-central/cb4114308a0ebb785c98cb76cb412400bd75434c/all:xpcshell.json.zstd,4205670,0.21812161494224006,3
c8b4cf6696dd7663a99c914d89e91b427f070800,2020-10-16 03:33:50.185000+00:00,2020-10,mozilla-central/c8b4cf6696dd7663a99c914d89e91b427f070800/all:all.json.zstd,7225963,mozilla-central/c8b4cf6696dd7663a99c914d89e91b427f070800/all:gtest.json.zstd,2935739,mozilla-central/c8b4cf6696dd7663a99c914d89e91b427f070800/all:cppunittest.json.zstd,2386030,mozilla-central/c8b4cf6696dd7663a99c914d89e91b427f070800/all:xpcshell.json.zstd,4227283,0.24841240396240002,4
ac431d6e63f0fe54b7670e7c072da5352cd35092,2020-10-17 04:07:08.499000+00:00,2020-10,mozilla-central/ac431d6e63f0fe54b7670e7c072da5352cd35092/all:all.json.zstd,7221052,mozilla-central/ac431d6e63f0fe54b7670e7c072da5352cd35092/all:gtest.json.zstd,2944493,mozilla-central/ac431d6e63f0fe54b7670e7c072da5352cd35092/all:cppunittest.json.zstd,2397578,mozilla-central/ac431d6e63f0fe54b7670e7c072da5352cd35092/all:xpcshell.json.zstd,4207107,0.2557258752049564,5
cadd17ae918b22f2b2d3db0d78137ebbb7544f64,2020-11-20 13:48:56.623000+00:00,2020-11,mozilla-central/cadd17ae918b22f2b2d3db0d78137ebbb7544f64/all:all.json.zstd,7328802,mozilla-central/cadd17ae918b22f2b2d3db0d78137ebbb7544f64/all:gtest.json.zstd,2995018,mozilla-central/cadd17ae918b22f2b2d3db0d78137ebbb7544f64/all:cppunittest.json.zstd,2388040,mozilla-central/cadd17ae918b22f2b2d3db0d78137ebbb7544f64/all:xpcshell.json.zstd,4235669,0.39723677309012856,1
68867f327c6267f971e6483443148a4025f94633,2020-11-20 14:14:32.513000+00:00,2020-11,mozilla-central/68867f327c6267f971e6483443148a4025f94633/all:all.json.zstd,7297121,mozilla-central/68867f327c6267f971e6483443148a4025f94633/all:gtest.json.zstd,2989059,mozilla-central/68867f327c6267f971e6483443148a4025f94633/all:cppunittest.json.zstd,2383208,mozilla-central/68867f327c6267f971e6483443148a4025f94633/all:xpcshell.json.zstd,4228334,0.40090563481730795,2
e22423381bcd757b7ab1e58b0f915cd2e9a6a729,2020-11-20 22:07:50.529000+00:00,2020-11,mozilla-central/e22423381bcd757b7ab1e58b0f915cd2e9a6a729/all:all.json.zstd,7327169,mozilla-central/e22423381bcd757b7ab1e58b0f915cd2e9a6a729/all:gtest.json.zstd,2992917,mozilla-central/e22423381bcd757b7ab1e58b0f915cd2e9a6a729/all:cppunittest.json.zstd,2384939,mozilla-central/e22423381bcd757b7ab1e58b0f915cd2e9a6a729/all:xpcshell.json.zstd,4233502,0.40142734049378015,3
31d67eef91da183d26334f42e78ae41d9b37ff90,2020-11-20 15:11:37.084000+00:00,2020-11,mozilla-central/31d67eef91da183d26334f42e78ae41d9b37ff90/all:all.json.zstd,7315636,mozilla-central/31d67eef91da183d26334f42e78ae41d9b37ff90/all:gtest.json.zstd,2998421,mozilla-central/31d67eef91da183d26334f42e78ae41d9b37ff90/all:cppunittest.json.zstd,2386300,mozilla-central/31d67eef91da183d26334f42e78ae41d9b37ff90/all:xpcshell.json.zstd,4214019,0.4384506235117741,4
f9a6da3ea564c023f71c350524621dafa35f5f61,2020-11-20 13:43:36.770000+00:00,2020-11,mozilla-central/f9a6da3ea564c023f71c350524621dafa35f5f61/all:all.json.zstd,7260931,mozilla-central/f9a6da3ea564c023f71c350524621dafa35f5f61/all:gtest.json.zstd,2962239,mozilla-central/f9a6da3ea564c023f71c350524621dafa35f5f61/all:cppunittest.json.zstd,2410054,mozilla-central/f9a6da3ea564c023f71c350524621dafa35f5f61/all:xpcshell.json.zstd,4226098,0.4406600341688473,5
de82276dbe0fc291c5d9526a7dbc1b736010873a,2020-12-15 01:28:07.992000+00:00,2020-12,mozilla-central/de82276dbe0fc291c5d9526a7dbc1b736010873a/all:all.json.zstd,7228121,mozilla-central/de82276dbe0fc291c5d9526a7dbc1b736010873a/all:gtest.json.zstd,2972086,mozilla-central/de82276dbe0fc291c5d9526a7dbc1b736010873a/all:cppunittest.json.zstd,2361240,mozilla-central/de82276dbe0fc291c5d9526a7dbc1b736010873a/all:xpcshell.json.zstd,4187971,0.16274777071794375,1
2ab4142f19bc58009e0c0306fc336df5f636457d,2020-12-18 02:06:47.548000+00:00,2020-12,mozilla-central/2ab4142f19bc58009e0c0306fc336df5f636457d/all:all.json.zstd,7238634,mozilla-central/2ab4142f19bc58009e0c0306fc336df5f636457d/all:gtest.json.zstd,2971281,mozilla-central/2ab4142f19bc58009e0c0306fc336df5f636457d/all:cppunittest.json.zstd,2362384,mozilla-central/2ab4142f19bc58009e0c0306fc336df5f636457d/all:xpcshell.json.zstd,4184230,0.16725322984568122,2
5e25722bcc7c838934d95ca5b9ba11da0b16d1ab,2020-12-17 02:18:08.784000+00:00,2020-12,mozilla-central/5e25722bcc7c838934d95ca5b9ba11da0b16d1ab/all:all.json.zstd,7237764,mozilla-central/5e25722bcc7c838934d95ca5b9ba11da0b16d1ab/all:gtest.json.zstd,2968902,mozilla-central/5e25722bcc7c838934d95ca5b9ba11da0b16d1ab/all:cppunittest.json.zstd,2359575,mozilla-central/5e25722bcc7c838934d95ca5b9ba11da0b16d1ab/all:xpcshell.json.zstd,4170401,0.18680612174124325,3
7ff2ac690566d1fc82cec9c984f4883ef094e2c4,2020-12-17 02:01:13.407000+00:00,2020-12,mozilla-central/7ff2ac690566d1fc82cec9c984f4883ef094e2c4/all:all.json.zstd,7241636,mozilla-central/7ff2ac690566d1fc82cec9c984f4883ef094e2c4/all:gtest.json.zstd,2978037,mozilla-central/7ff2ac690566d1fc82cec9c984f4883ef094e2c4/all:cppunittest.json.zstd,2367804,mozilla-central/7ff2ac690566d1fc82cec9c984f4883ef094e2c4/all:xpcshell.json.zstd,4160401,0.2010598880332712,4
8c4e9bba69eabce48600c6872cf3032229591fa3,2020-12-16 02:31:26.952000+00:00,2020-12,mozilla-central/8c4e9bba69eabce48600c6872cf3032229591fa3/all:all.json.zstd,7240807,mozilla-central/8c4e9bba69eabce48600c6872cf3032229591fa3/all:gtest.json.zstd,2977473,mozilla-central/8c4e9bba69eabce48600c6872cf3032229591fa3/all:cppunittest.json.zstd,2366975,mozilla-central/8c4e9bba69eabce48600c6872cf3032229591fa3/all:xpcshell.json.zstd,4200454,0.20980499123278779,5
0695ec653f99879731861e8760894f83c192a229,2021-01-16 05:36:07.554000+00:00,2021-01,mozilla-central/0695ec653f99879731861e8760894f83c192a229/all:all.json.zstd,7283681,mozilla-central/0695ec653f99879731861e8760894f83c192a229/all:gtest.json.zstd,2995347,mozilla-central/0695ec653f99879731861e8760894f83c192a229/all:cppunittest.json.zstd,2382619,mozilla-central/0695ec653f99879731861e8760894f83c192a229/all:xpcshell.json.zstd,4220092,0.10344714359936351,1
981e9741e62c620e8e25d5d46e11b58bfcf8d14b,2021-01-15 20:25:14.001000+00:00,2021-01,mozilla-central/981e9741e62c620e8e25d5d46e11b58bfcf8d14b/all:all.json.zstd,7300155,mozilla-central/981e9741e62c620e8e25d5d46e11b58bfcf8d14b/all:gtest.json.zstd,3001078,mozilla-central/981e9741e62c620e8e25d5d46e11b58bfcf8d14b/all:cppunittest.json.zstd,2387542,mozilla-central/981e9741e62c620e8e25d5d46e11b58bfcf8d14b/all:xpcshell.json.zstd,4213392,0.1361424714718563,2
7643eaee62a3f09e252eed29ff7d649a708757e9,2021-01-11 15:50:51.452000+00:00,2021-01,mozilla-central/7643eaee62a3f09e252eed29ff7d649a708757e9/all:all.json.zstd,7295384,mozilla-central/7643eaee62a3f09e252eed29ff7d649a708757e9/all:gtest.json.zstd,2994041,mozilla-central/7643eaee62a3f09e252eed29ff7d649a708757e9/all:cppunittest.json.zstd,2381816,mozilla-central/7643eaee62a3f09e252eed29ff7d649a708757e9/all:xpcshell.json.zstd,4220082,0.1363412710929217,3
b97f7d02c91242976b9f88dd8994875923cbeadf,2021-01-12 14:21:31.207000+00:00,2021-01,mozilla-central/b97f7d02c91242976b9f88dd8994875923cbeadf/all:all.json.zstd,7283363,mozilla-central/b97f7d02c91242976b9f88dd8994875923cbeadf/all:gtest.json.zstd,2995655,mozilla-central/b97f7d02c91242976b9f88dd8994875923cbeadf/all:cppunittest.json.zstd,2383958,mozilla-central/b97f7d02c91242976b9f88dd8994875923cbeadf/all:xpcshell.json.zstd,4204188,0.13881331594558385,4
77dc70a7ac251056a60abbcdb89c8db32a79a253,2021-01-14 03:27:44.193000+00:00,2021-01,mozilla-central/77dc70a7ac251056a60abbcdb89c8db32a79a253/all:all.json.zstd,7288873,mozilla-central/77dc70a7ac251056a60abbcdb89c8db32a79a253/all:gtest.json.zstd,2991257,mozilla-central/77dc70a7ac251056a60abbcdb89c8db32a79a253/all:cppunittest.json.zstd,2378484,mozilla-central/77dc70a7ac251056a60abbcdb89c8db32a79a253/all:xpcshell.json.zstd,4195476,0.15572535136893087,5
160b47b7163e1a80ac366e0ef9fc10b631c35c03,2021-02-12 14:53:48.743000+00:00,2021-02,mozilla-central/160b47b7163e1a80ac366e0ef9fc10b631c35c03/all:all.json.zstd,6623344,mozilla-central/160b47b7163e1a80ac366e0ef9fc10b631c35c03/all:gtest.json.zstd,2968033,mozilla-central/160b47b7163e1a80ac366e0ef9fc10b631c35c03/all:cppunittest.json.zstd,2372903,mozilla-central/160b47b7163e1a80ac366e0ef9fc10b631c35c03/all:xpcshell.json.zstd,3916173,0.11624174893806408,1
58646a1d3f4e8542eac75340b2ddf93820b081aa,2021-02-19 13:52:59.525000+00:00,2021-02,mozilla-central/58646a1d3f4e8542eac75340b2ddf93820b081aa/all:all.json.zstd,6624414,mozilla-central/58646a1d3f4e8542eac75340b2ddf93820b081aa/all:gtest.json.zstd,2962616,mozilla-central/58646a1d3f4e8542eac75340b2ddf93820b081aa/all:cppunittest.json.zstd,2365760,mozilla-central/58646a1d3f4e8542eac75340b2ddf93820b081aa/all:xpcshell.json.zstd,3912978,0.1392990446223584,2
6d7590bfd8d37fd1088f8d184702238881fc048b,2021-02-18 13:47:46.817000+00:00,2021-02,mozilla-central/6d7590bfd8d37fd1088f8d184702238881fc048b/all:all.json.zstd,6615714,mozilla-central/6d7590bfd8d37fd1088f8d184702238881fc048b/all:gtest.json.zstd,2957960,mozilla-central/6d7590bfd8d37fd1088f8d184702238881fc048b/all:cppunittest.json.zstd,2363068,mozilla-central/6d7590bfd8d37fd1088f8d184702238881fc048b/all:xpcshell.json.zstd,3911538,0.20063778085252673,3
cff2cf5c488e5af008bc0da02abf562d167b9605,2021-02-19 14:48:50.828000+00:00,2021-02,mozilla-central/cff2cf5c488e5af008bc0da02abf562d167b9605/all:all.json.zstd,6634817,mozilla-central/cff2cf5c488e5af008bc0da02abf562d167b9605/all:gtest.json.zstd,2979160,mozilla-central/cff2cf5c488e5af008bc0da02abf562d167b9605/all:cppunittest.json.zstd,2381347,mozilla-central/cff2cf5c488e5af008bc0da02abf562d167b9605/all:xpcshell.json.zstd,3917473,0.32813573502928384,4
916497e295fe6c3b5e8082045add889fd555dff6,2021-02-24 15:55:21.870000+00:00,2021-02,mozilla-central/916497e295fe6c3b5e8082045add889fd555dff6/all:all.json.zstd,6639099,mozilla-central/916497e295fe6c3b5e8082045add889fd555dff6/all:gtest.json.zstd,2968791,mozilla-central/916497e295fe6c3b5e8082045add889fd555dff6/all:cppunittest.json.zstd,2373320,mozilla-central/916497e295fe6c3b5e8082045add889fd555dff6/all:xpcshell.json.zstd,3922890,0.3323384182814374,5
f2134bdaf09c9e5939c787a9bd2d1475e82674a5,2021-03-16 19:19:31.495000+00:00,2021-03,mozilla-central/f2134bdaf09c9e5939c787a9bd2d1475e82674a5/all:all.json.zstd,6627600,mozilla-central/f2134bdaf09c9e5939c787a9bd2d1475e82674a5/all:gtest.json.zstd,2968113,mozilla-central/f2134bdaf09c9e5939c787a9bd2d1475e82674a5/all:cppunittest.json.zstd,2364049,mozilla-central/f2134bdaf09c9e5939c787a9bd2d1475e82674a5/all:xpcshell.json.zstd,3926441,0.09741412165640914,1
e90eebb4095d3fdd9c8b07bf22795eee7c3e9ed6,2021-03-16 20:06:59.883000+00:00,2021-03,mozilla-central/e90eebb4095d3fdd9c8b07bf22795eee7c3e9ed6/all:all.json.zstd,6618764,mozilla-central/e90eebb4095d3fdd9c8b07bf22795eee7c3e9ed6/all:gtest.json.zstd,2962036,mozilla-central/e90eebb4095d3fdd9c8b07bf22795eee7c3e9ed6/all:cppunittest.json.zstd,2361107,mozilla-central/e90eebb4095d3fdd9c8b07bf22795eee7c3e9ed6/all:xpcshell.json.zstd,3937716,0.1053806930305824,2
7ed193fb34e39d12d6a1dd9a88aab03e2fff786c,2021-03-17 14:02:29.517000+00:00,2021-03,mozilla-central/7ed193fb34e39d12d6a1dd9a88aab03e2fff786c/all:all.json.zstd,6619647,mozilla-central/7ed193fb34e39d12d6a1dd9a88aab03e2fff786c/all:gtest.json.zstd,2955612,mozilla-central/7ed193fb34e39d12d6a1dd9a88aab03e2fff786c/all:cppunittest.json.zstd,2356901,mozilla-central/7ed193fb34e39d12d6a1dd9a88aab03e2fff786c/all:xpcshell.json.zstd,3927484,0.16640282067767437,3
4d4bc56f77a199234c625dfdd85d06c62caae273,2021-03-18 03:45:16.175000+00:00,2021-03,mozilla-central/4d4bc56f77a199234c625dfdd85d06c62caae273/all:all.json.zstd,6605532,mozilla-central/4d4bc56f77a199234c625dfdd85d06c62caae273/all:gtest.json.zstd,2961394,mozilla-central/4d4bc56f77a199234c625dfdd85d06c62caae273/all:cppunittest.json.zstd,2360057,mozilla-central/4d4bc56f77a199234c625dfdd85d06c62caae273/all:xpcshell.json.zstd,3934628,0.16930995666154355,4
0d51fdccaa965d303b4a50e6ef245906642bc5f7,2021-03-17 03:38:02.573000+00:00,2021-03,mozilla-central/0d51fdccaa965d303b4a50e6ef245906642bc5f7/all:all.json.zstd,6630671,mozilla-central/0d51fdccaa965d303b4a50e6ef245906642bc5f7/all:gtest.json.zstd,2967903,mozilla-central/0d51fdccaa965d303b4a50e6ef245906642bc5f7/all:cppunittest.json.zstd,2363782,mozilla-central/0d51fdccaa965d303b4a50e6ef245906642bc5f7/all:xpcshell.json.zstd,3947300,0.18356501047393473,5
e105fb5fb5cfef90d80a69e121f971a08df83e64,2021-04-15 00:24:26.314000+00:00,2021-04,mozilla-central/e105fb5fb5cfef90d80a69e121f971a08df83e64/all:all.json.zstd,6624993,mozilla-central/e105fb5fb5cfef90d80a69e121f971a08df83e64/all:gtest.json.zstd,2955555,mozilla-central/e105fb5fb5cfef90d80a69e121f971a08df83e64/all:cppunittest.json.zstd,2350192,mozilla-central/e105fb5fb5cfef90d80a69e121f971a08df83e64/all:xpcshell.json.zstd,3928071,0.06367059672704668,1
09e277c5edc3a2c315e334d7bb1ddab0a5d26e90,2021-04-15 21:02:26.416000+00:00,2021-04,mozilla-central/09e277c5edc3a2c315e334d7bb1ddab0a5d26e90/all:all.json.zstd,6634029,mozilla-central/09e277c5edc3a2c315e334d7bb1ddab0a5d26e90/all:gtest.json.zstd,2957219,mozilla-central/09e277c5edc3a2c315e334d7bb1ddab0a5d26e90/all:cppunittest.json.zstd,2349949,mozilla-central/09e277c5edc3a2c315e334d7bb1ddab0a5d26e90/all:xpcshell.json.zstd,3930721,0.09026395335720346,2
d26e6241a27381f7d94a055d1dc8297a9d7a7fc2,2021-04-16 09:15:59.094000+00:00,2021-04,mozilla-central/d26e6241a27381f7d94a055d1dc8297a9d7a7fc2/all:all.json.zstd,6636453,mozilla-central/d26e6241a27381f7d94a055d1dc8297a9d7a7fc2/all:gtest.json.zstd,2956941,mozilla-central/d26e6241a27381f7d94a055d1dc8297a9d7a7fc2/all:cppunittest.json.zstd,2351097,mozilla-central/d26e6241a27381f7d94a055d1dc8297a9d7a7fc2/all:xpcshell.json.zstd,3936999,0.14101987257967413,3
a00cdb29df1f9c9939332094c15c89026f31eb66,2021-04-16 15:25:48.440000+00:00,2021-04,mozilla-central/a00cdb29df1f9c9939332094c15c89026f31eb66/all:all.json.zstd,6618042,mozilla-central/a00cdb29df1f9c9939332094c15c89026f31eb66/all:gtest.json.zstd,2946290,mozilla-central/a00cdb29df1f9c9939332094c15c89026f31eb66/all:cppunittest.json.zstd,2342862,mozilla-central/a00cdb29df1f9c9939332094c15c89026f31eb66/all:xpcshell.json.zstd,3930402,0.1482874858521727,4
2007f7ca1ecd8077a6c84e0ba1fec5ca5a4164d1,2021-04-15 16:46:35.744000+00:00,2021-04,mozilla-central/2007f7ca1ecd8077a6c84e0ba1fec5ca5a4164d1/all:all.json.zstd,6634453,mozilla-central/2007f7ca1ecd8077a6c84e0ba1fec5ca5a4164d1/all:gtest.json.zstd,2955865,mozilla-central/2007f7ca1ecd8077a6c84e0ba1fec5ca5a4164d1/all:cppunittest.json.zstd,2349865,mozilla-central/2007f7ca1ecd8077a6c84e0ba1fec5ca5a4164d1/all:xpcshell.json.zstd,3945549,0.15484911685997407,5
01f5d81f0afe7c1958a225d981bac39f52ae93fe,2021-05-14 21:15:43.679000+00:00,2021-05,mozilla-central/01f5d81f0afe7c1958a225d981bac39f52ae93fe/all:all.json.zstd,6516641,mozilla-central/01f5d81f0afe7c1958a225d981bac39f52ae93fe/all:gtest.json.zstd,2961113,mozilla-central/01f5d81f0afe7c1958a225d981bac39f52ae93fe/all:cppunittest.json.zstd,2348967,mozilla-central/01f5d81f0afe7c1958a225d981bac39f52ae93fe/all:xpcshell.json.zstd,3920717,0.1541861332825678,1
50c8711162bd0aa7931a425f1bd77e85c1f05ce5,2021-05-18 03:45:51.913000+00:00,2021-05,mozilla-central/50c8711162bd0aa7931a425f1bd77e85c1f05ce5/all:all.json.zstd,6492658,mozilla-central/50c8711162bd0aa7931a425f1bd77e85c1f05ce5/all:gtest.json.zstd,2949497,mozilla-central/50c8711162bd0aa7931a425f1bd77e85c1f05ce5/all:cppunittest.json.zstd,2346586,mozilla-central/50c8711162bd0aa7931a425f1bd77e85c1f05ce5/all:xpcshell.json.zstd,3903775,0.1845326654416723,2
950445712e58889c9ed92c22d63e5ee0e6880fec,2021-05-08 04:49:09.452000+00:00,2021-05,mozilla-central/950445712e58889c9ed92c22d63e5ee0e6880fec/all:all.json.zstd,6490649,mozilla-central/950445712e58889c9ed92c22d63e5ee0e6880fec/all:gtest.json.zstd,2953396,mozilla-central/950445712e58889c9ed92c22d63e5ee0e6880fec/all:cppunittest.json.zstd,2348322,mozilla-central/950445712e58889c9ed92c22d63e5ee0e6880fec/all:xpcshell.json.zstd,3912600,0.2500378930307263,3
6f1d11e15050a7c997ae4eefe944e2800b42bdfa,2021-05-14 16:10:47.361000+00:00,2021-05,mozilla-central/6f1d11e15050a7c997ae4eefe944e2800b42bdfa/all:all.json.zstd,6477760,mozilla-central/6f1d11e15050a7c997ae4eefe944e2800b42bdfa/all:gtest.json.zstd,2946132,mozilla-central/6f1d11e15050a7c997ae4eefe944e2800b42bdfa/all:cppunittest.json.zstd,2339741,mozilla-central/6f1d11e15050a7c997ae4eefe944e2800b42bdfa/all:xpcshell.json.zstd,3902154,0.2813172342326026,4
cdcfe2f59d267e43759b364eabc5aa391e1b43ad,2021-05-03 21:14:31.998000+00:00,2021-05,mozilla-central/cdcfe2f59d267e43759b364eabc5aa391e1b43ad/all:all.json.zstd,6517982,mozilla-central/cdcfe2f59d267e43759b364eabc5aa391e1b43ad/all:gtest.json.zstd,2949342,mozilla-central/cdcfe2f59d267e43759b364eabc5aa391e1b43ad/all:cppunittest.json.zstd,2349748,mozilla-central/cdcfe2f59d267e43759b364eabc5aa391e1b43ad/all:xpcshell.json.zstd,3919716,0.28824494945216017,5
b7d44f6d500311bc4f0f889dbd924f790368ca5b,2021-06-17 09:34:20.113000+00:00,2021-06,mozilla-central/b7d44f6d500311bc4f0f889dbd924f790368ca5b/all:all.json.zstd,6576559,mozilla-central/b7d44f6d500311bc4f0f889dbd924f790368ca5b/all:gtest.json.zstd,2993377,mozilla-central/b7d44f6d500311bc4f0f889dbd924f790368ca5b/all:cppunittest.json.zstd,2376122,mozilla-central/b7d44f6d500311bc4f0f889dbd924f790368ca5b/all:xpcshell.json.zstd,3968581,0.09627077606644603,1
206721f8064a145ddb526eb9c50285fd274e7d87,2021-06-16 03:31:24.104000+00:00,2021-06,mozilla-central/206721f8064a145ddb526eb9c50285fd274e7d87/all:all.json.zstd,6553913,mozilla-central/206721f8064a145ddb526eb9c50285fd274e7d87/all:gtest.json.zstd,2992804,mozilla-central/206721f8064a145ddb526eb9c50285fd274e7d87/all:cppunittest.json.zstd,2375306,mozilla-central/206721f8064a145ddb526eb9c50285fd274e7d87/all:xpcshell.json.zstd,3960167,0.15079714790039098,2
8508c35e49793fbe402ad2a706a57fabd1c2b0c4,2021-06-11 15:45:35.047000+00:00,2021-06,mozilla-central/8508c35e49793fbe402ad2a706a57fabd1c2b0c4/all:all.json.zstd,6572836,mozilla-central/8508c35e49793fbe402ad2a706a57fabd1c2b0c4/all:gtest.json.zstd,3002534,mozilla-central/8508c35e49793fbe402ad2a706a57fabd1c2b0c4/all:cppunittest.json.zstd,2382508,mozilla-central/8508c35e49793fbe402ad2a706a57fabd1c2b0c4/all:xpcshell.json.zstd,3971716,0.19621643583923598,3
36647ef6f014ee7199a0bad93851750ead132473,2021-06-17 02:38:39.146000+00:00,2021-06,mozilla-central/36647ef6f014ee7199a0bad93851750ead132473/all:all.json.zstd,6561635,mozilla-central/36647ef6f014ee7199a0bad93851750ead132473/all:gtest.json.zstd,2987567,mozilla-central/36647ef6f014ee7199a0bad93851750ead132473/all:cppunittest.json.zstd,2368611,mozilla-central/36647ef6f014ee7199a0bad93851750ead132473/all:xpcshell.json.zstd,3960893,0.21848573599685028,4
3ee20501e5d618a8444079e9509c06794bfcc46f,2021-06-10 15:36:37.111000+00:00,2021-06,mozilla-central/3ee20501e5d618a8444079e9509c06794bfcc46f/all:all.json.zstd,6572209,mozilla-central/3ee20501e5d618a8444079e9509c06794bfcc46f/all:gtest.json.zstd,3003479,mozilla-central/3ee20501e5d618a8444079e9509c06794bfcc46f/all:cppunittest.json.zstd,2383885,mozilla-central/3ee20501e5d618a8444079e9509c06794bfcc46f/all:xpcshell.json.zstd,3974562,0.24660882070932627,5
7ec7dd0cc7acbd0941e8b97e126a62faaffbc20e,2021-07-15 04:03:19.773000+00:00,2021-07,mozilla-central/7ec7dd0cc7acbd0941e8b97e126a62faaffbc20e/all:all.json.zstd,6670815,mozilla-central/7ec7dd0cc7acbd0941e8b97e126a62faaffbc20e/all:gtest.json.zstd,3021212,mozilla-central/7ec7dd0cc7acbd0941e8b97e126a62faaffbc20e/all:cppunittest.json.zstd,2383457,mozilla-central/7ec7dd0cc7acbd0941e8b97e126a62faaffbc20e/all:xpcshell.json.zstd,4031871,0.08165102175323626,1
38aa248ef5760830f21cc9c92f4182b8ae1ed81f,2021-07-17 02:42:48.750000+00:00,2021-07,mozilla-central/38aa248ef5760830f21cc9c92f4182b8ae1ed81f/all:all.json.zstd,6665249,mozilla-central/38aa248ef5760830f21cc9c92f4182b8ae1ed81f/all:gtest.json.zstd,3022395,mozilla-central/38aa248ef5760830f21cc9c92f4182b8ae1ed81f/all:cppunittest.json.zstd,2377035,mozilla-central/38aa248ef5760830f21cc9c92f4182b8ae1ed81f/all:xpcshell.json.zstd,4020798,0.1274054672305288,2
86d0c64032caf572fe88a4970a9db7d1fac098c5,2021-07-19 22:09:33.285000+00:00,2021-07,mozilla-central/86d0c64032caf572fe88a4970a9db7d1fac098c5/all:all.json.zstd,6670295,mozilla-central/86d0c64032caf572fe88a4970a9db7d1fac098c5/all:gtest.json.zstd,3023904,mozilla-central/86d0c64032caf572fe88a4970a9db7d1fac098c5/all:cppunittest.json.zstd,2377363,mozilla-central/86d0c64032caf572fe88a4970a9db7d1fac098c5/all:xpcshell.json.zstd,4023336,0.14311183562698648,3
ed8ac164c43bd2d9e90fd12289c411b0656ef445,2021-07-10 10:29:09.300000+00:00,2021-07,mozilla-central/ed8ac164c43bd2d9e90fd12289c411b0656ef445/all:all.json.zstd,6669783,mozilla-central/ed8ac164c43bd2d9e90fd12289c411b0656ef445/all:gtest.json.zstd,3025398,mozilla-central/ed8ac164c43bd2d9e90fd12289c411b0656ef445/all:cppunittest.json.zstd,2380249,mozilla-central/ed8ac164c43bd2d9e90fd12289c411b0656ef445/all:xpcshell.json.zstd,4018450,0.16652041202801937,4
98cbaebbfa009242597f557ddde4a8837f4ab8fb,2021-07-13 11:00:48.466000+00:00,2021-07,mozilla-central/98cbaebbfa009242597f557ddde4a8837f4ab8fb/all:all.json.zstd,6681145,mozilla-central/98cbaebbfa009242597f557ddde4a8837f4ab8fb/all:gtest.json.zstd,3024700,mozilla-central/98cbaebbfa009242597f557ddde4a8837f4ab8fb/all:cppunittest.json.zstd,2386227,mozilla-central/98cbaebbfa009242597f557ddde4a8837f4ab8fb/all:xpcshell.json.zstd,4037201,0.1671819671441001,5
5dedfa40a55fc4c3265fd036f5c9d89b5164db41,2021-08-15 16:19:14.820000+00:00,2021-08,mozilla-central/5dedfa40a55fc4c3265fd036f5c9d89b5164db41/all:all.json.zstd,6646879,mozilla-central/5dedfa40a55fc4c3265fd036f5c9d89b5164db41/all:gtest.json.zstd,3024702,mozilla-central/5dedfa40a55fc4c3265fd036f5c9d89b5164db41/all:cppunittest.json.zstd,2387458,mozilla-central/5dedfa40a55fc4c3265fd036f5c9d89b5164db41/all:xpcshell.json.zstd,4010696,0.07018007142465933,1
2e3e1b631c62e990980fed64df50875de8c28600,2021-08-13 22:18:22.025000+00:00,2021-08,mozilla-central/2e3e1b631c62e990980fed64df50875de8c28600/all:all.json.zstd,6653769,mozilla-central/2e3e1b631c62e990980fed64df50875de8c28600/all:gtest.json.zstd,3024196,mozilla-central/2e3e1b631c62e990980fed64df50875de8c28600/all:cppunittest.json.zstd,2388013,mozilla-central/2e3e1b631c62e990980fed64df50875de8c28600/all:xpcshell.json.zstd,4007695,0.08379281266939717,2
df4b218d495a2b4e86b913ca571e3d2d28f2245d,2021-08-14 03:31:50.663000+00:00,2021-08,mozilla-central/df4b218d495a2b4e86b913ca571e3d2d28f2245d/all:all.json.zstd,6641883,mozilla-central/df4b218d495a2b4e86b913ca571e3d2d28f2245d/all:gtest.json.zstd,3020078,mozilla-central/df4b218d495a2b4e86b913ca571e3d2d28f2245d/all:cppunittest.json.zstd,2383337,mozilla-central/df4b218d495a2b4e86b913ca571e3d2d28f2245d/all:xpcshell.json.zstd,4004564,0.10526795480707482,3
0b790ca75ed8e3cf949cfb2dbb2ca58fb45ba230,2021-08-13 14:41:00.718000+00:00,2021-08,mozilla-central/0b790ca75ed8e3cf949cfb2dbb2ca58fb45ba230/all:all.json.zstd,6640816,mozilla-central/0b790ca75ed8e3cf949cfb2dbb2ca58fb45ba230/all:gtest.json.zstd,3023859,mozilla-central/0b790ca75ed8e3cf949cfb2dbb2ca58fb45ba230/all:cppunittest.json.zstd,2386463,mozilla-central/0b790ca75ed8e3cf949cfb2dbb2ca58fb45ba230/all:xpcshell.json.zstd,4008799,0.11037058970302444,4
6613af6e3203dd6259d0dc9dbbf7c9d20b8722c2,2021-08-17 11:05:30.976000+00:00,2021-08,mozilla-central/6613af6e3203dd6259d0dc9dbbf7c9d20b8722c2/all:all.json.zstd,6633833,mozilla-central/6613af6e3203dd6259d0dc9dbbf7c9d20b8722c2/all:gtest.json.zstd,3025375,mozilla-central/6613af6e3203dd6259d0dc9dbbf7c9d20b8722c2/all:cppunittest.json.zstd,2382463,mozilla-central/6613af6e3203dd6259d0dc9dbbf7c9d20b8722c2/all:xpcshell.json.zstd,4002772,0.12579061195136532,5
149a7c7573f2ef4a0a198c649a78fa177a54dc51,2021-09-17 09:03:16.813000+00:00,2021-09,mozilla-central/149a7c7573f2ef4a0a198c649a78fa177a54dc51/all:all.json.zstd,6614488,mozilla-central/149a7c7573f2ef4a0a198c649a78fa177a54dc51/all:gtest.json.zstd,3006256,mozilla-central/149a7c7573f2ef4a0a198c649a78fa177a54dc51/all:cppunittest.json.zstd,2381998,mozilla-central/149a7c7573f2ef4a0a198c649a78fa177a54dc51/all:xpcshell.json.zstd,3994584,0.12161202516779149,1
20b482455364fc14118bd32de96ae52cc81c7f3a,2021-09-21 03:47:44.700000+00:00,2021-09,mozilla-central/20b482455364fc14118bd32de96ae52cc81c7f3a/all:all.json.zstd,6606015,mozilla-central/20b482455364fc14118bd32de96ae52cc81c7f3a/all:gtest.json.zstd,3004461,mozilla-central/20b482455364fc14118bd32de96ae52cc81c7f3a/all:cppunittest.json.zstd,2380363,mozilla-central/20b482455364fc14118bd32de96ae52cc81c7f3a/all:xpcshell.json.zstd,3996323,0.17851118993036172,2
e8a29c8f1e095884077d52166404a854fba86280,2021-09-13 16:34:20.525000+00:00,2021-09,mozilla-central/e8a29c8f1e095884077d52166404a854fba86280/all:all.json.zstd,6600339,mozilla-central/e8a29c8f1e095884077d52166404a854fba86280/all:gtest.json.zstd,2991844,mozilla-central/e8a29c8f1e095884077d52166404a854fba86280/all:cppunittest.json.zstd,2372785,mozilla-central/e8a29c8f1e095884077d52166404a854fba86280/all:xpcshell.json.zstd,3992994,0.18046734885272475,3
907ebdeb89a26949ecce30dbf3c065cba8595e25,2021-09-23 17:14:12.441000+00:00,2021-09,mozilla-central/907ebdeb89a26949ecce30dbf3c065cba8595e25/all:all.json.zstd,6605311,mozilla-central/907ebdeb89a26949ecce30dbf3c065cba8595e25/all:gtest.json.zstd,3006552,mozilla-central/907ebdeb89a26949ecce30dbf3c065cba8595e25/all:cppunittest.json.zstd,2375963,mozilla-central/907ebdeb89a26949ecce30dbf3c065cba8595e25/all:xpcshell.json.zstd,3993279,0.18643969778365743,4
4eb8f7b78caa13d5bc8ce33e94a691c4d0d0f9a6,2021-09-22 23:05:40.544000+00:00,2021-09,mozilla-central/4eb8f7b78caa13d5bc8ce33e94a691c4d0d0f9a6/all:all.json.zstd,6613541,mozilla-central/4eb8f7b78caa13d5bc8ce33e94a691c4d0d0f9a6/all:gtest.json.zstd,3008185,mozilla-central/4eb8f7b78caa13d5bc8ce33e94a691c4d0d0f9a6/all:cppunittest.json.zstd,2377003,mozilla-central/4eb8f7b78caa13d5bc8ce33e94a691c4d0d0f9a6/all:xpcshell.json.zstd,3994029,0.19457663753876026,5
e361209af61f51a3fa1dbf9ea8a2d276e22cc5bf,2021-10-17 08:41:06.844000+00:00,2021-10,mozilla-central/e361209af61f51a3fa1dbf9ea8a2d276e22cc5bf/all:all.json.zstd,6591126,mozilla-central/e361209af61f51a3fa1dbf9ea8a2d276e22cc5bf/all:gtest.json.zstd,3015713,mozilla-central/e361209af61f51a3fa1dbf9ea8a2d276e22cc5bf/all:cppunittest.json.zstd,2380260,mozilla-central/e361209af61f51a3fa1dbf9ea8a2d276e22cc5bf/all:xpcshell.json.zstd,3616135,0.1263840384344075,1
89883f516fc901c6fbf4d785815edd783b910ede,2021-10-11 03:19:42.849000+00:00,2021-10,mozilla-central/89883f516fc901c6fbf4d785815edd783b910ede/all:all.json.zstd,6587213,mozilla-central/89883f516fc901c6fbf4d785815edd783b910ede/all:gtest.json.zstd,3012830,mozilla-central/89883f516fc901c6fbf4d785815edd783b910ede/all:cppunittest.json.zstd,2378703,mozilla-central/89883f516fc901c6fbf4d785815edd783b910ede/all:xpcshell.json.zstd,3614875,0.1615783268786532,2
798c43651cb145ef813aa9ece37b6d965afc315f,2021-10-09 04:34:41.763000+00:00,2021-10,mozilla-central/798c43651cb145ef813aa9ece37b6d965afc315f/all:all.json.zstd,6582709,mozilla-central/798c43651cb145ef813aa9ece37b6d965afc315f/all:gtest.json.zstd,3012129,mozilla-central/798c43651cb145ef813aa9ece37b6d965afc315f/all:cppunittest.json.zstd,2379093,mozilla-central/798c43651cb145ef813aa9ece37b6d965afc315f/all:xpcshell.json.zstd,3615433,0.21038571402948786,3
3cf700ab977a298e19a00f1ec66d14939766955b,2021-10-08 04:25:32.043000+00:00,2021-10,mozilla-central/3cf700ab977a298e19a00f1ec66d14939766955b/all:all.json.zstd,6575562,mozilla-central/3cf700ab977a298e19a00f1ec66d14939766955b/all:gtest.json.zstd,3006491,mozilla-central/3cf700ab977a298e19a00f1ec66d14939766955b/all:cppunittest.json.zstd,2376886,mozilla-central/3cf700ab977a298e19a00f1ec66d14939766955b/all:xpcshell.json.zstd,3610108,0.2583653978561897,4
74250c6a9c4cc8d28d316270ccbc47a6a806fcf0,2021-10-12 10:22:21.019000+00:00,2021-10,mozilla-central/74250c6a9c4cc8d28d316270ccbc47a6a806fcf0/all:all.json.zstd,6596982,mozilla-central/74250c6a9c4cc8d28d316270ccbc47a6a806fcf0/all:gtest.json.zstd,3022407,mozilla-central/74250c6a9c4cc8d28d316270ccbc47a6a806fcf0/all:cppunittest.json.zstd,2384454,mozilla-central/74250c6a9c4cc8d28d316270ccbc47a6a806fcf0/all:xpcshell.json.zstd,3626812,0.2592015022874033,5
b16763f1da6bcf31f964744c765c4af480ae551c,2021-11-15 08:50:47.436000+00:00,2021-11,mozilla-central/b16763f1da6bcf31f964744c765c4af480ae551c/all:all.json.zstd,6739815,mozilla-central/b16763f1da6bcf31f964744c765c4af480ae551c/all:gtest.json.zstd,3027655,mozilla-central/b16763f1da6bcf31f964744c765c4af480ae551c/all:cppunittest.json.zstd,2392891,mozilla-central/b16763f1da6bcf31f964744c765c4af480ae551c/all:xpcshell.json.zstd,3956978,0.024874891168106,1
dcfdc1fc2cecc6cee44b34161af6885d82434c06,2021-11-14 17:11:18.404000+00:00,2021-11,mozilla-central/dcfdc1fc2cecc6cee44b34161af6885d82434c06/all:all.json.zstd,6734761,mozilla-central/dcfdc1fc2cecc6cee44b34161af6885d82434c06/all:gtest.json.zstd,3028638,mozilla-central/dcfdc1fc2cecc6cee44b34161af6885d82434c06/all:cppunittest.json.zstd,2393350,mozilla-central/dcfdc1fc2cecc6cee44b34161af6885d82434c06/all:xpcshell.json.zstd,3955718,0.025130309399139482,2
0ea31fd939c805259e79272c1e46df08bc2d3e3b,2021-11-15 21:22:44.823000+00:00,2021-11,mozilla-central/0ea31fd939c805259e79272c1e46df08bc2d3e3b/all:all.json.zstd,6738809,mozilla-central/0ea31fd939c805259e79272c1e46df08bc2d3e3b/all:gtest.json.zstd,3026776,mozilla-central/0ea31fd939c805259e79272c1e46df08bc2d3e3b/all:cppunittest.json.zstd,2393062,mozilla-central/0ea31fd939c805259e79272c1e46df08bc2d3e3b/all:xpcshell.json.zstd,3955764,0.025318643556516342,3
75c615b53e7b96334ee7e75f0224be36daf04595,2021-11-16 04:13:35.396000+00:00,2021-11,mozilla-central/75c615b53e7b96334ee7e75f0224be36daf04595/all:all.json.zstd,6736967,mozilla-central/75c615b53e7b96334ee7e75f0224be36daf04595/all:gtest.json.zstd,3028826,mozilla-central/75c615b53e7b96334ee7e75f0224be36daf04595/all:cppunittest.json.zstd,2393907,mozilla-central/75c615b53e7b96334ee7e75f0224be36daf04595/all:xpcshell.json.zstd,3957024,0.034906936983050835,4
7980a83e70994ef29c7d2470c687057003b5df6d,2021-11-13 18:18:10.063000+00:00,2021-11,mozilla-central/7980a83e70994ef29c7d2470c687057003b5df6d/all:all.json.zstd,6735144,mozilla-central/7980a83e70994ef29c7d2470c687057003b5df6d/all:gtest.json.zstd,3027537,mozilla-central/7980a83e70994ef29c7d2470c687057003b5df6d/all:cppunittest.json.zstd,2392959,mozilla-central/7980a83e70994ef29c7d2470c687057003b5df6d/all:xpcshell.json.zstd,3955851,0.04201981155342266,5
06c7b4e2d14be1ee8050d6c1eb1ab1bab19ac3c2,2021-12-15 05:46:25.613000+00:00,2021-12,mozilla-central/06c7b4e2d14be1ee8050d6c1eb1ab1bab19ac3c2/all:all.json.zstd,7036667,mozilla-central/06c7b4e2d14be1ee8050d6c1eb1ab1bab19ac3c2/all:gtest.json.zstd,3296343,mozilla-central/06c7b4e2d14be1ee8050d6c1eb1ab1bab19ac3c2/all:cppunittest.json.zstd,2611239,mozilla-central/06c7b4e2d14be1ee8050d6c1eb1ab1bab19ac3c2/all:xpcshell.json.zstd,4288815,0.06503119503549339,1
51773d1ab7b50883b4c8ca2322bd646f122ece3e,2021-12-14 11:46:07.157000+00:00,2021-12,mozilla-central/51773d1ab7b50883b4c8ca2322bd646f122ece3e/all:all.json.zstd,7047344,mozilla-central/51773d1ab7b50883b4c8ca2322bd646f122ece3e/all:gtest.json.zstd,3295734,mozilla-central/51773d1ab7b50883b4c8ca2322bd646f122ece3e/all:cppunittest.json.zstd,2611407,mozilla-central/51773d1ab7b50883b4c8ca2322bd646f122ece3e/all:xpcshell.json.zstd,4304937,0.07069656366586219,2
4243f988e94aa79dbdaa230ce86681b0a70eeebb,2021-12-14 16:00:41.571000+00:00,2021-12,mozilla-central/4243f988e94aa79dbdaa230ce86681b0a70eeebb/all:all.json.zstd,7046179,mozilla-central/4243f988e94aa79dbdaa230ce86681b0a70eeebb/all:gtest.json.zstd,3297494,mozilla-central/4243f988e94aa79dbdaa230ce86681b0a70eeebb/all:cppunittest.json.zstd,2611628,mozilla-central/4243f988e94aa79dbdaa230ce86681b0a70eeebb/all:xpcshell.json.zstd,4307016,0.08584439735649464,3
b3695b7e81433b4c4951addc7d2ef3b6a52d67db,2021-12-15 13:19:23.635000+00:00,2021-12,mozilla-central/b3695b7e81433b4c4951addc7d2ef3b6a52d67db/all:all.json.zstd,7039681,mozilla-central/b3695b7e81433b4c4951addc7d2ef3b6a52d67db/all:gtest.json.zstd,3298849,mozilla-central/b3695b7e81433b4c4951addc7d2ef3b6a52d67db/all:cppunittest.json.zstd,2612286,mozilla-central/b3695b7e81433b4c4951addc7d2ef3b6a52d67db/all:xpcshell.json.zstd,4288496,0.08609316163254642,4
130729937076d4433eaad9a214f7fa2846285edd,2021-12-15 14:10:02.221000+00:00,2021-12,mozilla-central/130729937076d4433eaad9a214f7fa2846285edd/all:all.json.zstd,7040390,mozilla-central/130729937076d4433eaad9a214f7fa2846285edd/all:gtest.json.zstd,3298530,mozilla-central/130729937076d4433eaad9a214f7fa2846285edd/all:cppunittest.json.zstd,2612180,mozilla-central/130729937076d4433eaad9a214f7fa2846285edd/all:xpcshell.json.zstd,4288395,0.08653609795949205,5
60998033086a179f73edd702599f93ab75ff443e,2022-01-15 17:46:21.936000+00:00,2022-01,mozilla-central/60998033086a179f73edd702599f93ab75ff443e/all:all.json.zstd,7074052,mozilla-central/60998033086a179f73edd702599f93ab75ff443e/all:gtest.json.zstd,3316105,mozilla-central/60998033086a179f73edd702599f93ab75ff443e/all:cppunittest.json.zstd,2628096,mozilla-central/60998033086a179f73edd702599f93ab75ff443e/all:xpcshell.json.zstd,4327633,0.09209167742967674,1
edb0e22675ac4357aeba4a3daaff4061b3e669d0,2022-01-12 19:16:38.112000+00:00,2022-01,mozilla-central/edb0e22675ac4357aeba4a3daaff4061b3e669d0/all:all.json.zstd,7072627,mozilla-central/edb0e22675ac4357aeba4a3daaff4061b3e669d0/all:gtest.json.zstd,3311013,mozilla-central/edb0e22675ac4357aeba4a3daaff4061b3e669d0/all:cppunittest.json.zstd,2623239,mozilla-central/edb0e22675ac4357aeba4a3daaff4061b3e669d0/all:xpcshell.json.zstd,4328409,0.09531433907300177,2
d163f7c81ef38ebf3d1edaff9e961c925472225f,2022-01-13 00:49:50.007000+00:00,2022-01,mozilla-central/d163f7c81ef38ebf3d1edaff9e961c925472225f/all:all.json.zstd,7076092,mozilla-central/d163f7c81ef38ebf3d1edaff9e961c925472225f/all:gtest.json.zstd,3311323,mozilla-central/d163f7c81ef38ebf3d1edaff9e961c925472225f/all:cppunittest.json.zstd,2623320,mozilla-central/d163f7c81ef38ebf3d1edaff9e961c925472225f/all:xpcshell.json.zstd,4327837,0.09909425094263587,3
99d93c593aadb15810aba078194b97c5be328827,2022-01-14 18:23:35.452000+00:00,2022-01,mozilla-central/99d93c593aadb15810aba078194b97c5be328827/all:all.json.zstd,7071607,mozilla-central/99d93c593aadb15810aba078194b97c5be328827/all:gtest.json.zstd,3316200,mozilla-central/99d93c593aadb15810aba078194b97c5be328827/all:cppunittest.json.zstd,2627551,mozilla-central/99d93c593aadb15810aba078194b97c5be328827/all:xpcshell.json.zstd,4329512,0.10014649121322214,4
d2b119ce8d41bc2fd4513b72985ecb1c305ccf5b,2022-01-11 14:41:33.128000+00:00,2022-01,mozilla-central/d2b119ce8d41bc2fd4513b72985ecb1c305ccf5b/all:all.json.zstd,7069890,mozilla-central/d2b119ce8d41bc2fd4513b72985ecb1c305ccf5b/all:gtest.json.zstd,3311027,mozilla-central/d2b119ce8d41bc2fd4513b72985ecb1c305ccf5b/all:cppunittest.json.zstd,2623278,mozilla-central/d2b119ce8d41bc2fd4513b72985ecb1c305ccf5b/all:xpcshell.json.zstd,4326981,0.10458161073997956,5
d0676cb0864b870062fed21bc900d6fbb3cf5670,2022-02-17 06:04:18.551000+00:00,2022-02,mozilla-central/d0676cb0864b870062fed21bc900d6fbb3cf5670/all:all.json.zstd,7025037,mozilla-central/d0676cb0864b870062fed21bc900d6fbb3cf5670/all:gtest.json.zstd,3317752,mozilla-central/d0676cb0864b870062fed21bc900d6fbb3cf5670/all:cppunittest.json.zstd,2626212,mozilla-central/d0676cb0864b870062fed21bc900d6fbb3cf5670/all:xpcshell.json.zstd,4326892,0.053159940502151136,1
34ae3dfcb1badd42bb2975bd8b88ca56b221e233,2022-02-14 16:28:08.729000+00:00,2022-02,mozilla-central/34ae3dfcb1badd42bb2975bd8b88ca56b221e233/all:all.json.zstd,7024453,mozilla-central/34ae3dfcb1badd42bb2975bd8b88ca56b221e233/all:gtest.json.zstd,3322232,mozilla-central/34ae3dfcb1badd42bb2975bd8b88ca56b221e233/all:cppunittest.json.zstd,2629508,mozilla-central/34ae3dfcb1badd42bb2975bd8b88ca56b221e233/all:xpcshell.json.zstd,4325596,0.057902775003498316,2
ae64871885570edcdd3057d5ae758197b1dd5db4,2022-02-16 16:58:34.822000+00:00,2022-02,mozilla-central/ae64871885570edcdd3057d5ae758197b1dd5db4/all:all.json.zstd,7027558,mozilla-central/ae64871885570edcdd3057d5ae758197b1dd5db4/all:gtest.json.zstd,3317745,mozilla-central/ae64871885570edcdd3057d5ae758197b1dd5db4/all:cppunittest.json.zstd,2625367,mozilla-central/ae64871885570edcdd3057d5ae758197b1dd5db4/all:xpcshell.json.zstd,4328352,0.06264865062547957,3
2b335bf2de3a0b524439694690f3549dcb0a4b74,2022-02-17 17:55:03.387000+00:00,2022-02,mozilla-central/2b335bf2de3a0b524439694690f3549dcb0a4b74/all:all.json.zstd,7023366,mozilla-central/2b335bf2de3a0b524439694690f3549dcb0a4b74/all:gtest.json.zstd,3318290,mozilla-central/2b335bf2de3a0b524439694690f3549dcb0a4b74/all:cppunittest.json.zstd,2626038,mozilla-central/2b335bf2de3a0b524439694690f3549dcb0a4b74/all:xpcshell.json.zstd,4326946,0.0630064200522445,4
1f245c0744d051d4382f2ee21dc6acadf04152d7,2022-02-17 01:56:59.317000+00:00,2022-02,mozilla-central/1f245c0744d051d4382f2ee21dc6acadf04152d7/all:all.json.zstd,7021942,mozilla-central/1f245c0744d051d4382f2ee21dc6acadf04152d7/all:gtest.json.zstd,3319086,mozilla-central/1f245c0744d051d4382f2ee21dc6acadf04152d7/all:cppunittest.json.zstd,2625444,mozilla-central/1f245c0744d051d4382f2ee21dc6acadf04152d7/all:xpcshell.json.zstd,4329119,0.06759806978809532,5
7e01ab125e4caeeeb7bdb0a58471f502063b1e19,2022-03-14 14:51:31.788000+00:00,2022-03,mozilla-central/7e01ab125e4caeeeb7bdb0a58471f502063b1e19/all:all.json.zstd,7078183,mozilla-central/7e01ab125e4caeeeb7bdb0a58471f502063b1e19/all:gtest.json.zstd,3323251,mozilla-central/7e01ab125e4caeeeb7bdb0a58471f502063b1e19/all:cppunittest.json.zstd,2625951,mozilla-central/7e01ab125e4caeeeb7bdb0a58471f502063b1e19/all:xpcshell.json.zstd,4347178,0.04449778631301514,1
b3eceffcdc4e8157e30ee028db2f849d9c09ddb5,2022-03-14 23:56:33.510000+00:00,2022-03,mozilla-central/b3eceffcdc4e8157e30ee028db2f849d9c09ddb5/all:all.json.zstd,7083297,mozilla-central/b3eceffcdc4e8157e30ee028db2f849d9c09ddb5/all:gtest.json.zstd,3323310,mozilla-central/b3eceffcdc4e8157e30ee028db2f849d9c09ddb5/all:cppunittest.json.zstd,2625441,mozilla-central/b3eceffcdc4e8157e30ee028db2f849d9c09ddb5/all:xpcshell.json.zstd,4348587,0.0543244643003002,2
f82c4fff86642fb89c830e03a5375aef17017272,2022-03-14 04:26:04.366000+00:00,2022-03,mozilla-central/f82c4fff86642fb89c830e03a5375aef17017272/all:all.json.zstd,7078369,mozilla-central/f82c4fff86642fb89c830e03a5375aef17017272/all:gtest.json.zstd,3323113,mozilla-central/f82c4fff86642fb89c830e03a5375aef17017272/all:cppunittest.json.zstd,2626249,mozilla-central/f82c4fff86642fb89c830e03a5375aef17017272/all:xpcshell.json.zstd,4348366,0.06061410513263932,3
adbf8f2ecf80566e240adef714ea0f09eda4b3bf,2022-03-15 12:48:56.264000+00:00,2022-03,mozilla-central/adbf8f2ecf80566e240adef714ea0f09eda4b3bf/all:all.json.zstd,7076847,mozilla-central/adbf8f2ecf80566e240adef714ea0f09eda4b3bf/all:gtest.json.zstd,3325644,mozilla-central/adbf8f2ecf80566e240adef714ea0f09eda4b3bf/all:cppunittest.json.zstd,2627126,mozilla-central/adbf8f2ecf80566e240adef714ea0f09eda4b3bf/all:xpcshell.json.zstd,4341030,0.07181667982159627,4
571fba417e226cd82d1deed500a2eedbdc8e06fc,2022-03-16 04:29:46.130000+00:00,2022-03,mozilla-central/571fba417e226cd82d1deed500a2eedbdc8e06fc/all:all.json.zstd,7080393,mozilla-central/571fba417e226cd82d1deed500a2eedbdc8e06fc/all:gtest.json.zstd,3323891,mozilla-central/571fba417e226cd82d1deed500a2eedbdc8e06fc/all:cppunittest.json.zstd,2627174,mozilla-central/571fba417e226cd82d1deed500a2eedbdc8e06fc/all:xpcshell.json.zstd,4349990,0.07296727723964407,5
ba973417adb8c738b0ab57328fd28133c77bcf5b,2022-04-20 03:54:19.209000+00:00,2022-04,mozilla-central/ba973417adb8c738b0ab57328fd28133c77bcf5b/all:all.json.zstd,7104503,mozilla-central/ba973417adb8c738b0ab57328fd28133c77bcf5b/all:gtest.json.zstd,3334861,mozilla-central/ba973417adb8c738b0ab57328fd28133c77bcf5b/all:cppunittest.json.zstd,2474723,mozilla-central/ba973417adb8c738b0ab57328fd28133c77bcf5b/all:xpcshell.json.zstd,4329803,0.5294345030302071,1
2eee7cf49fe90ea3a9c65a4d525d5c8d7b484134,2022-04-19 08:43:47.850000+00:00,2022-04,mozilla-central/2eee7cf49fe90ea3a9c65a4d525d5c8d7b484134/all:all.json.zstd,7105833,mozilla-central/2eee7cf49fe90ea3a9c65a4d525d5c8d7b484134/all:gtest.json.zstd,3291700,mozilla-central/2eee7cf49fe90ea3a9c65a4d525d5c8d7b484134/all:cppunittest.json.zstd,2474003,mozilla-central/2eee7cf49fe90ea3a9c65a4d525d5c8d7b484134/all:xpcshell.json.zstd,4367287,0.535692928962465,2
017b16354ae6c213e97f265f18c7227caa68fa2a,2022-04-17 18:20:34.806000+00:00,2022-04,mozilla-central/017b16354ae6c213e97f265f18c7227caa68fa2a/all:all.json.zstd,7103417,mozilla-central/017b16354ae6c213e97f265f18c7227caa68fa2a/all:gtest.json.zstd,3331565,mozilla-central/017b16354ae6c213e97f265f18c7227caa68fa2a/all:cppunittest.json.zstd,2472655,mozilla-central/017b16354ae6c213e97f265f18c7227caa68fa2a/all:xpcshell.json.zstd,4348017,0.5526772781945939,3
93ecd130a2410ff0e71319bbd57aa4b67efce43c,2022-04-23 04:27:53.965000+00:00,2022-04,mozilla-central/93ecd130a2410ff0e71319bbd57aa4b67efce43c/all:all.json.zstd,7071065,mozilla-central/93ecd130a2410ff0e71319bbd57aa4b67efce43c/all:gtest.json.zstd,3274966,mozilla-central/93ecd130a2410ff0e71319bbd57aa4b67efce43c/all:cppunittest.json.zstd,2476481,mozilla-central/93ecd130a2410ff0e71319bbd57aa4b67efce43c/all:xpcshell.json.zstd,4357658,0.562506310941547,4
a1be0e0a7515604ac0a9bf5d08ac8cdb798867bc,2022-04-19 04:23:44.309000+00:00,2022-04,mozilla-central/a1be0e0a7515604ac0a9bf5d08ac8cdb798867bc/all:all.json.zstd,7110057,mozilla-central/a1be0e0a7515604ac0a9bf5d08ac8cdb798867bc/all:gtest.json.zstd,3333372,mozilla-central/a1be0e0a7515604ac0a9bf5d08ac8cdb798867bc/all:cppunittest.json.zstd,2472583,mozilla-central/a1be0e0a7515604ac0a9bf5d08ac8cdb798867bc/all:xpcshell.json.zstd,4358726,0.6601358703504838,5
a47e970555ccc1ecc6c7d8057ce171544080ca4b,2022-05-13 22:05:03.601000+00:00,2022-05,mozilla-central/a47e970555ccc1ecc6c7d8057ce171544080ca4b/all:all.json.zstd,7128759,mozilla-central/a47e970555ccc1ecc6c7d8057ce171544080ca4b/all:gtest.json.zstd,3345577,mozilla-central/a47e970555ccc1ecc6c7d8057ce171544080ca4b/all:cppunittest.json.zstd,2481061,mozilla-central/a47e970555ccc1ecc6c7d8057ce171544080ca4b/all:xpcshell.json.zstd,4365922,0.048784334708729865,1
338c1afa163526b8aab61dcddcb44db70130e2af,2022-05-15 17:24:32.317000+00:00,2022-05,mozilla-central/338c1afa163526b8aab61dcddcb44db70130e2af/all:all.json.zstd,7128854,mozilla-central/338c1afa163526b8aab61dcddcb44db70130e2af/all:gtest.json.zstd,3343489,mozilla-central/338c1afa163526b8aab61dcddcb44db70130e2af/all:cppunittest.json.zstd,2479795,mozilla-central/338c1afa163526b8aab61dcddcb44db70130e2af/all:xpcshell.json.zstd,4362065,0.0502091250956304,2
fb6a807eb4ab550f942a672447d560eec950f526,2022-05-17 03:22:42.855000+00:00,2022-05,mozilla-central/fb6a807eb4ab550f942a672447d560eec950f526/all:all.json.zstd,7130439,mozilla-central/fb6a807eb4ab550f942a672447d560eec950f526/all:gtest.json.zstd,3344052,mozilla-central/fb6a807eb4ab550f942a672447d560eec950f526/all:cppunittest.json.zstd,2479898,mozilla-central/fb6a807eb4ab550f942a672447d560eec950f526/all:xpcshell.json.zstd,4361139,0.07411889043504108,3
ea0218366043ead6ef026bff1bb18d1f7c754f3b,2022-05-16 06:45:02.692000+00:00,2022-05,mozilla-central/ea0218366043ead6ef026bff1bb18d1f7c754f3b/all:all.json.zstd,7131415,mozilla-central/ea0218366043ead6ef026bff1bb18d1f7c754f3b/all:gtest.json.zstd,3343090,mozilla-central/ea0218366043ead6ef026bff1bb18d1f7c754f3b/all:cppunittest.json.zstd,2479744,mozilla-central/ea0218366043ead6ef026bff1bb18d1f7c754f3b/all:xpcshell.json.zstd,4358185,0.07473952756425635,4
28b2e89581853eb7ff35fdd1ebeafefbc077293f,2022-05-14 10:42:31.431000+00:00,2022-05,mozilla-central/28b2e89581853eb7ff35fdd1ebeafefbc077293f/all:all.json.zstd,7125783,mozilla-central/28b2e89581853eb7ff35fdd1ebeafefbc077293f/all:gtest.json.zstd,3342689,mozilla-central/28b2e89581853eb7ff35fdd1ebeafefbc077293f/all:cppunittest.json.zstd,2479810,mozilla-central/28b2e89581853eb7ff35fdd1ebeafefbc077293f/all:xpcshell.json.zstd,4362832,0.07654389036086931,5
466d30a90a012ce9d5a620c6d61b9176be8d8641,2022-06-15 10:51:44.419000+00:00,2022-06,mozilla-central/466d30a90a012ce9d5a620c6d61b9176be8d8641/all:all.json.zstd,7153806,mozilla-central/466d30a90a012ce9d5a620c6d61b9176be8d8641/all:gtest.json.zstd,3351296,mozilla-central/466d30a90a012ce9d5a620c6d61b9176be8d8641/all:cppunittest.json.zstd,2484689,mozilla-central/466d30a90a012ce9d5a620c6d61b9176be8d8641/all:xpcshell.json.zstd,4378672,0.06930781289533798,1
ac931cd7399bfdc23b6c427a10e050b3dc074a0e,2022-06-14 15:41:25.043000+00:00,2022-06,mozilla-central/ac931cd7399bfdc23b6c427a10e050b3dc074a0e/all:all.json.zstd,7149927,mozilla-central/ac931cd7399bfdc23b6c427a10e050b3dc074a0e/all:gtest.json.zstd,3352008,mozilla-central/ac931cd7399bfdc23b6c427a10e050b3dc074a0e/all:cppunittest.json.zstd,2484116,mozilla-central/ac931cd7399bfdc23b6c427a10e050b3dc074a0e/all:xpcshell.json.zstd,4378731,0.07249856226293164,2
10118ca7b8166158d5e002cbe715b762b0e7d8f8,2022-06-13 19:30:07.142000+00:00,2022-06,mozilla-central/10118ca7b8166158d5e002cbe715b762b0e7d8f8/all:all.json.zstd,7148097,mozilla-central/10118ca7b8166158d5e002cbe715b762b0e7d8f8/all:gtest.json.zstd,3352034,mozilla-central/10118ca7b8166158d5e002cbe715b762b0e7d8f8/all:cppunittest.json.zstd,2483988,mozilla-central/10118ca7b8166158d5e002cbe715b762b0e7d8f8/all:xpcshell.json.zstd,4374649,0.0729246311399679,3
d9e1e47477dee53ae4c87ef81c7b1ce2510697fa,2022-06-14 13:31:38.460000+00:00,2022-06,mozilla-central/d9e1e47477dee53ae4c87ef81c7b1ce2510697fa/all:all.json.zstd,7148813,mozilla-central/d9e1e47477dee53ae4c87ef81c7b1ce2510697fa/all:gtest.json.zstd,3351906,mozilla-central/d9e1e47477dee53ae4c87ef81c7b1ce2510697fa/all:cppunittest.json.zstd,2484407,mozilla-central/d9e1e47477dee53ae4c87ef81c7b1ce2510697fa/all:xpcshell.json.zstd,4380323,0.07864320229409075,4
58f5a58732675dd4d3dddda6d39fde6f5b425ca2,2022-06-14 23:26:57.125000+00:00,2022-06,mozilla-central/58f5a58732675dd4d3dddda6d39fde6f5b425ca2/all:all.json.zstd,7149587,mozilla-central/58f5a58732675dd4d3dddda6d39fde6f5b425ca2/all:gtest.json.zstd,3351596,mozilla-central/58f5a58732675dd4d3dddda6d39fde6f5b425ca2/all:cppunittest.json.zstd,2484127,mozilla-central/58f5a58732675dd4d3dddda6d39fde6f5b425ca2/all:xpcshell.json.zstd,4382482,0.07966026321897433,5
e5753b90aac1335437c0779c6c6f28566d63502e,2022-07-15 10:46:13.883000+00:00,2022-07,mozilla-central/e5753b90aac1335437c0779c6c6f28566d63502e/all:all.json.zstd,7166872,mozilla-central/e5753b90aac1335437c0779c6c6f28566d63502e/all:gtest.json.zstd,3365279,mozilla-central/e5753b90aac1335437c0779c6c6f28566d63502e/all:cppunittest.json.zstd,2495389,mozilla-central/e5753b90aac1335437c0779c6c6f28566d63502e/all:xpcshell.json.zstd,4375020,0.05804587796799092,1
1d817cc2fbb0716af95e785f3d826392a4a40751,2022-07-14 10:18:20.625000+00:00,2022-07,mozilla-central/1d817cc2fbb0716af95e785f3d826392a4a40751/all:all.json.zstd,7163817,mozilla-central/1d817cc2fbb0716af95e785f3d826392a4a40751/all:gtest.json.zstd,3364328,mozilla-central/1d817cc2fbb0716af95e785f3d826392a4a40751/all:cppunittest.json.zstd,2494149,mozilla-central/1d817cc2fbb0716af95e785f3d826392a4a40751/all:xpcshell.json.zstd,4380819,0.058686852794149126,2
c682cdddfbf135649d809fe701febf001b32e747,2022-07-16 15:02:06.382000+00:00,2022-07,mozilla-central/c682cdddfbf135649d809fe701febf001b32e747/all:all.json.zstd,7170545,mozilla-central/c682cdddfbf135649d809fe701febf001b32e747/all:gtest.json.zstd,3366348,mozilla-central/c682cdddfbf135649d809fe701febf001b32e747/all:cppunittest.json.zstd,2495024,mozilla-central/c682cdddfbf135649d809fe701febf001b32e747/all:xpcshell.json.zstd,4389118,0.06703440807959257,3
0ac3dabcf588387aba58cdf2ff7400d05aa8ccd0,2022-07-17 14:35:53.856000+00:00,2022-07,mozilla-central/0ac3dabcf588387aba58cdf2ff7400d05aa8ccd0/all:all.json.zstd,7172571,mozilla-central/0ac3dabcf588387aba58cdf2ff7400d05aa8ccd0/all:gtest.json.zstd,3365529,mozilla-central/0ac3dabcf588387aba58cdf2ff7400d05aa8ccd0/all:cppunittest.json.zstd,2495252,mozilla-central/0ac3dabcf588387aba58cdf2ff7400d05aa8ccd0/all:xpcshell.json.zstd,4387123,0.07706269465948565,4
720d5125a9b4aa6750806ed9b51fbd0811da10c4,2022-07-16 00:16:48.708000+00:00,2022-07,mozilla-central/720d5125a9b4aa6750806ed9b51fbd0811da10c4/all:all.json.zstd,7171200,mozilla-central/720d5125a9b4aa6750806ed9b51fbd0811da10c4/all:gtest.json.zstd,3364575,mozilla-central/720d5125a9b4aa6750806ed9b51fbd0811da10c4/all:cppunittest.json.zstd,2494268,mozilla-central/720d5125a9b4aa6750806ed9b51fbd0811da10c4/all:xpcshell.json.zstd,4377678,0.08003218472628348,5
dd1d7c05b99468938df303f771b87af8f56be301,2022-08-15 17:31:08.320000+00:00,2022-08,mozilla-central/dd1d7c05b99468938df303f771b87af8f56be301/all:all.json.zstd,6933769,mozilla-central/dd1d7c05b99468938df303f771b87af8f56be301/all:gtest.json.zstd,3184844,mozilla-central/dd1d7c05b99468938df303f771b87af8f56be301/all:cppunittest.json.zstd,2335877,mozilla-central/dd1d7c05b99468938df303f771b87af8f56be301/all:xpcshell.json.zstd,4173442,0.17994898491657402,1
6e2c5eb109ce4be2f872aa5bcb66feb7a4b0b508,2022-08-19 03:04:23.038000+00:00,2022-08,mozilla-central/6e2c5eb109ce4be2f872aa5bcb66feb7a4b0b508/all:all.json.zstd,6940353,mozilla-central/6e2c5eb109ce4be2f872aa5bcb66feb7a4b0b508/all:gtest.json.zstd,3188934,mozilla-central/6e2c5eb109ce4be2f872aa5bcb66feb7a4b0b508/all:cppunittest.json.zstd,2337722,mozilla-central/6e2c5eb109ce4be2f872aa5bcb66feb7a4b0b508/all:xpcshell.json.zstd,4174958,0.18020645630625157,2
6502583dede75c65b3fdc922388b1560ac422909,2022-08-19 06:29:31.864000+00:00,2022-08,mozilla-central/6502583dede75c65b3fdc922388b1560ac422909/all:all.json.zstd,6939250,mozilla-central/6502583dede75c65b3fdc922388b1560ac422909/all:gtest.json.zstd,3188591,mozilla-central/6502583dede75c65b3fdc922388b1560ac422909/all:cppunittest.json.zstd,2338050,mozilla-central/6502583dede75c65b3fdc922388b1560ac422909/all:xpcshell.json.zstd,4174668,0.1869691216663831,3
95412593f3f1a381b55ce360fdef6c59debec24c,2022-08-23 09:05:52.648000+00:00,2022-08,mozilla-central/95412593f3f1a381b55ce360fdef6c59debec24c/all:all.json.zstd,6943718,mozilla-central/95412593f3f1a381b55ce360fdef6c59debec24c/all:gtest.json.zstd,3188622,mozilla-central/95412593f3f1a381b55ce360fdef6c59debec24c/all:cppunittest.json.zstd,2337783,mozilla-central/95412593f3f1a381b55ce360fdef6c59debec24c/all:xpcshell.json.zstd,4185867,0.2047765785209321,4
1c3c5be93f5897f3265ec5eeef08c09cb09fb774,2022-08-16 06:38:27.653000+00:00,2022-08,mozilla-central/1c3c5be93f5897f3265ec5eeef08c09cb09fb774/all:all.json.zstd,6937674,mozilla-central/1c3c5be93f5897f3265ec5eeef08c09cb09fb774/all:gtest.json.zstd,3185974,mozilla-central/1c3c5be93f5897f3265ec5eeef08c09cb09fb774/all:cppunittest.json.zstd,2335966,mozilla-central/1c3c5be93f5897f3265ec5eeef08c09cb09fb774/all:xpcshell.json.zstd,4165345,0.21060680234665488,5
e2ce8d3d4a4b01bf3ec52fb795c5f8c392c1476b,2022-09-14 21:50:19.863000+00:00,2022-09,mozilla-central/e2ce8d3d4a4b01bf3ec52fb795c5f8c392c1476b/all:all.json.zstd,6940690,mozilla-central/e2ce8d3d4a4b01bf3ec52fb795c5f8c392c1476b/all:gtest.json.zstd,3207087,mozilla-central/e2ce8d3d4a4b01bf3ec52fb795c5f8c392c1476b/all:cppunittest.json.zstd,2348771,mozilla-central/e2ce8d3d4a4b01bf3ec52fb795c5f8c392c1476b/all:xpcshell.json.zstd,4190530,0.037890011579299054,1
b66bbbcc4467d09a1ef10302ee1a085a675966a8,2022-09-13 05:37:45.181000+00:00,2022-09,mozilla-central/b66bbbcc4467d09a1ef10302ee1a085a675966a8/all:all.json.zstd,6946302,mozilla-central/b66bbbcc4467d09a1ef10302ee1a085a675966a8/all:gtest.json.zstd,3205791,mozilla-central/b66bbbcc4467d09a1ef10302ee1a085a675966a8/all:cppunittest.json.zstd,2348579,mozilla-central/b66bbbcc4467d09a1ef10302ee1a085a675966a8/all:xpcshell.json.zstd,4191098,0.06261144212019398,2
b7a5205832b471367bad42b69cdf69a4da1eb15c,2022-09-16 09:54:14.204000+00:00,2022-09,mozilla-central/b7a5205832b471367bad42b69cdf69a4da1eb15c/all:all.json.zstd,6939795,mozilla-central/b7a5205832b471367bad42b69cdf69a4da1eb15c/all:gtest.json.zstd,3207781,mozilla-central/b7a5205832b471367bad42b69cdf69a4da1eb15c/all:cppunittest.json.zstd,2349887,mozilla-central/b7a5205832b471367bad42b69cdf69a4da1eb15c/all:xpcshell.json.zstd,4186314,0.0729041733879324,3
18fabd590b3ca65321f36c84475f10d33fa5de9e,2022-09-15 23:50:56.076000+00:00,2022-09,mozilla-central/18fabd590b3ca65321f36c84475f10d33fa5de9e/all:all.json.zstd,6950006,mozilla-central/18fabd590b3ca65321f36c84475f10d33fa5de9e/all:gtest.json.zstd,3208012,mozilla-central/18fabd590b3ca65321f36c84475f10d33fa5de9e/all:cppunittest.json.zstd,2349872,mozilla-central/18fabd590b3ca65321f36c84475f10d33fa5de9e/all:xpcshell.json.zstd,4201101,0.07917777209873791,4
a3b25b7bf19249110a73898a225d64c639937609,2022-09-15 04:01:53.708000+00:00,2022-09,mozilla-central/a3b25b7bf19249110a73898a225d64c639937609/all:all.json.zstd,6943378,mozilla-central/a3b25b7bf19249110a73898a225d64c639937609/all:gtest.json.zstd,3208071,mozilla-central/a3b25b7bf19249110a73898a225d64c639937609/all:cppunittest.json.zstd,2349708,mozilla-central/a3b25b7bf19249110a73898a225d64c639937609/all:xpcshell.json.zstd,4178917,0.08662265024471236,5
5cbd3d92a78c54b324b6009a25d196adaa8a669b,2022-10-11 16:28:41.521000+00:00,2022-10,mozilla-central/5cbd3d92a78c54b324b6009a25d196adaa8a669b/all:all.json.zstd,6957078,mozilla-central/5cbd3d92a78c54b324b6009a25d196adaa8a669b/all:gtest.json.zstd,3212945,mozilla-central/5cbd3d92a78c54b324b6009a25d196adaa8a669b/all:cppunittest.json.zstd,2351896,mozilla-central/5cbd3d92a78c54b324b6009a25d196adaa8a669b/all:xpcshell.json.zstd,4188402,0.10952687422032946,1
cafaf813b0a938a197a488e629883770b2d33393,2022-10-12 21:05:34.462000+00:00,2022-10,mozilla-central/cafaf813b0a938a197a488e629883770b2d33393/all:all.json.zstd,6958325,mozilla-central/cafaf813b0a938a197a488e629883770b2d33393/all:gtest.json.zstd,3212203,mozilla-central/cafaf813b0a938a197a488e629883770b2d33393/all:cppunittest.json.zstd,2352006,mozilla-central/cafaf813b0a938a197a488e629883770b2d33393/all:xpcshell.json.zstd,4204574,0.1169447900476152,2
dd4af60f439b78ba25e7e76e619a1f9cfa03d504,2022-10-19 10:54:15.991000+00:00,2022-10,mozilla-central/dd4af60f439b78ba25e7e76e619a1f9cfa03d504/all:all.json.zstd,6966238,mozilla-central/dd4af60f439b78ba25e7e76e619a1f9cfa03d504/all:gtest.json.zstd,3214580,mozilla-central/dd4af60f439b78ba25e7e76e619a1f9cfa03d504/all:cppunittest.json.zstd,2353219,mozilla-central/dd4af60f439b78ba25e7e76e619a1f9cfa03d504/all:xpcshell.json.zstd,4193096,0.11707450138092876,3
9142cc0a7a33673956230464363b370193f693ba,2022-10-15 12:14:20.611000+00:00,2022-10,mozilla-central/9142cc0a7a33673956230464363b370193f693ba/all:all.json.zstd,6981298,mozilla-central/9142cc0a7a33673956230464363b370193f693ba/all:gtest.json.zstd,3213981,mozilla-central/9142cc0a7a33673956230464363b370193f693ba/all:cppunittest.json.zstd,2352977,mozilla-central/9142cc0a7a33673956230464363b370193f693ba/all:xpcshell.json.zstd,4202878,0.12108990255775308,4
50a2d35fa2324ea846a385390b18e0ab5d211fcc,2022-10-17 12:59:42.116000+00:00,2022-10,mozilla-central/50a2d35fa2324ea846a385390b18e0ab5d211fcc/all:all.json.zstd,6966221,mozilla-central/50a2d35fa2324ea846a385390b18e0ab5d211fcc/all:gtest.json.zstd,3214263,mozilla-central/50a2d35fa2324ea846a385390b18e0ab5d211fcc/all:cppunittest.json.zstd,2353135,mozilla-central/50a2d35fa2324ea846a385390b18e0ab5d211fcc/all:xpcshell.json.zstd,4202903,0.12169728868613514,5
1adc82d1eb960a8a6aac68b9abceaac3fd491abb,2022-11-15 14:27:54.901000+00:00,2022-11,mozilla-central/1adc82d1eb960a8a6aac68b9abceaac3fd491abb/all:all.json.zstd,6955761,mozilla-central/1adc82d1eb960a8a6aac68b9abceaac3fd491abb/all:gtest.json.zstd,3212817,mozilla-central/1adc82d1eb960a8a6aac68b9abceaac3fd491abb/all:cppunittest.json.zstd,2350571,mozilla-central/1adc82d1eb960a8a6aac68b9abceaac3fd491abb/all:xpcshell.json.zstd,4189704,0.03600545947970417,1
42cc8e97e461cb5056172c6ae13c4c025fbbfb79,2022-11-16 05:03:12.038000+00:00,2022-11,mozilla-central/42cc8e97e461cb5056172c6ae13c4c025fbbfb79/all:all.json.zstd,6957964,mozilla-central/42cc8e97e461cb5056172c6ae13c4c025fbbfb79/all:gtest.json.zstd,3213416,mozilla-central/42cc8e97e461cb5056172c6ae13c4c025fbbfb79/all:cppunittest.json.zstd,2350444,mozilla-central/42cc8e97e461cb5056172c6ae13c4c025fbbfb79/all:xpcshell.json.zstd,4185273,0.060344084828897734,2
20e2590324e26b5ebc2f86ade34286967e0a58a8,2022-11-14 18:07:28.638000+00:00,2022-11,mozilla-central/20e2590324e26b5ebc2f86ade34286967e0a58a8/all:all.json.zstd,6954997,mozilla-central/20e2590324e26b5ebc2f86ade34286967e0a58a8/all:gtest.json.zstd,3210196,mozilla-central/20e2590324e26b5ebc2f86ade34286967e0a58a8/all:cppunittest.json.zstd,2349151,mozilla-central/20e2590324e26b5ebc2f86ade34286967e0a58a8/all:xpcshell.json.zstd,4191972,0.06862886271225566,3
e41a026123699f325cc4931a405d41c69ac729c5,2022-11-15 17:24:27.736000+00:00,2022-11,mozilla-central/e41a026123699f325cc4931a405d41c69ac729c5/all:all.json.zstd,6963724,mozilla-central/e41a026123699f325cc4931a405d41c69ac729c5/all:gtest.json.zstd,3213218,mozilla-central/e41a026123699f325cc4931a405d41c69ac729c5/all:cppunittest.json.zstd,2350358,mozilla-central/e41a026123699f325cc4931a405d41c69ac729c5/all:xpcshell.json.zstd,4202453,0.0832347957597734,4
c6fc40e2f3b118dd3bee9ca6ef807b91813e4b68,2022-11-14 23:53:25.846000+00:00,2022-11,mozilla-central/c6fc40e2f3b118dd3bee9ca6ef807b91813e4b68/all:all.json.zstd,6954408,mozilla-central/c6fc40e2f3b118dd3bee9ca6ef807b91813e4b68/all:gtest.json.zstd,3209681,mozilla-central/c6fc40e2f3b118dd3bee9ca6ef807b91813e4b68/all:cppunittest.json.zstd,2348959,mozilla-central/c6fc40e2f3b118dd3bee9ca6ef807b91813e4b68/all:xpcshell.json.zstd,4194770,0.08370612822650314,5
4af9c56eb6d839421d69f2962c3819dbcdd7cf21,2022-12-09 23:55:39.561000+00:00,2022-12,mozilla-central/4af9c56eb6d839421d69f2962c3819dbcdd7cf21/all:all.json.zstd,6988506,mozilla-central/4af9c56eb6d839421d69f2962c3819dbcdd7cf21/all:gtest.json.zstd,3223159,mozilla-central/4af9c56eb6d839421d69f2962c3819dbcdd7cf21/all:cppunittest.json.zstd,2356086,mozilla-central/4af9c56eb6d839421d69f2962c3819dbcdd7cf21/all:xpcshell.json.zstd,4204564,0.12542443924076663,1
bc227c87c39cec2168e52fdeb1eca91481cc817f,2022-12-12 20:57:34.127000+00:00,2022-12,mozilla-central/bc227c87c39cec2168e52fdeb1eca91481cc817f/all:all.json.zstd,7011015,mozilla-central/bc227c87c39cec2168e52fdeb1eca91481cc817f/all:gtest.json.zstd,3224088,mozilla-central/bc227c87c39cec2168e52fdeb1eca91481cc817f/all:cppunittest.json.zstd,2356106,mozilla-central/bc227c87c39cec2168e52fdeb1eca91481cc817f/all:xpcshell.json.zstd,4205158,0.1291034324614745,2
fd97d4e91af62ff0f52dc6561d77161f3902b00c,2022-12-16 03:55:24.195000+00:00,2022-12,mozilla-central/fd97d4e91af62ff0f52dc6561d77161f3902b00c/all:all.json.zstd,7007581,mozilla-central/fd97d4e91af62ff0f52dc6561d77161f3902b00c/all:gtest.json.zstd,3226184,mozilla-central/fd97d4e91af62ff0f52dc6561d77161f3902b00c/all:cppunittest.json.zstd,2357444,mozilla-central/fd97d4e91af62ff0f52dc6561d77161f3902b00c/all:xpcshell.json.zstd,4197711,0.13156092331652416,3
6811f459c2c281807c73f6443bfbcee8d4b314ca,2022-12-12 03:47:34.031000+00:00,2022-12,mozilla-central/6811f459c2c281807c73f6443bfbcee8d4b314ca/all:all.json.zstd,7003447,mozilla-central/6811f459c2c281807c73f6443bfbcee8d4b314ca/all:gtest.json.zstd,3224203,mozilla-central/6811f459c2c281807c73f6443bfbcee8d4b314ca/all:cppunittest.json.zstd,2356024,mozilla-central/6811f459c2c281807c73f6443bfbcee8d4b314ca/all:xpcshell.json.zstd,4199872,0.14129693797248336,4
d4fa99ef8e6f9c5ea1699a456c139c2bc12b797e,2022-12-10 15:27:17.802000+00:00,2022-12,mozilla-central/d4fa99ef8e6f9c5ea1699a456c139c2bc12b797e/all:all.json.zstd,7004989,mozilla-central/d4fa99ef8e6f9c5ea1699a456c139c2bc12b797e/all:gtest.json.zstd,3223273,mozilla-central/d4fa99ef8e6f9c5ea1699a456c139c2bc12b797e/all:cppunittest.json.zstd,2356109,mozilla-central/d4fa99ef8e6f9c5ea1699a456c139c2bc12b797e/all:xpcshell.json.zstd,4203861,0.16204288999452365,5
963d01420434d6362dd68e79aa36aaf2219b33c7,2023-01-14 03:25:08.749000+00:00,2023-01,mozilla-central/963d01420434d6362dd68e79aa36aaf2219b33c7/all:all.json.zstd,7026586,mozilla-central/963d01420434d6362dd68e79aa36aaf2219b33c7/all:gtest.json.zstd,3240889,mozilla-central/963d01420434d6362dd68e79aa36aaf2219b33c7/all:cppunittest.json.zstd,2367119,mozilla-central/963d01420434d6362dd68e79aa36aaf2219b33c7/all:xpcshell.json.zstd,4220236,0.04512087714795689,1
36ca6ab936799a65a43aacb4ee1040ffd01af0df,2023-01-16 17:41:08.819000+00:00,2023-01,mozilla-central/36ca6ab936799a65a43aacb4ee1040ffd01af0df/all:all.json.zstd,7023684,mozilla-central/36ca6ab936799a65a43aacb4ee1040ffd01af0df/all:gtest.json.zstd,3239985,mozilla-central/36ca6ab936799a65a43aacb4ee1040ffd01af0df/all:cppunittest.json.zstd,2366577,mozilla-central/36ca6ab936799a65a43aacb4ee1040ffd01af0df/all:xpcshell.json.zstd,4216478,0.05862797967112743,2
66ee29ee7214718f733b24c74855c64bbf5b7450,2023-01-16 21:13:43.171000+00:00,2023-01,mozilla-central/66ee29ee7214718f733b24c74855c64bbf5b7450/all:all.json.zstd,7024193,mozilla-central/66ee29ee7214718f733b24c74855c64bbf5b7450/all:gtest.json.zstd,3240149,mozilla-central/66ee29ee7214718f733b24c74855c64bbf5b7450/all:cppunittest.json.zstd,2366397,mozilla-central/66ee29ee7214718f733b24c74855c64bbf5b7450/all:xpcshell.json.zstd,4213864,0.07202494784004909,3
ee5d2c307738b1d2cb8263432cff7b1ad300cca0,2023-01-12 22:24:42.659000+00:00,2023-01,mozilla-central/ee5d2c307738b1d2cb8263432cff7b1ad300cca0/all:all.json.zstd,7028368,mozilla-central/ee5d2c307738b1d2cb8263432cff7b1ad300cca0/all:gtest.json.zstd,3240541,mozilla-central/ee5d2c307738b1d2cb8263432cff7b1ad300cca0/all:cppunittest.json.zstd,2366569,mozilla-central/ee5d2c307738b1d2cb8263432cff7b1ad300cca0/all:xpcshell.json.zstd,4221360,0.07289589838827329,4
351f01ad9a4469b841cb66dab2fb4d1ec0fe7f0b,2023-01-15 17:16:20.880000+00:00,2023-01,mozilla-central/351f01ad9a4469b841cb66dab2fb4d1ec0fe7f0b/all:all.json.zstd,7025392,mozilla-central/351f01ad9a4469b841cb66dab2fb4d1ec0fe7f0b/all:gtest.json.zstd,3239639,mozilla-central/351f01ad9a4469b841cb66dab2fb4d1ec0fe7f0b/all:cppunittest.json.zstd,2366566,mozilla-central/351f01ad9a4469b841cb66dab2fb4d1ec0fe7f0b/all:xpcshell.json.zstd,4203565,0.09278280136564054,5
36b67e826e2dfa1eedbc9567f9bb3be61c431a7e,2023-02-14 19:08:47.213000+00:00,2023-02,mozilla-central/36b67e826e2dfa1eedbc9567f9bb3be61c431a7e/all:all.json.zstd,7049562,mozilla-central/36b67e826e2dfa1eedbc9567f9bb3be61c431a7e/all:gtest.json.zstd,3253507,mozilla-central/36b67e826e2dfa1eedbc9567f9bb3be61c431a7e/all:cppunittest.json.zstd,2377682,mozilla-central/36b67e826e2dfa1eedbc9567f9bb3be61c431a7e/all:xpcshell.json.zstd,4211689,0.04626454709718292,1
d07a18cd4ca2c7997da36774e06d7923f2e047ac,2023-02-16 16:17:35.425000+00:00,2023-02,mozilla-central/d07a18cd4ca2c7997da36774e06d7923f2e047ac/all:all.json.zstd,7055384,mozilla-central/d07a18cd4ca2c7997da36774e06d7923f2e047ac/all:gtest.json.zstd,3256111,mozilla-central/d07a18cd4ca2c7997da36774e06d7923f2e047ac/all:cppunittest.json.zstd,2378365,mozilla-central/d07a18cd4ca2c7997da36774e06d7923f2e047ac/all:xpcshell.json.zstd,4209551,0.04918585208009451,2
883fd80a1c9428c564ffed9e4ab72012fc156942,2023-02-16 19:31:21.080000+00:00,2023-02,mozilla-central/883fd80a1c9428c564ffed9e4ab72012fc156942/all:all.json.zstd,7061203,mozilla-central/883fd80a1c9428c564ffed9e4ab72012fc156942/all:gtest.json.zstd,3255037,mozilla-central/883fd80a1c9428c564ffed9e4ab72012fc156942/all:cppunittest.json.zstd,2378609,mozilla-central/883fd80a1c9428c564ffed9e4ab72012fc156942/all:xpcshell.json.zstd,4216403,0.09562305195799188,3
33b3a1ed83ab77fb1b0582a2f2849fa6b7a10a5f,2023-02-17 23:03:06.418000+00:00,2023-02,mozilla-central/33b3a1ed83ab77fb1b0582a2f2849fa6b7a10a5f/all:all.json.zstd,7049273,mozilla-central/33b3a1ed83ab77fb1b0582a2f2849fa6b7a10a5f/all:gtest.json.zstd,3255320,mozilla-central/33b3a1ed83ab77fb1b0582a2f2849fa6b7a10a5f/all:cppunittest.json.zstd,2378980,mozilla-central/33b3a1ed83ab77fb1b0582a2f2849fa6b7a10a5f/all:xpcshell.json.zstd,4220323,0.10217394265161096,4
d5853101eec55c9739aeaca22123b76ed331da3a,2023-02-17 17:34:45.950000+00:00,2023-02,mozilla-central/d5853101eec55c9739aeaca22123b76ed331da3a/all:all.json.zstd,7059833,mozilla-central/d5853101eec55c9739aeaca22123b76ed331da3a/all:gtest.json.zstd,3255922,mozilla-central/d5853101eec55c9739aeaca22123b76ed331da3a/all:cppunittest.json.zstd,2379141,mozilla-central/d5853101eec55c9739aeaca22123b76ed331da3a/all:xpcshell.json.zstd,4199452,0.12685078819057105,5
1b23793f3953df4f0340a6da671e4f97082f824a,2023-03-15 15:36:29.793000+00:00,2023-03,mozilla-central/1b23793f3953df4f0340a6da671e4f97082f824a/all:all.json.zstd,7077045,mozilla-central/1b23793f3953df4f0340a6da671e4f97082f824a/all:gtest.json.zstd,3257214,mozilla-central/1b23793f3953df4f0340a6da671e4f97082f824a/all:cppunittest.json.zstd,2379207,mozilla-central/1b23793f3953df4f0340a6da671e4f97082f824a/all:xpcshell.json.zstd,4254629,0.039863065588888,1
c47b3b28fb48c01c33585b46650249b182cabe00,2023-03-14 23:24:53.999000+00:00,2023-03,mozilla-central/c47b3b28fb48c01c33585b46650249b182cabe00/all:all.json.zstd,7077678,mozilla-central/c47b3b28fb48c01c33585b46650249b182cabe00/all:gtest.json.zstd,3256881,mozilla-central/c47b3b28fb48c01c33585b46650249b182cabe00/all:cppunittest.json.zstd,2378647,mozilla-central/c47b3b28fb48c01c33585b46650249b182cabe00/all:xpcshell.json.zstd,4251913,0.04311392568531591,2
af45dff5621ad96a2d9a05257fc5256ff248e3f6,2023-03-14 14:39:52.432000+00:00,2023-03,mozilla-central/af45dff5621ad96a2d9a05257fc5256ff248e3f6/all:all.json.zstd,7076845,mozilla-central/af45dff5621ad96a2d9a05257fc5256ff248e3f6/all:gtest.json.zstd,3257207,mozilla-central/af45dff5621ad96a2d9a05257fc5256ff248e3f6/all:cppunittest.json.zstd,2378881,mozilla-central/af45dff5621ad96a2d9a05257fc5256ff248e3f6/all:xpcshell.json.zstd,4253825,0.05307429115300415,3
c67b17937a5ee9abc151a17ca17f763166612860,2023-03-15 23:45:23.159000+00:00,2023-03,mozilla-central/c67b17937a5ee9abc151a17ca17f763166612860/all:all.json.zstd,7081784,mozilla-central/c67b17937a5ee9abc151a17ca17f763166612860/all:gtest.json.zstd,3257741,mozilla-central/c67b17937a5ee9abc151a17ca17f763166612860/all:cppunittest.json.zstd,2379028,mozilla-central/c67b17937a5ee9abc151a17ca17f763166612860/all:xpcshell.json.zstd,4254198,0.05793579185975306,4
7954e1671be3190ab36018a2c80848b07398e0c9,2023-03-16 14:48:38.917000+00:00,2023-03,mozilla-central/7954e1671be3190ab36018a2c80848b07398e0c9/all:all.json.zstd,7081047,mozilla-central/7954e1671be3190ab36018a2c80848b07398e0c9/all:gtest.json.zstd,3259064,mozilla-central/7954e1671be3190ab36018a2c80848b07398e0c9/all:cppunittest.json.zstd,2379413,mozilla-central/7954e1671be3190ab36018a2c80848b07398e0c9/all:xpcshell.json.zstd,4240702,0.11042609095256767,5
1e648bd9608aa1a18387d381a728b512237a1efe,2023-04-16 13:49:25.884000+00:00,2023-04,mozilla-central/1e648bd9608aa1a18387d381a728b512237a1efe/all:all.json.zstd,7105374,mozilla-central/1e648bd9608aa1a18387d381a728b512237a1efe/all:gtest.json.zstd,3264815,mozilla-central/1e648bd9608aa1a18387d381a728b512237a1efe/all:cppunittest.json.zstd,2385692,mozilla-central/1e648bd9608aa1a18387d381a728b512237a1efe/all:xpcshell.json.zstd,4263928,0.07089691862770699,1
c061ec6c908e819440f660b1cc305149d0732ff9,2023-04-16 00:43:37.479000+00:00,2023-04,mozilla-central/c061ec6c908e819440f660b1cc305149d0732ff9/all:all.json.zstd,7109618,mozilla-central/c061ec6c908e819440f660b1cc305149d0732ff9/all:gtest.json.zstd,3264487,mozilla-central/c061ec6c908e819440f660b1cc305149d0732ff9/all:cppunittest.json.zstd,2385530,mozilla-central/c061ec6c908e819440f660b1cc305149d0732ff9/all:xpcshell.json.zstd,4264261,0.07673927711134831,2
19cc7f9b40f7a8534e00f9abb411738836a9c9f9,2023-04-13 09:19:56.046000+00:00,2023-04,mozilla-central/19cc7f9b40f7a8534e00f9abb411738836a9c9f9/all:all.json.zstd,7102507,mozilla-central/19cc7f9b40f7a8534e00f9abb411738836a9c9f9/all:gtest.json.zstd,3264376,mozilla-central/19cc7f9b40f7a8534e00f9abb411738836a9c9f9/all:cppunittest.json.zstd,2385480,mozilla-central/19cc7f9b40f7a8534e00f9abb411738836a9c9f9/all:xpcshell.json.zstd,4259500,0.09970417628897127,3
a445f1762c895000bcdabd9d95697522359d41ed,2023-04-12 14:20:23.182000+00:00,2023-04,mozilla-central/a445f1762c895000bcdabd9d95697522359d41ed/all:all.json.zstd,7108463,mozilla-central/a445f1762c895000bcdabd9d95697522359d41ed/all:gtest.json.zstd,3264547,mozilla-central/a445f1762c895000bcdabd9d95697522359d41ed/all:cppunittest.json.zstd,2385330,mozilla-central/a445f1762c895000bcdabd9d95697522359d41ed/all:xpcshell.json.zstd,4260355,0.11223303326084161,4
948cf466f3f2e0db976af227c20d222a971d8293,2023-04-11 11:05:44.894000+00:00,2023-04,mozilla-central/948cf466f3f2e0db976af227c20d222a971d8293/all:all.json.zstd,7102604,mozilla-central/948cf466f3f2e0db976af227c20d222a971d8293/all:gtest.json.zstd,3267244,mozilla-central/948cf466f3f2e0db976af227c20d222a971d8293/all:cppunittest.json.zstd,2388484,mozilla-central/948cf466f3f2e0db976af227c20d222a971d8293/all:xpcshell.json.zstd,4266772,0.11610726758510927,5
6854d5a61f68124288044381b0a94207c541e80a,2023-05-16 11:24:23.667000+00:00,2023-05,mozilla-central/6854d5a61f68124288044381b0a94207c541e80a/all:all.json.zstd,7119807,mozilla-central/6854d5a61f68124288044381b0a94207c541e80a/all:gtest.json.zstd,3244281,mozilla-central/6854d5a61f68124288044381b0a94207c541e80a/all:cppunittest.json.zstd,2401735,mozilla-central/6854d5a61f68124288044381b0a94207c541e80a/all:xpcshell.json.zstd,4274792,0.03172250183158437,1
ff79a73fec56da87f354302e8dce25d115f25833,2023-05-15 20:14:17.009000+00:00,2023-05,mozilla-central/ff79a73fec56da87f354302e8dce25d115f25833/all:all.json.zstd,7122547,mozilla-central/ff79a73fec56da87f354302e8dce25d115f25833/all:gtest.json.zstd,3243629,mozilla-central/ff79a73fec56da87f354302e8dce25d115f25833/all:cppunittest.json.zstd,2401607,mozilla-central/ff79a73fec56da87f354302e8dce25d115f25833/all:xpcshell.json.zstd,4271686,0.03348788175139737,2
a26e51291acad88b8964d4a96ecbcbdce6c0667b,2023-05-16 06:42:16.780000+00:00,2023-05,mozilla-central/a26e51291acad88b8964d4a96ecbcbdce6c0667b/all:all.json.zstd,7123702,mozilla-central/a26e51291acad88b8964d4a96ecbcbdce6c0667b/all:gtest.json.zstd,3243317,mozilla-central/a26e51291acad88b8964d4a96ecbcbdce6c0667b/all:cppunittest.json.zstd,2401499,mozilla-central/a26e51291acad88b8964d4a96ecbcbdce6c0667b/all:xpcshell.json.zstd,4277981,0.041554446712584535,3
42a42f83eb3b152534541af5495f2701663d03c4,2023-05-16 18:11:41.731000+00:00,2023-05,mozilla-central/42a42f83eb3b152534541af5495f2701663d03c4/all:all.json.zstd,7119883,mozilla-central/42a42f83eb3b152534541af5495f2701663d03c4/all:gtest.json.zstd,3243831,mozilla-central/42a42f83eb3b152534541af5495f2701663d03c4/all:cppunittest.json.zstd,2401818,mozilla-central/42a42f83eb3b152534541af5495f2701663d03c4/all:xpcshell.json.zstd,4270159,0.056770486662401545,4
8ebc261d0f0782cd1437e522f6dad7b1fca9f564,2023-05-16 21:11:17.930000+00:00,2023-05,mozilla-central/8ebc261d0f0782cd1437e522f6dad7b1fca9f564/all:all.json.zstd,7119797,mozilla-central/8ebc261d0f0782cd1437e522f6dad7b1fca9f564/all:gtest.json.zstd,3242940,mozilla-central/8ebc261d0f0782cd1437e522f6dad7b1fca9f564/all:cppunittest.json.zstd,2401700,mozilla-central/8ebc261d0f0782cd1437e522f6dad7b1fca9f564/all:xpcshell.json.zstd,4271314,0.05859080170246779,5
c5ccbac639929af650a1c338a7652ef76a7e1ee3,2023-06-17 06:09:33.425000+00:00,2023-06,mozilla-central/c5ccbac639929af650a1c338a7652ef76a7e1ee3/all:all.json.zstd,7126534,mozilla-central/c5ccbac639929af650a1c338a7652ef76a7e1ee3/all:gtest.json.zstd,3243881,mozilla-central/c5ccbac639929af650a1c338a7652ef76a7e1ee3/all:cppunittest.json.zstd,2398761,mozilla-central/c5ccbac639929af650a1c338a7652ef76a7e1ee3/all:xpcshell.json.zstd,4279465,0.052574270447990464,1
29e4ffb2c3974dbb81fcc5ca102c6b5bd98f271f,2023-06-17 14:16:51.525000+00:00,2023-06,mozilla-central/29e4ffb2c3974dbb81fcc5ca102c6b5bd98f271f/all:all.json.zstd,7126720,mozilla-central/29e4ffb2c3974dbb81fcc5ca102c6b5bd98f271f/all:gtest.json.zstd,3248252,mozilla-central/29e4ffb2c3974dbb81fcc5ca102c6b5bd98f271f/all:cppunittest.json.zstd,2399294,mozilla-central/29e4ffb2c3974dbb81fcc5ca102c6b5bd98f271f/all:xpcshell.json.zstd,4278837,0.05974279587341418,2
37def70ef36929a490fabd36a7b31c31c2bbbe66,2023-06-13 20:48:28.337000+00:00,2023-06,mozilla-central/37def70ef36929a490fabd36a7b31c31c2bbbe66/all:all.json.zstd,7130527,mozilla-central/37def70ef36929a490fabd36a7b31c31c2bbbe66/all:gtest.json.zstd,3246010,mozilla-central/37def70ef36929a490fabd36a7b31c31c2bbbe66/all:cppunittest.json.zstd,2398881,mozilla-central/37def70ef36929a490fabd36a7b31c31c2bbbe66/all:xpcshell.json.zstd,4283221,0.06472796985697926,3
6a640a4dd3245b82ce97d863bf842b0cd4089ce5,2023-06-16 15:32:30.986000+00:00,2023-06,mozilla-central/6a640a4dd3245b82ce97d863bf842b0cd4089ce5/all:all.json.zstd,7125377,mozilla-central/6a640a4dd3245b82ce97d863bf842b0cd4089ce5/all:gtest.json.zstd,3243381,mozilla-central/6a640a4dd3245b82ce97d863bf842b0cd4089ce5/all:cppunittest.json.zstd,2398171,mozilla-central/6a640a4dd3245b82ce97d863bf842b0cd4089ce5/all:xpcshell.json.zstd,4284886,0.07651028212728901,4
439d02859a2ebe8406cb74f8d6c7b148011d1658,2023-06-16 22:34:33.854000+00:00,2023-06,mozilla-central/439d02859a2ebe8406cb74f8d6c7b148011d1658/all:all.json.zstd,7120314,mozilla-central/439d02859a2ebe8406cb74f8d6c7b148011d1658/all:gtest.json.zstd,3244608,mozilla-central/439d02859a2ebe8406cb74f8d6c7b148011d1658/all:cppunittest.json.zstd,2398238,mozilla-central/439d02859a2ebe8406cb74f8d6c7b148011d1658/all:xpcshell.json.zstd,4275362,0.07734344459678688,5
196cda3a105202c8969a926a0637db0e0014c07d,2023-07-14 15:30:54.460000+00:00,2023-07,mozilla-central/196cda3a105202c8969a926a0637db0e0014c07d/all:all.json.zstd,7131782,mozilla-central/196cda3a105202c8969a926a0637db0e0014c07d/all:gtest.json.zstd,3288069,mozilla-central/196cda3a105202c8969a926a0637db0e0014c07d/all:cppunittest.json.zstd,2397324,mozilla-central/196cda3a105202c8969a926a0637db0e0014c07d/all:xpcshell.json.zstd,4273927,0.05348741690894687,1
409794f954d9150f8da58e49d75898a655aca25d,2023-07-12 15:26:20.039000+00:00,2023-07,mozilla-central/409794f954d9150f8da58e49d75898a655aca25d/all:all.json.zstd,7142216,mozilla-central/409794f954d9150f8da58e49d75898a655aca25d/all:gtest.json.zstd,3287217,mozilla-central/409794f954d9150f8da58e49d75898a655aca25d/all:cppunittest.json.zstd,2396897,mozilla-central/409794f954d9150f8da58e49d75898a655aca25d/all:xpcshell.json.zstd,4271810,0.11461654908120182,2
89d21fac92b8f98201b8715c6c050aace4b46afb,2023-07-17 21:36:59.073000+00:00,2023-07,mozilla-central/89d21fac92b8f98201b8715c6c050aace4b46afb/all:all.json.zstd,7129739,mozilla-central/89d21fac92b8f98201b8715c6c050aace4b46afb/all:gtest.json.zstd,3287651,mozilla-central/89d21fac92b8f98201b8715c6c050aace4b46afb/all:cppunittest.json.zstd,2396689,mozilla-central/89d21fac92b8f98201b8715c6c050aace4b46afb/all:xpcshell.json.zstd,4284496,0.13171648189629534,3
2d64faa1590722f6ec14781ee5e175a2c875171c,2023-07-17 03:05:23.608000+00:00,2023-07,mozilla-central/2d64faa1590722f6ec14781ee5e175a2c875171c/all:all.json.zstd,7126301,mozilla-central/2d64faa1590722f6ec14781ee5e175a2c875171c/all:gtest.json.zstd,3288537,mozilla-central/2d64faa1590722f6ec14781ee5e175a2c875171c/all:cppunittest.json.zstd,2396742,mozilla-central/2d64faa1590722f6ec14781ee5e175a2c875171c/all:xpcshell.json.zstd,4258903,0.1517957438219914,4
2ac0f03815253b96c145a52b1762ed04c50f079d,2023-07-09 14:41:39.292000+00:00,2023-07,mozilla-central/2ac0f03815253b96c145a52b1762ed04c50f079d/all:all.json.zstd,7139291,mozilla-central/2ac0f03815253b96c145a52b1762ed04c50f079d/all:gtest.json.zstd,3285607,mozilla-central/2ac0f03815253b96c145a52b1762ed04c50f079d/all:cppunittest.json.zstd,2396286,mozilla-central/2ac0f03815253b96c145a52b1762ed04c50f079d/all:xpcshell.json.zstd,4269915,0.16102193755448407,5
88ec6682eab1c5c36cb839c8db0156446559a1cb,2023-08-15 09:37:13.288000+00:00,2023-08,mozilla-central/88ec6682eab1c5c36cb839c8db0156446559a1cb/all:all.json.zstd,7158530,mozilla-central/88ec6682eab1c5c36cb839c8db0156446559a1cb/all:gtest.json.zstd,3291903,mozilla-central/88ec6682eab1c5c36cb839c8db0156446559a1cb/all:cppunittest.json.zstd,2401868,mozilla-central/88ec6682eab1c5c36cb839c8db0156446559a1cb/all:xpcshell.json.zstd,4291168,0.046352127087510596,1
b6d00af33f9f1879900a9ff148f77a03de4ca507,2023-08-16 11:54:36.491000+00:00,2023-08,mozilla-central/b6d00af33f9f1879900a9ff148f77a03de4ca507/all:all.json.zstd,7159008,mozilla-central/b6d00af33f9f1879900a9ff148f77a03de4ca507/all:gtest.json.zstd,3291772,mozilla-central/b6d00af33f9f1879900a9ff148f77a03de4ca507/all:cppunittest.json.zstd,2402164,mozilla-central/b6d00af33f9f1879900a9ff148f77a03de4ca507/all:xpcshell.json.zstd,4290601,0.06994113079509362,2
27c67d619752563caa575e79871176d9a42c0b0a,2023-08-15 03:14:23.864000+00:00,2023-08,mozilla-central/27c67d619752563caa575e79871176d9a42c0b0a/all:all.json.zstd,7154473,mozilla-central/27c67d619752563caa575e79871176d9a42c0b0a/all:gtest.json.zstd,3292800,mozilla-central/27c67d619752563caa575e79871176d9a42c0b0a/all:cppunittest.json.zstd,2401862,mozilla-central/27c67d619752563caa575e79871176d9a42c0b0a/all:xpcshell.json.zstd,4285932,0.07014872549020287,3
0f010e753b74a51ee002d8d5d857c18f71ba2599,2023-08-15 15:34:42.810000+00:00,2023-08,mozilla-central/0f010e753b74a51ee002d8d5d857c18f71ba2599/all:all.json.zstd,7153025,mozilla-central/0f010e753b74a51ee002d8d5d857c18f71ba2599/all:gtest.json.zstd,3291943,mozilla-central/0f010e753b74a51ee002d8d5d857c18f71ba2599/all:cppunittest.json.zstd,2401787,mozilla-central/0f010e753b74a51ee002d8d5d857c18f71ba2599/all:xpcshell.json.zstd,4298646,0.0718550106285342,4
3ba3d3cb9bb7860efcbb623d34fc5d721fc7cfcb,2023-08-16 15:08:07.991000+00:00,2023-08,mozilla-central/3ba3d3cb9bb7860efcbb623d34fc5d721fc7cfcb/all:all.json.zstd,7157834,mozilla-central/3ba3d3cb9bb7860efcbb623d34fc5d721fc7cfcb/all:gtest.json.zstd,3293420,mozilla-central/3ba3d3cb9bb7860efcbb623d34fc5d721fc7cfcb/all:cppunittest.json.zstd,2402527,mozilla-central/3ba3d3cb9bb7860efcbb623d34fc5d721fc7cfcb/all:xpcshell.json.zstd,4293782,0.09191795238465775,5
02f7c436b43f486a8aec92c449f2df1fedf9226a,2023-09-16 03:29:51.421000+00:00,2023-09,mozilla-central/02f7c436b43f486a8aec92c449f2df1fedf9226a/all:all.json.zstd,7171103,mozilla-central/02f7c436b43f486a8aec92c449f2df1fedf9226a/all:gtest.json.zstd,3299584,mozilla-central/02f7c436b43f486a8aec92c449f2df1fedf9226a/all:cppunittest.json.zstd,2408028,mozilla-central/02f7c436b43f486a8aec92c449f2df1fedf9226a/all:xpcshell.json.zstd,4293923,0.020102325754282925,1
d2fd68fd89bb867eb0ab87d912ae0457f94c7ebd,2023-09-16 02:57:49.951000+00:00,2023-09,mozilla-central/d2fd68fd89bb867eb0ab87d912ae0457f94c7ebd/all:all.json.zstd,7175577,mozilla-central/d2fd68fd89bb867eb0ab87d912ae0457f94c7ebd/all:gtest.json.zstd,3299865,mozilla-central/d2fd68fd89bb867eb0ab87d912ae0457f94c7ebd/all:cppunittest.json.zstd,2408176,mozilla-central/d2fd68fd89bb867eb0ab87d912ae0457f94c7ebd/all:xpcshell.json.zstd,4294371,0.02460571066822599,2
f867b611aabbedcc08865c1cd8e3ba4dab7cd99c,2023-09-16 03:15:59.752000+00:00,2023-09,mozilla-central/f867b611aabbedcc08865c1cd8e3ba4dab7cd99c/all:all.json.zstd,7175666,mozilla-central/f867b611aabbedcc08865c1cd8e3ba4dab7cd99c/all:gtest.json.zstd,3299433,mozilla-central/f867b611aabbedcc08865c1cd8e3ba4dab7cd99c/all:cppunittest.json.zstd,2408200,mozilla-central/f867b611aabbedcc08865c1cd8e3ba4dab7cd99c/all:xpcshell.json.zstd,4292018,0.030835352437212034,3
fc9333c3b9f701963801dbf0ad4fb61c5434b2dc,2023-09-16 02:46:24.586000+00:00,2023-09,mozilla-central/fc9333c3b9f701963801dbf0ad4fb61c5434b2dc/all:all.json.zstd,7174367,mozilla-central/fc9333c3b9f701963801dbf0ad4fb61c5434b2dc/all:gtest.json.zstd,3299513,mozilla-central/fc9333c3b9f701963801dbf0ad4fb61c5434b2dc/all:cppunittest.json.zstd,2408105,mozilla-central/fc9333c3b9f701963801dbf0ad4fb61c5434b2dc/all:xpcshell.json.zstd,4291049,0.031729592613813085,4
5c56b92baa65aa27df61f84718594767ef8f26f4,2023-09-16 04:05:48.932000+00:00,2023-09,mozilla-central/5c56b92baa65aa27df61f84718594767ef8f26f4/all:all.json.zstd,7169808,mozilla-central/5c56b92baa65aa27df61f84718594767ef8f26f4/all:gtest.json.zstd,3299307,mozilla-central/5c56b92baa65aa27df61f84718594767ef8f26f4/all:cppunittest.json.zstd,2406976,mozilla-central/5c56b92baa65aa27df61f84718594767ef8f26f4/all:xpcshell.json.zstd,4294069,0.03212161763229667,5
3f99c563251ec523301e9d46e6904989fc827306,2023-10-15 03:14:24.066000+00:00,2023-10,mozilla-central/3f99c563251ec523301e9d46e6904989fc827306/all:all.json.zstd,7142400,mozilla-central/3f99c563251ec523301e9d46e6904989fc827306/all:gtest.json.zstd,3279727,mozilla-central/3f99c563251ec523301e9d46e6904989fc827306/all:cppunittest.json.zstd,2393393,mozilla-central/3f99c563251ec523301e9d46e6904989fc827306/all:xpcshell.json.zstd,4272074,0.052204321797992906,1
810153993fc0b06ce0eabae2602fc7f74ed9be18,2023-10-13 14:14:04.651000+00:00,2023-10,mozilla-central/810153993fc0b06ce0eabae2602fc7f74ed9be18/all:all.json.zstd,7141172,mozilla-central/810153993fc0b06ce0eabae2602fc7f74ed9be18/all:gtest.json.zstd,3279308,mozilla-central/810153993fc0b06ce0eabae2602fc7f74ed9be18/all:cppunittest.json.zstd,2393205,mozilla-central/810153993fc0b06ce0eabae2602fc7f74ed9be18/all:xpcshell.json.zstd,4271272,0.07324290126872988,2
fcfb7c92114e5c34fb1b73183c82f470f8d34700,2023-10-17 00:46:56.154000+00:00,2023-10,mozilla-central/fcfb7c92114e5c34fb1b73183c82f470f8d34700/all:all.json.zstd,7133628,mozilla-central/fcfb7c92114e5c34fb1b73183c82f470f8d34700/all:gtest.json.zstd,3279963,mozilla-central/fcfb7c92114e5c34fb1b73183c82f470f8d34700/all:cppunittest.json.zstd,2393276,mozilla-central/fcfb7c92114e5c34fb1b73183c82f470f8d34700/all:xpcshell.json.zstd,4264925,0.07818792284211948,3
f64b858317d13b67b1a863c43863f2dbe9c3c7c9,2023-10-16 23:17:10.691000+00:00,2023-10,mozilla-central/f64b858317d13b67b1a863c43863f2dbe9c3c7c9/all:all.json.zstd,7140020,mozilla-central/f64b858317d13b67b1a863c43863f2dbe9c3c7c9/all:gtest.json.zstd,3279443,mozilla-central/f64b858317d13b67b1a863c43863f2dbe9c3c7c9/all:cppunittest.json.zstd,2393309,mozilla-central/f64b858317d13b67b1a863c43863f2dbe9c3c7c9/all:xpcshell.json.zstd,4276818,0.0874072122115511,4
468469f54da6070a84314dc3c4ddcdfaca74b714,2023-10-15 14:44:39.794000+00:00,2023-10,mozilla-central/468469f54da6070a84314dc3c4ddcdfaca74b714/all:all.json.zstd,7145061,mozilla-central/468469f54da6070a84314dc3c4ddcdfaca74b714/all:gtest.json.zstd,3279829,mozilla-central/468469f54da6070a84314dc3c4ddcdfaca74b714/all:cppunittest.json.zstd,2393326,mozilla-central/468469f54da6070a84314dc3c4ddcdfaca74b714/all:xpcshell.json.zstd,4280584,0.0945038320420722,5
0083ca2f4709e599083520545d538d1ee1b8356d,2023-11-15 10:21:48.321000+00:00,2023-11,mozilla-central/0083ca2f4709e599083520545d538d1ee1b8356d/all:all.json.zstd,7154942,mozilla-central/0083ca2f4709e599083520545d538d1ee1b8356d/all:gtest.json.zstd,3240854,mozilla-central/0083ca2f4709e599083520545d538d1ee1b8356d/all:cppunittest.json.zstd,2398399,mozilla-central/0083ca2f4709e599083520545d538d1ee1b8356d/all:xpcshell.json.zstd,4287175,0.047464481233708264,1
d12a09b7c773efc37f5d0e37cc52339e25f07b6c,2023-11-15 15:06:31.254000+00:00,2023-11,mozilla-central/d12a09b7c773efc37f5d0e37cc52339e25f07b6c/all:all.json.zstd,7144129,mozilla-central/d12a09b7c773efc37f5d0e37cc52339e25f07b6c/all:gtest.json.zstd,3240946,mozilla-central/d12a09b7c773efc37f5d0e37cc52339e25f07b6c/all:cppunittest.json.zstd,2398428,mozilla-central/d12a09b7c773efc37f5d0e37cc52339e25f07b6c/all:xpcshell.json.zstd,4288083,0.07485516207777775,2
45c9c8724cca1f521814786bfbad9de79191b7d3,2023-11-18 02:06:54.977000+00:00,2023-11,mozilla-central/45c9c8724cca1f521814786bfbad9de79191b7d3/all:all.json.zstd,7154553,mozilla-central/45c9c8724cca1f521814786bfbad9de79191b7d3/all:gtest.json.zstd,3241713,mozilla-central/45c9c8724cca1f521814786bfbad9de79191b7d3/all:cppunittest.json.zstd,2398660,mozilla-central/45c9c8724cca1f521814786bfbad9de79191b7d3/all:xpcshell.json.zstd,4291169,0.1025876538622097,3
6f3be95d65116af346971c9a559f77dbb8e9e14a,2023-11-16 02:08:54.170000+00:00,2023-11,mozilla-central/6f3be95d65116af346971c9a559f77dbb8e9e14a/all:all.json.zstd,7148679,mozilla-central/6f3be95d65116af346971c9a559f77dbb8e9e14a/all:gtest.json.zstd,3241895,mozilla-central/6f3be95d65116af346971c9a559f77dbb8e9e14a/all:cppunittest.json.zstd,2398094,mozilla-central/6f3be95d65116af346971c9a559f77dbb8e9e14a/all:xpcshell.json.zstd,4300139,0.12440248444464341,4
cee24679e2a2e085bdefdbd66106fa1a805db56d,2023-11-15 03:32:13.666000+00:00,2023-11,mozilla-central/cee24679e2a2e085bdefdbd66106fa1a805db56d/all:all.json.zstd,7147343,mozilla-central/cee24679e2a2e085bdefdbd66106fa1a805db56d/all:gtest.json.zstd,3241173,mozilla-central/cee24679e2a2e085bdefdbd66106fa1a805db56d/all:cppunittest.json.zstd,2398412,mozilla-central/cee24679e2a2e085bdefdbd66106fa1a805db56d/all:xpcshell.json.zstd,4273051,0.1383270009104788,5
6d6d4867b0f48dce26d871d94c5f74f5a8ac6aaf,2023-12-17 01:35:31.137000+00:00,2023-12,mozilla-central/6d6d4867b0f48dce26d871d94c5f74f5a8ac6aaf/all:all.json.zstd,7186623,mozilla-central/6d6d4867b0f48dce26d871d94c5f74f5a8ac6aaf/all:gtest.json.zstd,3274527,mozilla-central/6d6d4867b0f48dce26d871d94c5f74f5a8ac6aaf/all:cppunittest.json.zstd,2405914,mozilla-central/6d6d4867b0f48dce26d871d94c5f74f5a8ac6aaf/all:xpcshell.json.zstd,4297968,0.1692874107886733,1
f823ab1d9a00b627089b75899e588823b584a9c4,2023-12-13 07:23:17.902000+00:00,2023-12,mozilla-central/f823ab1d9a00b627089b75899e588823b584a9c4/all:all.json.zstd,7186468,mozilla-central/f823ab1d9a00b627089b75899e588823b584a9c4/all:gtest.json.zstd,3277016,mozilla-central/f823ab1d9a00b627089b75899e588823b584a9c4/all:cppunittest.json.zstd,2405441,mozilla-central/f823ab1d9a00b627089b75899e588823b584a9c4/all:xpcshell.json.zstd,4295943,0.17622315026378021,2
44c4e62a38e1a18cd9c3cdc37be672c5b2eccb06,2023-12-15 03:15:44.707000+00:00,2023-12,mozilla-central/44c4e62a38e1a18cd9c3cdc37be672c5b2eccb06/all:all.json.zstd,7193214,mozilla-central/44c4e62a38e1a18cd9c3cdc37be672c5b2eccb06/all:gtest.json.zstd,3319593,mozilla-central/44c4e62a38e1a18cd9c3cdc37be672c5b2eccb06/all:cppunittest.json.zstd,2405775,mozilla-central/44c4e62a38e1a18cd9c3cdc37be672c5b2eccb06/all:xpcshell.json.zstd,4299739,0.18869627093108268,3
efffe49c7c1c0f6b54d9f752224880e07e588f36,2023-12-15 09:47:54.237000+00:00,2023-12,mozilla-central/efffe49c7c1c0f6b54d9f752224880e07e588f36/all:all.json.zstd,7184269,mozilla-central/efffe49c7c1c0f6b54d9f752224880e07e588f36/all:gtest.json.zstd,3321419,mozilla-central/efffe49c7c1c0f6b54d9f752224880e07e588f36/all:cppunittest.json.zstd,2405971,mozilla-central/efffe49c7c1c0f6b54d9f752224880e07e588f36/all:xpcshell.json.zstd,4299775,0.18975501697490155,4
ab5e2f241728caa5dc020e829b1045df55247758,2023-12-18 02:27:59.651000+00:00,2023-12,mozilla-central/ab5e2f241728caa5dc020e829b1045df55247758/all:all.json.zstd,7187449,mozilla-central/ab5e2f241728caa5dc020e829b1045df55247758/all:gtest.json.zstd,3275428,mozilla-central/ab5e2f241728caa5dc020e829b1045df55247758/all:cppunittest.json.zstd,2405720,mozilla-central/ab5e2f241728caa5dc020e829b1045df55247758/all:xpcshell.json.zstd,4308975,0.198868359239238,5
23a77d3c25d74ed46ebb77f47fda83c7b6dcdb45,2024-01-14 06:11:36.519000+00:00,2024-01,mozilla-central/23a77d3c25d74ed46ebb77f47fda83c7b6dcdb45/all:all.json.zstd,7291097,mozilla-central/23a77d3c25d74ed46ebb77f47fda83c7b6dcdb45/all:gtest.json.zstd,3362714,mozilla-central/23a77d3c25d74ed46ebb77f47fda83c7b6dcdb45/all:cppunittest.json.zstd,2445138,mozilla-central/23a77d3c25d74ed46ebb77f47fda83c7b6dcdb45/all:xpcshell.json.zstd,4345368,0.08607278274737105,1
3e561c3916769d60f0d266746f1109216d8ed3eb,2024-01-11 17:19:48.221000+00:00,2024-01,mozilla-central/3e561c3916769d60f0d266746f1109216d8ed3eb/all:all.json.zstd,7289029,mozilla-central/3e561c3916769d60f0d266746f1109216d8ed3eb/all:gtest.json.zstd,3361540,mozilla-central/3e561c3916769d60f0d266746f1109216d8ed3eb/all:cppunittest.json.zstd,2445001,mozilla-central/3e561c3916769d60f0d266746f1109216d8ed3eb/all:xpcshell.json.zstd,4336255,0.1672433241673798,2
f0a524f0a0085554a1bfdfe1320ee1e87caf7a94,2024-01-08 23:47:51.703000+00:00,2024-01,mozilla-central/f0a524f0a0085554a1bfdfe1320ee1e87caf7a94/all:all.json.zstd,7291001,mozilla-central/f0a524f0a0085554a1bfdfe1320ee1e87caf7a94/all:gtest.json.zstd,3361178,mozilla-central/f0a524f0a0085554a1bfdfe1320ee1e87caf7a94/all:cppunittest.json.zstd,2444189,mozilla-central/f0a524f0a0085554a1bfdfe1320ee1e87caf7a94/all:xpcshell.json.zstd,4349307,0.1939486256634568,3
c38d482445a0c034ac7b8fc0219092fccdbc58b2,2024-01-18 10:27:24.799000+00:00,2024-01,mozilla-central/c38d482445a0c034ac7b8fc0219092fccdbc58b2/all:all.json.zstd,7282211,mozilla-central/c38d482445a0c034ac7b8fc0219092fccdbc58b2/all:gtest.json.zstd,3364952,mozilla-central/c38d482445a0c034ac7b8fc0219092fccdbc58b2/all:cppunittest.json.zstd,2446822,mozilla-central/c38d482445a0c034ac7b8fc0219092fccdbc58b2/all:xpcshell.json.zstd,4330382,0.19812194887667361,4
842adcf822fc168da5c9a2745cacfe10d05a0d8b,2024-01-18 16:18:54.151000+00:00,2024-01,mozilla-central/842adcf822fc168da5c9a2745cacfe10d05a0d8b/all:all.json.zstd,7291822,mozilla-central/842adcf822fc168da5c9a2745cacfe10d05a0d8b/all:gtest.json.zstd,3365136,mozilla-central/842adcf822fc168da5c9a2745cacfe10d05a0d8b/all:cppunittest.json.zstd,2446740,mozilla-central/842adcf822fc168da5c9a2745cacfe10d05a0d8b/all:xpcshell.json.zstd,4331342,0.20528995053008608,5
981afc9a696a12b7e873eae165925138a2726efe,2024-02-15 08:40:22.251000+00:00,2024-02,mozilla-central/981afc9a696a12b7e873eae165925138a2726efe/all:all.json.zstd,7343994,mozilla-central/981afc9a696a12b7e873eae165925138a2726efe/all:gtest.json.zstd,3348042,mozilla-central/981afc9a696a12b7e873eae165925138a2726efe/all:cppunittest.json.zstd,2475301,mozilla-central/981afc9a696a12b7e873eae165925138a2726efe/all:xpcshell.json.zstd,4375292,0.054527945998787374,1
2b4e9ee6225f1183da45d24404e72f48e3803f08,2024-02-15 21:15:21.667000+00:00,2024-02,mozilla-central/2b4e9ee6225f1183da45d24404e72f48e3803f08/all:all.json.zstd,7338909,mozilla-central/2b4e9ee6225f1183da45d24404e72f48e3803f08/all:gtest.json.zstd,3349460,mozilla-central/2b4e9ee6225f1183da45d24404e72f48e3803f08/all:cppunittest.json.zstd,2475212,mozilla-central/2b4e9ee6225f1183da45d24404e72f48e3803f08/all:xpcshell.json.zstd,4378938,0.07424266287102879,2
02d94c298a2bcd03cc382be935a3edca72511945,2024-02-14 20:08:20.126000+00:00,2024-02,mozilla-central/02d94c298a2bcd03cc382be935a3edca72511945/all:all.json.zstd,7333761,mozilla-central/02d94c298a2bcd03cc382be935a3edca72511945/all:gtest.json.zstd,3346356,mozilla-central/02d94c298a2bcd03cc382be935a3edca72511945/all:cppunittest.json.zstd,2474310,mozilla-central/02d94c298a2bcd03cc382be935a3edca72511945/all:xpcshell.json.zstd,4376294,0.09610298331709585,3
0fff927336814aa029170d9ee5bbc3c342e96061,2024-02-14 09:19:29.572000+00:00,2024-02,mozilla-central/0fff927336814aa029170d9ee5bbc3c342e96061/all:all.json.zstd,7341677,mozilla-central/0fff927336814aa029170d9ee5bbc3c342e96061/all:gtest.json.zstd,3347288,mozilla-central/0fff927336814aa029170d9ee5bbc3c342e96061/all:cppunittest.json.zstd,2474253,mozilla-central/0fff927336814aa029170d9ee5bbc3c342e96061/all:xpcshell.json.zstd,4389240,0.14268029382904496,4
5c6884a349b684674aad68949e70bb1f47cc1754,2024-02-19 14:44:10.108000+00:00,2024-02,mozilla-central/5c6884a349b684674aad68949e70bb1f47cc1754/all:all.json.zstd,7340182,mozilla-central/5c6884a349b684674aad68949e70bb1f47cc1754/all:gtest.json.zstd,3348464,mozilla-central/5c6884a349b684674aad68949e70bb1f47cc1754/all:cppunittest.json.zstd,2475222,mozilla-central/5c6884a349b684674aad68949e70bb1f47cc1754/all:xpcshell.json.zstd,4381968,0.15395846161018426,5
4b69d32113781e4489234ce2c9cf8f5b5dcbce5a,2024-03-15 22:16:43.082000+00:00,2024-03,mozilla-central/4b69d32113781e4489234ce2c9cf8f5b5dcbce5a/all:all.json.zstd,7367020,mozilla-central/4b69d32113781e4489234ce2c9cf8f5b5dcbce5a/all:gtest.json.zstd,3357559,mozilla-central/4b69d32113781e4489234ce2c9cf8f5b5dcbce5a/all:cppunittest.json.zstd,2481709,mozilla-central/4b69d32113781e4489234ce2c9cf8f5b5dcbce5a/all:xpcshell.json.zstd,4379309,0.047892038908965755,1
a7134d792577d5d0529bf81b769c32138f7bb0c0,2024-03-16 15:11:35.746000+00:00,2024-03,mozilla-central/a7134d792577d5d0529bf81b769c32138f7bb0c0/all:all.json.zstd,7370811,mozilla-central/a7134d792577d5d0529bf81b769c32138f7bb0c0/all:gtest.json.zstd,3357622,mozilla-central/a7134d792577d5d0529bf81b769c32138f7bb0c0/all:cppunittest.json.zstd,2482046,mozilla-central/a7134d792577d5d0529bf81b769c32138f7bb0c0/all:xpcshell.json.zstd,4367574,0.053149480074919556,2
eff5ebeb21a902d6ed24f356b4a4b41e89ff1172,2024-03-16 02:49:21.451000+00:00,2024-03,mozilla-central/eff5ebeb21a902d6ed24f356b4a4b41e89ff1172/all:all.json.zstd,7372135,mozilla-central/eff5ebeb21a902d6ed24f356b4a4b41e89ff1172/all:gtest.json.zstd,3357014,mozilla-central/eff5ebeb21a902d6ed24f356b4a4b41e89ff1172/all:cppunittest.json.zstd,2481939,mozilla-central/eff5ebeb21a902d6ed24f356b4a4b41e89ff1172/all:xpcshell.json.zstd,4382682,0.08605856432710511,3
e427f093926ae213863305fd3943625e4a68aa87,2024-03-18 21:42:40.387000+00:00,2024-03,mozilla-central/e427f093926ae213863305fd3943625e4a68aa87/all:all.json.zstd,7367872,mozilla-central/e427f093926ae213863305fd3943625e4a68aa87/all:gtest.json.zstd,3357193,mozilla-central/e427f093926ae213863305fd3943625e4a68aa87/all:cppunittest.json.zstd,2481857,mozilla-central/e427f093926ae213863305fd3943625e4a68aa87/all:xpcshell.json.zstd,4363584,0.10954146303516712,4
f8012c535035e293e5a1dffee1798ed3b496ff22,2024-03-17 05:09:50.201000+00:00,2024-03,mozilla-central/f8012c535035e293e5a1dffee1798ed3b496ff22/all:all.json.zstd,7360693,mozilla-central/f8012c535035e293e5a1dffee1798ed3b496ff22/all:gtest.json.zstd,3356880,mozilla-central/f8012c535035e293e5a1dffee1798ed3b496ff22/all:cppunittest.json.zstd,2481771,mozilla-central/f8012c535035e293e5a1dffee1798ed3b496ff22/all:xpcshell.json.zstd,4358865,0.1118744622072583,5
25a22c2f939167a119d912b3fe61312db879d576,2024-04-15 01:38:19.533000+00:00,2024-04,mozilla-central/25a22c2f939167a119d912b3fe61312db879d576/all:all.json.zstd,7397176,mozilla-central/25a22c2f939167a119d912b3fe61312db879d576/all:gtest.json.zstd,3479206,mozilla-central/25a22c2f939167a119d912b3fe61312db879d576/all:cppunittest.json.zstd,2495445,mozilla-central/25a22c2f939167a119d912b3fe61312db879d576/all:xpcshell.json.zstd,4382645,0.07798534253176115,1
99005ed04752410a3b1d0bfba3d8200868bdf9bb,2024-04-15 13:47:54.816000+00:00,2024-04,mozilla-central/99005ed04752410a3b1d0bfba3d8200868bdf9bb/all:all.json.zstd,7392528,mozilla-central/99005ed04752410a3b1d0bfba3d8200868bdf9bb/all:gtest.json.zstd,3479653,mozilla-central/99005ed04752410a3b1d0bfba3d8200868bdf9bb/all:cppunittest.json.zstd,2495366,mozilla-central/99005ed04752410a3b1d0bfba3d8200868bdf9bb/all:xpcshell.json.zstd,4360825,0.10164820919617742,2
1dc823d4e96db6fe0450fcb588466eff7038b4cc,2024-04-14 13:35:11.697000+00:00,2024-04,mozilla-central/1dc823d4e96db6fe0450fcb588466eff7038b4cc/all:all.json.zstd,7399001,mozilla-central/1dc823d4e96db6fe0450fcb588466eff7038b4cc/all:gtest.json.zstd,3480266,mozilla-central/1dc823d4e96db6fe0450fcb588466eff7038b4cc/all:cppunittest.json.zstd,2495404,mozilla-central/1dc823d4e96db6fe0450fcb588466eff7038b4cc/all:xpcshell.json.zstd,4357006,0.12591337824978738,3
fcfbb607fde2264f93b96674e69515b5414d54cc,2024-04-16 01:49:43.465000+00:00,2024-04,mozilla-central/fcfbb607fde2264f93b96674e69515b5414d54cc/all:all.json.zstd,7400235,mozilla-central/fcfbb607fde2264f93b96674e69515b5414d54cc/all:gtest.json.zstd,3480358,mozilla-central/fcfbb607fde2264f93b96674e69515b5414d54cc/all:cppunittest.json.zstd,2495490,mozilla-central/fcfbb607fde2264f93b96674e69515b5414d54cc/all:xpcshell.json.zstd,4394771,0.13814352321145054,4
78f636be754a2c1db8bdadc8ca9e008b756e5bcc,2024-04-21 13:37:00.840000+00:00,2024-04,mozilla-central/78f636be754a2c1db8bdadc8ca9e008b756e5bcc/all:all.json.zstd,7407639,mozilla-central/78f636be754a2c1db8bdadc8ca9e008b756e5bcc/all:gtest.json.zstd,3482545,mozilla-central/78f636be754a2c1db8bdadc8ca9e008b756e5bcc/all:cppunittest.json.zstd,2496091,mozilla-central/78f636be754a2c1db8bdadc8ca9e008b756e5bcc/all:xpcshell.json.zstd,4354508,0.2670481140172792,5
d2559b875116c39b9f40c8860f487916db812831,2024-05-11 14:42:00.539000+00:00,2024-05,mozilla-central/d2559b875116c39b9f40c8860f487916db812831/all:all.json.zstd,7442336,mozilla-central/d2559b875116c39b9f40c8860f487916db812831/all:gtest.json.zstd,3492943,mozilla-central/d2559b875116c39b9f40c8860f487916db812831/all:cppunittest.json.zstd,2504670,mozilla-central/d2559b875116c39b9f40c8860f487916db812831/all:xpcshell.json.zstd,4402243,0.11061115694786018,1
b7871b7f2c05e4076ad55ae4aa929b9862d4c8af,2024-05-16 01:40:27.398000+00:00,2024-05,mozilla-central/b7871b7f2c05e4076ad55ae4aa929b9862d4c8af/all:all.json.zstd,7459101,mozilla-central/b7871b7f2c05e4076ad55ae4aa929b9862d4c8af/all:gtest.json.zstd,3496894,mozilla-central/b7871b7f2c05e4076ad55ae4aa929b9862d4c8af/all:cppunittest.json.zstd,2506505,mozilla-central/b7871b7f2c05e4076ad55ae4aa929b9862d4c8af/all:xpcshell.json.zstd,4406938,0.12520258892489994,2
f8c3cb93acca412025e1f410c530193b416a488e,2024-05-17 10:53:30.166000+00:00,2024-05,mozilla-central/f8c3cb93acca412025e1f410c530193b416a488e/all:all.json.zstd,7450927,mozilla-central/f8c3cb93acca412025e1f410c530193b416a488e/all:gtest.json.zstd,3494664,mozilla-central/f8c3cb93acca412025e1f410c530193b416a488e/all:cppunittest.json.zstd,2507164,mozilla-central/f8c3cb93acca412025e1f410c530193b416a488e/all:xpcshell.json.zstd,4412330,0.14790984757462106,3
45d7400ced7eab36c5e094eabc83333b77bd5212,2024-05-13 02:47:05.560000+00:00,2024-05,mozilla-central/45d7400ced7eab36c5e094eabc83333b77bd5212/all:all.json.zstd,7445074,mozilla-central/45d7400ced7eab36c5e094eabc83333b77bd5212/all:gtest.json.zstd,3492680,mozilla-central/45d7400ced7eab36c5e094eabc83333b77bd5212/all:cppunittest.json.zstd,2504531,mozilla-central/45d7400ced7eab36c5e094eabc83333b77bd5212/all:xpcshell.json.zstd,4419191,0.16041364633938968,4
d3307ce15a2e8d72b309c71e28226a07864e3bb2,2024-05-13 21:20:55.834000+00:00,2024-05,mozilla-central/d3307ce15a2e8d72b309c71e28226a07864e3bb2/all:all.json.zstd,7443230,mozilla-central/d3307ce15a2e8d72b309c71e28226a07864e3bb2/all:gtest.json.zstd,3494069,mozilla-central/d3307ce15a2e8d72b309c71e28226a07864e3bb2/all:cppunittest.json.zstd,2505438,mozilla-central/d3307ce15a2e8d72b309c71e28226a07864e3bb2/all:xpcshell.json.zstd,4370207,0.1670642315280236,5
0145baa9151f309dfdb4505d7f72f5244f0e569d,2024-06-12 01:48:55.063000+00:00,2024-06,mozilla-central/0145baa9151f309dfdb4505d7f72f5244f0e569d/all:all.json.zstd,7385372,mozilla-central/0145baa9151f309dfdb4505d7f72f5244f0e569d/all:gtest.json.zstd,3496838,mozilla-central/0145baa9151f309dfdb4505d7f72f5244f0e569d/all:cppunittest.json.zstd,2508781,mozilla-central/0145baa9151f309dfdb4505d7f72f5244f0e569d/all:xpcshell.json.zstd,4399323,0.09451126655705988,1
19b15cf93c3a1eb77ac638eb595b6deeaa3f8357,2024-06-11 23:08:29.112000+00:00,2024-06,mozilla-central/19b15cf93c3a1eb77ac638eb595b6deeaa3f8357/all:all.json.zstd,7387375,mozilla-central/19b15cf93c3a1eb77ac638eb595b6deeaa3f8357/all:gtest.json.zstd,3497806,mozilla-central/19b15cf93c3a1eb77ac638eb595b6deeaa3f8357/all:cppunittest.json.zstd,2509048,mozilla-central/19b15cf93c3a1eb77ac638eb595b6deeaa3f8357/all:xpcshell.json.zstd,4389842,0.13110308276577876,2
2baa05b3de23279a816786063ed054d0fb5ed66c,2024-06-12 00:33:50.309000+00:00,2024-06,mozilla-central/2baa05b3de23279a816786063ed054d0fb5ed66c/all:all.json.zstd,7398993,mozilla-central/2baa05b3de23279a816786063ed054d0fb5ed66c/all:gtest.json.zstd,3497468,mozilla-central/2baa05b3de23279a816786063ed054d0fb5ed66c/all:cppunittest.json.zstd,2509218,mozilla-central/2baa05b3de23279a816786063ed054d0fb5ed66c/all:xpcshell.json.zstd,4412909,0.15502217184863615,3
1f6dc95932ad44dfc2ce7ffd613d707ab56f60de,2024-06-11 23:58:26.728000+00:00,2024-06,mozilla-central/1f6dc95932ad44dfc2ce7ffd613d707ab56f60de/all:all.json.zstd,7396217,mozilla-central/1f6dc95932ad44dfc2ce7ffd613d707ab56f60de/all:gtest.json.zstd,3493962,mozilla-central/1f6dc95932ad44dfc2ce7ffd613d707ab56f60de/all:cppunittest.json.zstd,2509478,mozilla-central/1f6dc95932ad44dfc2ce7ffd613d707ab56f60de/all:xpcshell.json.zstd,4387183,0.1637374312535765,4
0f95114c03f23ae7871150fd4ad6cf69c07be551,2024-06-12 01:58:33.748000+00:00,2024-06,mozilla-central/0f95114c03f23ae7871150fd4ad6cf69c07be551/all:all.json.zstd,7379458,mozilla-central/0f95114c03f23ae7871150fd4ad6cf69c07be551/all:gtest.json.zstd,3495484,mozilla-central/0f95114c03f23ae7871150fd4ad6cf69c07be551/all:cppunittest.json.zstd,2507967,mozilla-central/0f95114c03f23ae7871150fd4ad6cf69c07be551/all:xpcshell.json.zstd,4409578,0.1691129070909323,5
d2cde533d9490a661d586893e9f539382073c8a7,2024-07-26 11:20:25.439000+00:00,2024-07,mozilla-central/d2cde533d9490a661d586893e9f539382073c8a7/all:all.json.zstd,7452323,mozilla-central/d2cde533d9490a661d586893e9f539382073c8a7/all:gtest.json.zstd,3563907,mozilla-central/d2cde533d9490a661d586893e9f539382073c8a7/all:cppunittest.json.zstd,2516635,mozilla-central/d2cde533d9490a661d586893e9f539382073c8a7/all:xpcshell.json.zstd,4454386,0.2416972659956665,1
69a2460cfcb3a816edaf95e35971cdabc9ce13b7,2024-07-26 11:03:47.649000+00:00,2024-07,mozilla-central/69a2460cfcb3a816edaf95e35971cdabc9ce13b7/all:all.json.zstd,7457184,mozilla-central/69a2460cfcb3a816edaf95e35971cdabc9ce13b7/all:gtest.json.zstd,3563831,mozilla-central/69a2460cfcb3a816edaf95e35971cdabc9ce13b7/all:cppunittest.json.zstd,2516964,mozilla-central/69a2460cfcb3a816edaf95e35971cdabc9ce13b7/all:xpcshell.json.zstd,4461974,0.2668921320784573,2
d2663ba77131bf2b81e1b149f507b00c52be6933,2024-07-27 02:54:31.690000+00:00,2024-07,mozilla-central/d2663ba77131bf2b81e1b149f507b00c52be6933/all:all.json.zstd,7449074,mozilla-central/d2663ba77131bf2b81e1b149f507b00c52be6933/all:gtest.json.zstd,3563745,mozilla-central/d2663ba77131bf2b81e1b149f507b00c52be6933/all:cppunittest.json.zstd,2516520,mozilla-central/d2663ba77131bf2b81e1b149f507b00c52be6933/all:xpcshell.json.zstd,4453035,0.27128219175633445,3
e2a8e98f367a83b47648f1f78221eefbf4a2a70f,2024-07-26 20:45:25.068000+00:00,2024-07,mozilla-central/e2a8e98f367a83b47648f1f78221eefbf4a2a70f/all:all.json.zstd,7458625,mozilla-central/e2a8e98f367a83b47648f1f78221eefbf4a2a70f/all:gtest.json.zstd,3564166,mozilla-central/e2a8e98f367a83b47648f1f78221eefbf4a2a70f/all:cppunittest.json.zstd,2517219,mozilla-central/e2a8e98f367a83b47648f1f78221eefbf4a2a70f/all:xpcshell.json.zstd,4466874,0.2968798578039725,4
73d37e644eb977c4205e20c6a349453f39e09ec4,2024-07-29 23:51:19.702000+00:00,2024-07,mozilla-central/73d37e644eb977c4205e20c6a349453f39e09ec4/all:all.json.zstd,7449065,mozilla-central/73d37e644eb977c4205e20c6a349453f39e09ec4/all:gtest.json.zstd,3564712,mozilla-central/73d37e644eb977c4205e20c6a349453f39e09ec4/all:cppunittest.json.zstd,2518070,mozilla-central/73d37e644eb977c4205e20c6a349453f39e09ec4/all:xpcshell.json.zstd,4454349,0.31193050604323497,5
35292ed5ccd315545be61708ca54ef3a7b95feb1,2024-08-16 04:46:44.961000+00:00,2024-08,mozilla-central/35292ed5ccd315545be61708ca54ef3a7b95feb1/all:all.json.zstd,7477006,mozilla-central/35292ed5ccd315545be61708ca54ef3a7b95feb1/all:gtest.json.zstd,3571658,mozilla-central/35292ed5ccd315545be61708ca54ef3a7b95feb1/all:cppunittest.json.zstd,2522377,mozilla-central/35292ed5ccd315545be61708ca54ef3a7b95feb1/all:xpcshell.json.zstd,4472697,0.050809950859544886,1
512e5aae19cf44bb81758fb79d66237ae04fc90d,2024-08-15 20:12:34.749000+00:00,2024-08,mozilla-central/512e5aae19cf44bb81758fb79d66237ae04fc90d/all:all.json.zstd,7479151,mozilla-central/512e5aae19cf44bb81758fb79d66237ae04fc90d/all:gtest.json.zstd,3571019,mozilla-central/512e5aae19cf44bb81758fb79d66237ae04fc90d/all:cppunittest.json.zstd,2522519,mozilla-central/512e5aae19cf44bb81758fb79d66237ae04fc90d/all:xpcshell.json.zstd,4457859,0.062023090755083624,2
0be9e6fdab7b5eb39e27461cbec046d8a0f9f951,2024-08-15 09:15:02.447000+00:00,2024-08,mozilla-central/0be9e6fdab7b5eb39e27461cbec046d8a0f9f951/all:all.json.zstd,7476548,mozilla-central/0be9e6fdab7b5eb39e27461cbec046d8a0f9f951/all:gtest.json.zstd,3571471,mozilla-central/0be9e6fdab7b5eb39e27461cbec046d8a0f9f951/all:cppunittest.json.zstd,2522576,mozilla-central/0be9e6fdab7b5eb39e27461cbec046d8a0f9f951/all:xpcshell.json.zstd,4481577,0.07809216938102291,3
9b6dcffe3a4dd57bf1012dc2f9ab243453e3ce72,2024-08-15 02:22:32.529000+00:00,2024-08,mozilla-central/9b6dcffe3a4dd57bf1012dc2f9ab243453e3ce72/all:all.json.zstd,7476243,mozilla-central/9b6dcffe3a4dd57bf1012dc2f9ab243453e3ce72/all:gtest.json.zstd,3571734,mozilla-central/9b6dcffe3a4dd57bf1012dc2f9ab243453e3ce72/all:cppunittest.json.zstd,2522626,mozilla-central/9b6dcffe3a4dd57bf1012dc2f9ab243453e3ce72/all:xpcshell.json.zstd,4480325,0.07949244561799218,4
2b85ee18dbcf31ccd3b444e4659e4e2944d68ee2,2024-08-11 15:11:30.236000+00:00,2024-08,mozilla-central/2b85ee18dbcf31ccd3b444e4659e4e2944d68ee2/all:all.json.zstd,7476954,mozilla-central/2b85ee18dbcf31ccd3b444e4659e4e2944d68ee2/all:gtest.json.zstd,3570286,mozilla-central/2b85ee18dbcf31ccd3b444e4659e4e2944d68ee2/all:cppunittest.json.zstd,2521338,mozilla-central/2b85ee18dbcf31ccd3b444e4659e4e2944d68ee2/all:xpcshell.json.zstd,4465735,0.09132937925330233,5
4e8c91ef58bf4407e05a3d6733d7b7203621e8b6,2024-09-14 19:34:23.606000+00:00,2024-09,mozilla-central/4e8c91ef58bf4407e05a3d6733d7b7203621e8b6/all:all.json.zstd,6616056,mozilla-central/4e8c91ef58bf4407e05a3d6733d7b7203621e8b6/all:gtest.json.zstd,3291950,mozilla-central/4e8c91ef58bf4407e05a3d6733d7b7203621e8b6/all:cppunittest.json.zstd,2318804,mozilla-central/4e8c91ef58bf4407e05a3d6733d7b7203621e8b6/all:xpcshell.json.zstd,4090782,0.04192169384991165,1
b91e1b6159328dbc393bbd4f31ae04146a6a1879,2024-09-14 22:46:29.388000+00:00,2024-09,mozilla-central/b91e1b6159328dbc393bbd4f31ae04146a6a1879/all:all.json.zstd,6616676,mozilla-central/b91e1b6159328dbc393bbd4f31ae04146a6a1879/all:gtest.json.zstd,3294774,mozilla-central/b91e1b6159328dbc393bbd4f31ae04146a6a1879/all:cppunittest.json.zstd,2318800,mozilla-central/b91e1b6159328dbc393bbd4f31ae04146a6a1879/all:xpcshell.json.zstd,4090477,0.059734191134039785,2
b0716d2d5fef2509b62534deb6a7e3633ecfbc7a,2024-09-14 11:07:08.482000+00:00,2024-09,mozilla-central/b0716d2d5fef2509b62534deb6a7e3633ecfbc7a/all:all.json.zstd,6620795,mozilla-central/b0716d2d5fef2509b62534deb6a7e3633ecfbc7a/all:gtest.json.zstd,3295502,mozilla-central/b0716d2d5fef2509b62534deb6a7e3633ecfbc7a/all:cppunittest.json.zstd,2318548,mozilla-central/b0716d2d5fef2509b62534deb6a7e3633ecfbc7a/all:xpcshell.json.zstd,4103435,0.10822131472953629,3
97e405de0635fe0fef88584fded998aa4ba4c0af,2024-09-14 08:18:55.188000+00:00,2024-09,mozilla-central/97e405de0635fe0fef88584fded998aa4ba4c0af/all:all.json.zstd,6602351,mozilla-central/97e405de0635fe0fef88584fded998aa4ba4c0af/all:gtest.json.zstd,3285149,mozilla-central/97e405de0635fe0fef88584fded998aa4ba4c0af/all:cppunittest.json.zstd,2318415,mozilla-central/97e405de0635fe0fef88584fded998aa4ba4c0af/all:xpcshell.json.zstd,4096736,0.11011569060015643,4
169a59fe35f8b31a236c9bf717a5887b51ea6757,2024-09-12 11:10:52.634000+00:00,2024-09,mozilla-central/169a59fe35f8b31a236c9bf717a5887b51ea6757/all:all.json.zstd,6613980,mozilla-central/169a59fe35f8b31a236c9bf717a5887b51ea6757/all:gtest.json.zstd,3288521,mozilla-central/169a59fe35f8b31a236c9bf717a5887b51ea6757/all:cppunittest.json.zstd,2313453,mozilla-central/169a59fe35f8b31a236c9bf717a5887b51ea6757/all:xpcshell.json.zstd,4094485,0.12387203536511554,5
4888c6dd04636d0a40e54a417917653ee4e32399,2025-07-30 13:21:55.117000+00:00,2025-07,mozilla-central/4888c6dd04636d0a40e54a417917653ee4e32399/all:all.json.zstd,7782781,mozilla-central/4888c6dd04636d0a40e54a417917653ee4e32399/all:gtest.json.zstd,3738743,mozilla-central/4888c6dd04636d0a40e54a417917653ee4e32399/all:cppunittest.json.zstd,2642487,mozilla-central/4888c6dd04636d0a40e54a417917653ee4e32399/all:xpcshell.json.zstd,4678209,0.3866157296665321,1
1b61e7cdc6f06fffc6e88ffff16a560f393f28f6,2025-07-31 04:22:39.944000+00:00,2025-07,mozilla-central/1b61e7cdc6f06fffc6e88ffff16a560f393f28f6/all:all.json.zstd,7786766,mozilla-central/1b61e7cdc6f06fffc6e88ffff16a560f393f28f6/all:gtest.json.zstd,3734912,mozilla-central/1b61e7cdc6f06fffc6e88ffff16a560f393f28f6/all:cppunittest.json.zstd,2640868,mozilla-central/1b61e7cdc6f06fffc6e88ffff16a560f393f28f6/all:xpcshell.json.zstd,4668030,0.4045904582482531,2
5df503b89e484848703c76647872ea96180ebd30,2025-07-31 10:21:13.884000+00:00,2025-07,mozilla-central/5df503b89e484848703c76647872ea96180ebd30/all:all.json.zstd,7786328,mozilla-central/5df503b89e484848703c76647872ea96180ebd30/all:gtest.json.zstd,3736281,mozilla-central/5df503b89e484848703c76647872ea96180ebd30/all:cppunittest.json.zstd,2642608,mozilla-central/5df503b89e484848703c76647872ea96180ebd30/all:xpcshell.json.zstd,4667498,0.4048813228080765,3
c0650552f3ca8cff6a781188f6b287b84dd04328,2025-07-30 22:09:18.916000+00:00,2025-07,mozilla-central/c0650552f3ca8cff6a781188f6b287b84dd04328/all:all.json.zstd,7779819,mozilla-central/c0650552f3ca8cff6a781188f6b287b84dd04328/all:gtest.json.zstd,3735619,mozilla-central/c0650552f3ca8cff6a781188f6b287b84dd04328/all:cppunittest.json.zstd,2641449,mozilla-central/c0650552f3ca8cff6a781188f6b287b84dd04328/all:xpcshell.json.zstd,4664632,0.4064074873545593,4
d26175655bd6c4934e45ff8f8130879c0f4c157b,2025-07-31 07:16:51.371000+00:00,2025-07,mozilla-central/d26175655bd6c4934e45ff8f8130879c0f4c157b/all:all.json.zstd,7787540,mozilla-central/d26175655bd6c4934e45ff8f8130879c0f4c157b/all:gtest.json.zstd,3734329,mozilla-central/d26175655bd6c4934e45ff8f8130879c0f4c157b/all:cppunittest.json.zstd,2640582,mozilla-central/d26175655bd6c4934e45ff8f8130879c0f4c157b/all:xpcshell.json.zstd,4668796,0.40646300914867073,5
0a5fc8db79ed7e73b2f6a17855cda9a6c842bdae,2025-08-14 19:05:54.031000+00:00,2025-08,mozilla-central/0a5fc8db79ed7e73b2f6a17855cda9a6c842bdae/all:all.json.zstd,7833460,mozilla-central/0a5fc8db79ed7e73b2f6a17855cda9a6c842bdae/all:gtest.json.zstd,3800801,mozilla-central/0a5fc8db79ed7e73b2f6a17855cda9a6c842bdae/all:cppunittest.json.zstd,2686037,mozilla-central/0a5fc8db79ed7e73b2f6a17855cda9a6c842bdae/all:xpcshell.json.zstd,4713030,0.07703301049553515,1
05d50287fb8c85e8f24ab943072e84f42cff75cd,2025-08-16 04:12:21.883000+00:00,2025-08,mozilla-central/05d50287fb8c85e8f24ab943072e84f42cff75cd/all:all.json.zstd,7830256,mozilla-central/05d50287fb8c85e8f24ab943072e84f42cff75cd/all:gtest.json.zstd,3801256,mozilla-central/05d50287fb8c85e8f24ab943072e84f42cff75cd/all:cppunittest.json.zstd,2686246,mozilla-central/05d50287fb8c85e8f24ab943072e84f42cff75cd/all:xpcshell.json.zstd,4707013,0.09838950971070884,2
669ee6060f3cff758fee1dbf4d125ccefb5b2d45,2025-08-13 04:59:02.865000+00:00,2025-08,mozilla-central/669ee6060f3cff758fee1dbf4d125ccefb5b2d45/all:all.json.zstd,7820418,mozilla-central/669ee6060f3cff758fee1dbf4d125ccefb5b2d45/all:gtest.json.zstd,3799910,mozilla-central/669ee6060f3cff758fee1dbf4d125ccefb5b2d45/all:cppunittest.json.zstd,2685290,mozilla-central/669ee6060f3cff758fee1dbf4d125ccefb5b2d45/all:xpcshell.json.zstd,4716861,0.09991500762683168,3
76f448acb1d5c3a749d5e4a1b68afd97bd5ce27c,2025-08-13 22:11:26.799000+00:00,2025-08,mozilla-central/76f448acb1d5c3a749d5e4a1b68afd97bd5ce27c/all:all.json.zstd,7825892,mozilla-central/76f448acb1d5c3a749d5e4a1b68afd97bd5ce27c/all:gtest.json.zstd,3800370,mozilla-central/76f448acb1d5c3a749d5e4a1b68afd97bd5ce27c/all:cppunittest.json.zstd,2685326,mozilla-central/76f448acb1d5c3a749d5e4a1b68afd97bd5ce27c/all:xpcshell.json.zstd,4729349,0.12715136682414013,4
507b9d6bb01619c22c9324e29d9904c195b4cfe6,2025-08-11 16:15:51.978000+00:00,2025-08,mozilla-central/507b9d6bb01619c22c9324e29d9904c195b4cfe6/all:all.json.zstd,7827454,mozilla-central/507b9d6bb01619c22c9324e29d9904c195b4cfe6/all:gtest.json.zstd,3800622,mozilla-central/507b9d6bb01619c22c9324e29d9904c195b4cfe6/all:cppunittest.json.zstd,2684311,mozilla-central/507b9d6bb01619c22c9324e29d9904c195b4cfe6/all:xpcshell.json.zstd,4723015,0.1350597331810849,5
75d829afb4b06a3a8b7e91ea15c8a0cf34665fb7,2025-09-16 19:01:32.022000+00:00,2025-09,mozilla-central/75d829afb4b06a3a8b7e91ea15c8a0cf34665fb7/all:all.json.zstd,7867956,mozilla-central/75d829afb4b06a3a8b7e91ea15c8a0cf34665fb7/all:gtest.json.zstd,3853295,mozilla-central/75d829afb4b06a3a8b7e91ea15c8a0cf34665fb7/all:cppunittest.json.zstd,2730619,mozilla-central/75d829afb4b06a3a8b7e91ea15c8a0cf34665fb7/all:xpcshell.json.zstd,4764978,0.21708557736442208,1
eb4cc6a1344ed84c4c597ce598dd300ce82616da,2025-09-17 23:22:59.113000+00:00,2025-09,mozilla-central/eb4cc6a1344ed84c4c597ce598dd300ce82616da/all:all.json.zstd,7888522,mozilla-central/eb4cc6a1344ed84c4c597ce598dd300ce82616da/all:gtest.json.zstd,3853947,mozilla-central/eb4cc6a1344ed84c4c597ce598dd300ce82616da/all:cppunittest.json.zstd,2730091,mozilla-central/eb4cc6a1344ed84c4c597ce598dd300ce82616da/all:xpcshell.json.zstd,4751037,0.21740973333930913,2
ae167020f535518c8f36fc7b644555c963cf3f3a,2025-09-17 04:04:59.142000+00:00,2025-09,mozilla-central/ae167020f535518c8f36fc7b644555c963cf3f3a/all:all.json.zstd,7895728,mozilla-central/ae167020f535518c8f36fc7b644555c963cf3f3a/all:gtest.json.zstd,3853781,mozilla-central/ae167020f535518c8f36fc7b644555c963cf3f3a/all:cppunittest.json.zstd,2729995,mozilla-central/ae167020f535518c8f36fc7b644555c963cf3f3a/all:xpcshell.json.zstd,4739610,0.2661840140860269,3
3557b2db08cccd6686d06cba71adfb492e287fb5,2025-09-15 19:05:00.685000+00:00,2025-09,mozilla-central/3557b2db08cccd6686d06cba71adfb492e287fb5/all:all.json.zstd,7923203,mozilla-central/3557b2db08cccd6686d06cba71adfb492e287fb5/all:gtest.json.zstd,3853946,mozilla-central/3557b2db08cccd6686d06cba71adfb492e287fb5/all:cppunittest.json.zstd,2730220,mozilla-central/3557b2db08cccd6686d06cba71adfb492e287fb5/all:xpcshell.json.zstd,4773249,0.34056005082602686,4
9786291f3312a108c81c8ef5ce0bde18fdc4e6af,2025-09-05 07:06:13.878000+00:00,2025-09,mozilla-central/9786291f3312a108c81c8ef5ce0bde18fdc4e6af/all:all.json.zstd,7885517,mozilla-central/9786291f3312a108c81c8ef5ce0bde18fdc4e6af/all:gtest.json.zstd,3831101,mozilla-central/9786291f3312a108c81c8ef5ce0bde18fdc4e6af/all:cppunittest.json.zstd,2714483,mozilla-central/9786291f3312a108c81c8ef5ce0bde18fdc4e6af/all:xpcshell.json.zstd,4752846,0.34248937950444386,5
045af2ff58cc0d0a0d31973093f866e876f61f28,2025-10-13 19:16:35.227000+00:00,2025-10,mozilla-central/045af2ff58cc0d0a0d31973093f866e876f61f28/all:all.json.zstd,7901507,mozilla-central/045af2ff58cc0d0a0d31973093f866e876f61f28/all:gtest.json.zstd,3779778,mozilla-central/045af2ff58cc0d0a0d31973093f866e876f61f28/all:cppunittest.json.zstd,2740963,mozilla-central/045af2ff58cc0d0a0d31973093f866e876f61f28/all:xpcshell.json.zstd,4765282,0.05562544874357413,1
babf47c03e73d200c3e3454b03f4ed904d97e5de,2025-10-16 16:39:48.530000+00:00,2025-10,mozilla-central/babf47c03e73d200c3e3454b03f4ed904d97e5de/all:all.json.zstd,7888023,mozilla-central/babf47c03e73d200c3e3454b03f4ed904d97e5de/all:gtest.json.zstd,3780714,mozilla-central/babf47c03e73d200c3e3454b03f4ed904d97e5de/all:cppunittest.json.zstd,2741557,mozilla-central/babf47c03e73d200c3e3454b03f4ed904d97e5de/all:xpcshell.json.zstd,4748575,0.11804502062449197,2
e2c41a355256c341d32b5960f706cb786a742c0c,2025-10-13 13:58:02.230000+00:00,2025-10,mozilla-central/e2c41a355256c341d32b5960f706cb786a742c0c/all:all.json.zstd,7882773,mozilla-central/e2c41a355256c341d32b5960f706cb786a742c0c/all:gtest.json.zstd,3779250,mozilla-central/e2c41a355256c341d32b5960f706cb786a742c0c/all:cppunittest.json.zstd,2740773,mozilla-central/e2c41a355256c341d32b5960f706cb786a742c0c/all:xpcshell.json.zstd,4783757,0.1457170565837963,3
ad1cc8da83e97959bee0a5da12d86593d9f8811e,2025-10-13 19:07:30.058000+00:00,2025-10,mozilla-central/ad1cc8da83e97959bee0a5da12d86593d9f8811e/all:all.json.zstd,7901503,mozilla-central/ad1cc8da83e97959bee0a5da12d86593d9f8811e/all:gtest.json.zstd,3778894,mozilla-central/ad1cc8da83e97959bee0a5da12d86593d9f8811e/all:cppunittest.json.zstd,2741022,mozilla-central/ad1cc8da83e97959bee0a5da12d86593d9f8811e/all:xpcshell.json.zstd,4799686,0.20472573647635717,4
c8f9e8584155d95a1d44eb7fba91d39c22941aa0,2025-10-06 16:30:18.614000+00:00,2025-10,mozilla-central/c8f9e8584155d95a1d44eb7fba91d39c22941aa0/all:all.json.zstd,7891847,mozilla-central/c8f9e8584155d95a1d44eb7fba91d39c22941aa0/all:gtest.json.zstd,3776979,mozilla-central/c8f9e8584155d95a1d44eb7fba91d39c22941aa0/all:cppunittest.json.zstd,2737567,mozilla-central/c8f9e8584155d95a1d44eb7fba91d39c22941aa0/all:xpcshell.json.zstd,4772073,0.2471150745543439,5
95ed8ab23f3939bca3437acb008a33f7c4743646,2025-11-25 12:58:06.469000+00:00,2025-11,mozilla-central/95ed8ab23f3939bca3437acb008a33f7c4743646/all:all.json.zstd,4244973,mozilla-central/95ed8ab23f3939bca3437acb008a33f7c4743646/all:gtest.json.zstd,2040295,mozilla-central/95ed8ab23f3939bca3437acb008a33f7c4743646/all:cppunittest.json.zstd,1655569,mozilla-central/95ed8ab23f3939bca3437acb008a33f7c4743646/all:xpcshell.json.zstd,2688086,0.34927577113939307,1
bd3f1c131ae622d0988d11929fe118679a9e0133,2025-11-26 19:21:04.339000+00:00,2025-11,mozilla-central/bd3f1c131ae622d0988d11929fe118679a9e0133/all:all.json.zstd,4254501,mozilla-central/bd3f1c131ae622d0988d11929fe118679a9e0133/all:gtest.json.zstd,2040091,mozilla-central/bd3f1c131ae622d0988d11929fe118679a9e0133/all:cppunittest.json.zstd,1655780,mozilla-central/bd3f1c131ae622d0988d11929fe118679a9e0133/all:xpcshell.json.zstd,2691534,0.3906990435293938,2
69c8e44892450a995ff8c2ea78edb1b4797e31f4,2025-11-17 07:24:49.134000+00:00,2025-11,mozilla-central/69c8e44892450a995ff8c2ea78edb1b4797e31f4/all:all.json.zstd,4246944,mozilla-central/69c8e44892450a995ff8c2ea78edb1b4797e31f4/all:gtest.json.zstd,2021224,mozilla-central/69c8e44892450a995ff8c2ea78edb1b4797e31f4/all:cppunittest.json.zstd,1638305,mozilla-central/69c8e44892450a995ff8c2ea78edb1b4797e31f4/all:xpcshell.json.zstd,2685047,0.390813488786268,3
ff0a4b9cf66acf088133e3e3ef152c9a2d43cfc2,2025-11-18 03:50:29.435000+00:00,2025-11,mozilla-central/ff0a4b9cf66acf088133e3e3ef152c9a2d43cfc2/all:all.json.zstd,4259600,mozilla-central/ff0a4b9cf66acf088133e3e3ef152c9a2d43cfc2/all:gtest.json.zstd,2024216,mozilla-central/ff0a4b9cf66acf088133e3e3ef152c9a2d43cfc2/all:cppunittest.json.zstd,1640825,mozilla-central/ff0a4b9cf66acf088133e3e3ef152c9a2d43cfc2/all:xpcshell.json.zstd,2689658,0.3941806321610656,4
338a6e3364affc3d684102fa705d5a02b9f46ac8,2025-11-17 15:48:52.069000+00:00,2025-11,mozilla-central/338a6e3364affc3d684102fa705d5a02b9f46ac8/all:all.json.zstd,4237983,mozilla-central/338a6e3364affc3d684102fa705d5a02b9f46ac8/all:gtest.json.zstd,2021246,mozilla-central/338a6e3364affc3d684102fa705d5a02b9f46ac8/all:cppunittest.json.zstd,1638151,mozilla-central/338a6e3364affc3d684102fa705d5a02b9f46ac8/all:xpcshell.json.zstd,2677939,0.41339721057796897,5
8c39f0d3b6fe6d7c3b23f49999e354e132a16605,2025-12-14 03:49:22.005000+00:00,2025-12,mozilla-central/8c39f0d3b6fe6d7c3b23f49999e354e132a16605/all:all.json.zstd,4261630,mozilla-central/8c39f0d3b6fe6d7c3b23f49999e354e132a16605/all:gtest.json.zstd,2021955,mozilla-central/8c39f0d3b6fe6d7c3b23f49999e354e132a16605/all:cppunittest.json.zstd,1657161,mozilla-central/8c39f0d3b6fe6d7c3b23f49999e354e132a16605/all:xpcshell.json.zstd,2707989,0.07810693892437866,1
82d903e7fd6125fcca3b63ed7ed2de0b473eef4a,2025-12-11 12:48:54.789000+00:00,2025-12,mozilla-central/82d903e7fd6125fcca3b63ed7ed2de0b473eef4a/all:all.json.zstd,4258677,mozilla-central/82d903e7fd6125fcca3b63ed7ed2de0b473eef4a/all:gtest.json.zstd,2022089,mozilla-central/82d903e7fd6125fcca3b63ed7ed2de0b473eef4a/all:cppunittest.json.zstd,1656792,mozilla-central/82d903e7fd6125fcca3b63ed7ed2de0b473eef4a/all:xpcshell.json.zstd,2705637,0.09920527103944761,2
7b4f11e5da3fe65285bfafbdedaa45fb8125a3ec,2025-12-10 15:55:05.042000+00:00,2025-12,mozilla-central/7b4f11e5da3fe65285bfafbdedaa45fb8125a3ec/all:all.json.zstd,4257824,mozilla-central/7b4f11e5da3fe65285bfafbdedaa45fb8125a3ec/all:gtest.json.zstd,2022006,mozilla-central/7b4f11e5da3fe65285bfafbdedaa45fb8125a3ec/all:cppunittest.json.zstd,1656572,mozilla-central/7b4f11e5da3fe65285bfafbdedaa45fb8125a3ec/all:xpcshell.json.zstd,2704983,0.11043419942529237,3
5fa58ddc21f32f73fd5d44e86ac3ce61e26037ea,2025-12-08 21:50:56.122000+00:00,2025-12,mozilla-central/5fa58ddc21f32f73fd5d44e86ac3ce61e26037ea/all:all.json.zstd,4262481,mozilla-central/5fa58ddc21f32f73fd5d44e86ac3ce61e26037ea/all:gtest.json.zstd,2022417,mozilla-central/5fa58ddc21f32f73fd5d44e86ac3ce61e26037ea/all:cppunittest.json.zstd,1657006,mozilla-central/5fa58ddc21f32f73fd5d44e86ac3ce61e26037ea/all:xpcshell.json.zstd,2705546,0.1698961721234409,4
deaf4cdda67a9e07b932476db4f3b08ac95990e7,2025-12-10 12:48:35.968000+00:00,2025-12,mozilla-central/deaf4cdda67a9e07b932476db4f3b08ac95990e7/all:all.json.zstd,4258604,mozilla-central/deaf4cdda67a9e07b932476db4f3b08ac95990e7/all:gtest.json.zstd,2021893,mozilla-central/deaf4cdda67a9e07b932476db4f3b08ac95990e7/all:cppunittest.json.zstd,1656624,mozilla-central/deaf4cdda67a9e07b932476db4f3b08ac95990e7/all:xpcshell.json.zstd,2695622,0.1744201213150935,5
d630ef7d293f2e0da8df4add763f76010f4f119a,2026-01-15 16:47:33.445000+00:00,2026-01,mozilla-central/d630ef7d293f2e0da8df4add763f76010f4f119a/all:all.json.zstd,3484294,mozilla-central/d630ef7d293f2e0da8df4add763f76010f4f119a/all:gtest.json.zstd,1943632,mozilla-central/d630ef7d293f2e0da8df4add763f76010f4f119a/all:cppunittest.json.zstd,1514345,mozilla-central/d630ef7d293f2e0da8df4add763f76010f4f119a/all:xpcshell.json.zstd,2483921,0.8214942606686423,1
779d6551f7f3d4c240d20c1bbb78e5d82b132e2e,2026-01-18 09:48:20.009000+00:00,2026-01,mozilla-central/779d6551f7f3d4c240d20c1bbb78e5d82b132e2e/all:all.json.zstd,3471465,mozilla-central/779d6551f7f3d4c240d20c1bbb78e5d82b132e2e/all:gtest.json.zstd,1944649,mozilla-central/779d6551f7f3d4c240d20c1bbb78e5d82b132e2e/all:cppunittest.json.zstd,1514409,mozilla-central/779d6551f7f3d4c240d20c1bbb78e5d82b132e2e/all:xpcshell.json.zstd,2486623,0.8274777538570453,2
8c00e8a44e20738762d5ee4e72820e1cda4c8668,2026-01-13 15:33:52.488000+00:00,2026-01,mozilla-central/8c00e8a44e20738762d5ee4e72820e1cda4c8668/all:all.json.zstd,3478466,mozilla-central/8c00e8a44e20738762d5ee4e72820e1cda4c8668/all:gtest.json.zstd,1942330,mozilla-central/8c00e8a44e20738762d5ee4e72820e1cda4c8668/all:cppunittest.json.zstd,1512696,mozilla-central/8c00e8a44e20738762d5ee4e72820e1cda4c8668/all:xpcshell.json.zstd,2481516,0.8507961311381431,3
cd28f573b7917f3e394ae732d765960119ad32bc,2026-01-19 22:24:09.054000+00:00,2026-01,mozilla-central/cd28f573b7917f3e394ae732d765960119ad32bc/all:all.json.zstd,3475570,mozilla-central/cd28f573b7917f3e394ae732d765960119ad32bc/all:gtest.json.zstd,1944485,mozilla-central/cd28f573b7917f3e394ae732d765960119ad32bc/all:cppunittest.json.zstd,1514524,mozilla-central/cd28f573b7917f3e394ae732d765960119ad32bc/all:xpcshell.json.zstd,2483059,0.8613479656148704,4
395b1f5ade45aae8d72ce5719f020c0eb3505c2f,2026-01-11 22:33:20.931000+00:00,2026-01,mozilla-central/395b1f5ade45aae8d72ce5719f020c0eb3505c2f/all:all.json.zstd,3474779,mozilla-central/395b1f5ade45aae8d72ce5719f020c0eb3505c2f/all:gtest.json.zstd,1942072,mozilla-central/395b1f5ade45aae8d72ce5719f020c0eb3505c2f/all:cppunittest.json.zstd,1512842,mozilla-central/395b1f5ade45aae8d72ce5719f020c0eb3505c2f/all:xpcshell.json.zstd,2481400,0.8615755831166438,5
c88d643b1d753a46526dbee7f44d89212fff48ff,2026-03-15 17:41:20.473000+00:00,2026-03,mozilla-central/c88d643b1d753a46526dbee7f44d89212fff48ff/all:all.json.zstd,7996018,mozilla-central/c88d643b1d753a46526dbee7f44d89212fff48ff/all:gtest.json.zstd,3046783,mozilla-central/c88d643b1d753a46526dbee7f44d89212fff48ff/all:cppunittest.json.zstd,2806229,mozilla-central/c88d643b1d753a46526dbee7f44d89212fff48ff/all:xpcshell.json.zstd,4875688,0.03112303898593024,1
b75b5f11053dddb3b688e6a4af3ac66e4bec9e6d,2026-03-13 01:38:49.782000+00:00,2026-03,mozilla-central/b75b5f11053dddb3b688e6a4af3ac66e4bec9e6d/all:all.json.zstd,8004813,mozilla-central/b75b5f11053dddb3b688e6a4af3ac66e4bec9e6d/all:gtest.json.zstd,3046941,mozilla-central/b75b5f11053dddb3b688e6a4af3ac66e4bec9e6d/all:cppunittest.json.zstd,2806208,mozilla-central/b75b5f11053dddb3b688e6a4af3ac66e4bec9e6d/all:xpcshell.json.zstd,4884395,0.08864326901981054,2
fc4b1a94b08bc9f04fd5ebd3cda7a1251a2f5499,2026-03-18 09:02:25.730000+00:00,2026-03,mozilla-central/fc4b1a94b08bc9f04fd5ebd3cda7a1251a2f5499/all:all.json.zstd,8013002,mozilla-central/fc4b1a94b08bc9f04fd5ebd3cda7a1251a2f5499/all:gtest.json.zstd,3047380,mozilla-central/fc4b1a94b08bc9f04fd5ebd3cda7a1251a2f5499/all:cppunittest.json.zstd,2806563,mozilla-central/fc4b1a94b08bc9f04fd5ebd3cda7a1251a2f5499/all:xpcshell.json.zstd,4884290,0.11949856142622209,3
4406f8052ac87ded8e6bea1d998f7a3045decd01,2026-03-13 07:28:51.615000+00:00,2026-03,mozilla-central/4406f8052ac87ded8e6bea1d998f7a3045decd01/all:all.json.zstd,8016734,mozilla-central/4406f8052ac87ded8e6bea1d998f7a3045decd01/all:gtest.json.zstd,3046459,mozilla-central/4406f8052ac87ded8e6bea1d998f7a3045decd01/all:cppunittest.json.zstd,2806050,mozilla-central/4406f8052ac87ded8e6bea1d998f7a3045decd01/all:xpcshell.json.zstd,4886720,0.12468351852272438,4
81adc19b420f055dd9e5b1ef30962829b403437d,2026-03-20 21:12:24.663000+00:00,2026-03,mozilla-central/81adc19b420f055dd9e5b1ef30962829b403437d/all:all.json.zstd,8001442,mozilla-central/81adc19b420f055dd9e5b1ef30962829b403437d/all:gtest.json.zstd,3047586,mozilla-central/81adc19b420f055dd9e5b1ef30962829b403437d/all:cppunittest.json.zstd,2806079,mozilla-central/81adc19b420f055dd9e5b1ef30962829b403437d/all:xpcshell.json.zstd,4880133,0.13048576185550423,5
bb7e4d6d24f297c574d5fd71586cc7724a65dc58,2026-04-09 08:51:58.694000+00:00,2026-04,mozilla-central/bb7e4d6d24f297c574d5fd71586cc7724a65dc58/all:all.json.zstd,7957265,mozilla-central/bb7e4d6d24f297c574d5fd71586cc7724a65dc58/all:gtest.json.zstd,2970416,mozilla-central/bb7e4d6d24f297c574d5fd71586cc7724a65dc58/all:cppunittest.json.zstd,2809716,mozilla-central/bb7e4d6d24f297c574d5fd71586cc7724a65dc58/all:xpcshell.json.zstd,4903083,0.13887340926173042,1
1d3cb4b58d6f9704ceef305871ea0d080a96e423,2026-04-07 07:41:42.097000+00:00,2026-04,mozilla-central/1d3cb4b58d6f9704ceef305871ea0d080a96e423/all:all.json.zstd,7955133,mozilla-central/1d3cb4b58d6f9704ceef305871ea0d080a96e423/all:gtest.json.zstd,2971973,mozilla-central/1d3cb4b58d6f9704ceef305871ea0d080a96e423/all:cppunittest.json.zstd,2811204,mozilla-central/1d3cb4b58d6f9704ceef305871ea0d080a96e423/all:xpcshell.json.zstd,4904058,0.19990973467564638,2
81abdb7c8eeb3acea1998958484d475d8fb729dd,2026-04-07 14:25:33.959000+00:00,2026-04,mozilla-central/81abdb7c8eeb3acea1998958484d475d8fb729dd/all:all.json.zstd,7964379,mozilla-central/81abdb7c8eeb3acea1998958484d475d8fb729dd/all:gtest.json.zstd,2971815,mozilla-central/81abdb7c8eeb3acea1998958484d475d8fb729dd/all:cppunittest.json.zstd,2811403,mozilla-central/81abdb7c8eeb3acea1998958484d475d8fb729dd/all:xpcshell.json.zstd,4926286,0.2806683006660588,3
e5128e3c28db1bb18bacf3e3b7a2878d57a6357d,2026-04-10 01:21:00.564000+00:00,2026-04,mozilla-central/e5128e3c28db1bb18bacf3e3b7a2878d57a6357d/all:all.json.zstd,8023440,mozilla-central/e5128e3c28db1bb18bacf3e3b7a2878d57a6357d/all:gtest.json.zstd,2970152,mozilla-central/e5128e3c28db1bb18bacf3e3b7a2878d57a6357d/all:cppunittest.json.zstd,2809601,mozilla-central/e5128e3c28db1bb18bacf3e3b7a2878d57a6357d/all:xpcshell.json.zstd,4910092,0.30087973006073876,4
f850e62a23fb0f218c56ff26cdcf77aedf56be4f,2026-04-16 02:18:24.987000+00:00,2026-04,mozilla-central/f850e62a23fb0f218c56ff26cdcf77aedf56be4f/all:all.json.zstd,7915013,mozilla-central/f850e62a23fb0f218c56ff26cdcf77aedf56be4f/all:gtest.json.zstd,2939552,mozilla-central/f850e62a23fb0f218c56ff26cdcf77aedf56be4f/all:cppunittest.json.zstd,2777487,mozilla-central/f850e62a23fb0f218c56ff26cdcf77aedf56be4f/all:xpcshell.json.zstd,4883796,0.4573393357289792,5
e9358a356b31f7db95cfdf055919e34ef43d7e85,2026-05-15 13:39:54.251000+00:00,2026-05,mozilla-central/e9358a356b31f7db95cfdf055919e34ef43d7e85/all:all.json.zstd,4248897,mozilla-central/e9358a356b31f7db95cfdf055919e34ef43d7e85/all:gtest.json.zstd,1912848,mozilla-central/e9358a356b31f7db95cfdf055919e34ef43d7e85/all:cppunittest.json.zstd,1385625,mozilla-central/e9358a356b31f7db95cfdf055919e34ef43d7e85/all:xpcshell.json.zstd,2513464,0.11985328565871865,1
5d9c19d9996f4d2ceafb11a9b1268b0a814c71f2,2026-05-20 14:13:28.552000+00:00,2026-05,mozilla-central/5d9c19d9996f4d2ceafb11a9b1268b0a814c71f2/all:all.json.zstd,4246686,mozilla-central/5d9c19d9996f4d2ceafb11a9b1268b0a814c71f2/all:gtest.json.zstd,1911992,mozilla-central/5d9c19d9996f4d2ceafb11a9b1268b0a814c71f2/all:cppunittest.json.zstd,1383731,mozilla-central/5d9c19d9996f4d2ceafb11a9b1268b0a814c71f2/all:xpcshell.json.zstd,2509302,0.1707682368281421,2
7ecf6404b86dfbf101ebf4b67062a3dbb09fd4ee,2026-05-18 13:08:29.688000+00:00,2026-05,mozilla-central/7ecf6404b86dfbf101ebf4b67062a3dbb09fd4ee/all:all.json.zstd,4246078,mozilla-central/7ecf6404b86dfbf101ebf4b67062a3dbb09fd4ee/all:gtest.json.zstd,1913507,mozilla-central/7ecf6404b86dfbf101ebf4b67062a3dbb09fd4ee/all:cppunittest.json.zstd,1386116,mozilla-central/7ecf6404b86dfbf101ebf4b67062a3dbb09fd4ee/all:xpcshell.json.zstd,2513131,0.17746827122150613,3
4b16f692f6a5279f456a58eb68640e5a188dab56,2026-05-19 19:33:08.498000+00:00,2026-05,mozilla-central/4b16f692f6a5279f456a58eb68640e5a188dab56/all:all.json.zstd,4232584,mozilla-central/4b16f692f6a5279f456a58eb68640e5a188dab56/all:gtest.json.zstd,1911173,mozilla-central/4b16f692f6a5279f456a58eb68640e5a188dab56/all:cppunittest.json.zstd,1383756,mozilla-central/4b16f692f6a5279f456a58eb68640e5a188dab56/all:xpcshell.json.zstd,2512540,0.19970606158239113,4
520dadc9ed398ea64cd462c5b3b21bc45a75b3d5,2026-05-15 20:22:27.892000+00:00,2026-05,mozilla-central/520dadc9ed398ea64cd462c5b3b21bc45a75b3d5/all:all.json.zstd,4238403,mozilla-central/520dadc9ed398ea64cd462c5b3b21bc45a75b3d5/all:gtest.json.zstd,1912854,mozilla-central/520dadc9ed398ea64cd462c5b3b21bc45a75b3d5/all:cppunittest.json.zstd,1385605,mozilla-central/520dadc9ed398ea64cd462c5b3b21bc45a75b3d5/all:xpcshell.json.zstd,2523422,0.2016055815900449,5
533aa28a48d84d3d54c3616c333754b4a3ddfcc8,2026-06-14 16:09:04.933000+00:00,2026-06,mozilla-central/533aa28a48d84d3d54c3616c333754b4a3ddfcc8/all:all.json.zstd,4260353,mozilla-central/533aa28a48d84d3d54c3616c333754b4a3ddfcc8/all:gtest.json.zstd,1940579,mozilla-central/533aa28a48d84d3d54c3616c333754b4a3ddfcc8/all:cppunittest.json.zstd,1379670,mozilla-central/533aa28a48d84d3d54c3616c333754b4a3ddfcc8/all:xpcshell.json.zstd,2505169,0.06756759054187987,1
af6589f0190f98220461228256bb32c722a74ee2,2026-06-18 13:42:53.345000+00:00,2026-06,mozilla-central/af6589f0190f98220461228256bb32c722a74ee2/all:all.json.zstd,4255879,mozilla-central/af6589f0190f98220461228256bb32c722a74ee2/all:gtest.json.zstd,1942494,mozilla-central/af6589f0190f98220461228256bb32c722a74ee2/all:cppunittest.json.zstd,1380854,mozilla-central/af6589f0190f98220461228256bb32c722a74ee2/all:xpcshell.json.zstd,2509139,0.10222753867816715,2
3244103125f59ccd10f98e10081df8b214e2fd09,2026-06-10 16:47:37.122000+00:00,2026-06,mozilla-central/3244103125f59ccd10f98e10081df8b214e2fd09/all:all.json.zstd,4259753,mozilla-central/3244103125f59ccd10f98e10081df8b214e2fd09/all:gtest.json.zstd,1941404,mozilla-central/3244103125f59ccd10f98e10081df8b214e2fd09/all:cppunittest.json.zstd,1380713,mozilla-central/3244103125f59ccd10f98e10081df8b214e2fd09/all:xpcshell.json.zstd,2509866,0.11521715563321472,3
41bab63bf46ac59a75d77e8dd277c8278072417d,2026-06-17 13:37:55.825000+00:00,2026-06,mozilla-central/41bab63bf46ac59a75d77e8dd277c8278072417d/all:all.json.zstd,4267847,mozilla-central/41bab63bf46ac59a75d77e8dd277c8278072417d/all:gtest.json.zstd,1942275,mozilla-central/41bab63bf46ac59a75d77e8dd277c8278072417d/all:cppunittest.json.zstd,1380282,mozilla-central/41bab63bf46ac59a75d77e8dd277c8278072417d/all:xpcshell.json.zstd,2506194,0.12581341524589224,4
b2c97442595f3b7da4fcdc90036c01851c9485e6,2026-06-12 13:09:53.113000+00:00,2026-06,mozilla-central/b2c97442595f3b7da4fcdc90036c01851c9485e6/all:all.json.zstd,4254886,mozilla-central/b2c97442595f3b7da4fcdc90036c01851c9485e6/all:gtest.json.zstd,1940683,mozilla-central/b2c97442595f3b7da4fcdc90036c01851c9485e6/all:cppunittest.json.zstd,1379321,mozilla-central/b2c97442595f3b7da4fcdc90036c01851c9485e6/all:xpcshell.json.zstd,2505912,0.13379460698096465,5
81e16b8b160978895af87d9470e428747b0f3331,2026-07-22 08:11:30.112000+00:00,2026-07,mozilla-central/81e16b8b160978895af87d9470e428747b0f3331/all:all.json.zstd,4101612,mozilla-central/81e16b8b160978895af87d9470e428747b0f3331/all:gtest.json.zstd,1839212,mozilla-central/81e16b8b160978895af87d9470e428747b0f3331/all:cppunittest.json.zstd,1335002,mozilla-central/81e16b8b160978895af87d9470e428747b0f3331/all:xpcshell.json.zstd,2455373,0.17412727930030256,1
4c1ce8f04007e1ebcc15ee64c68b6461c41413f9,2026-07-20 13:11:55.414000+00:00,2026-07,mozilla-central/4c1ce8f04007e1ebcc15ee64c68b6461c41413f9/all:all.json.zstd,4102504,mozilla-central/4c1ce8f04007e1ebcc15ee64c68b6461c41413f9/all:gtest.json.zstd,1837999,mozilla-central/4c1ce8f04007e1ebcc15ee64c68b6461c41413f9/all:cppunittest.json.zstd,1334138,mozilla-central/4c1ce8f04007e1ebcc15ee64c68b6461c41413f9/all:xpcshell.json.zstd,2453180,0.17691568767687643,2
3b3940b51f2bbd4c03cd711910df2d0445eb1870,2026-07-19 13:14:36.286000+00:00,2026-07,mozilla-central/3b3940b51f2bbd4c03cd711910df2d0445eb1870/all:all.json.zstd,4108389,mozilla-central/3b3940b51f2bbd4c03cd711910df2d0445eb1870/all:gtest.json.zstd,1838350,mozilla-central/3b3940b51f2bbd4c03cd711910df2d0445eb1870/all:cppunittest.json.zstd,1334315,mozilla-central/3b3940b51f2bbd4c03cd711910df2d0445eb1870/all:xpcshell.json.zstd,2453194,0.1790357976873057,3
300705c65d1bef7a70d59fcf59662246b177eb7d,2026-07-17 16:12:05.284000+00:00,2026-07,mozilla-central/300705c65d1bef7a70d59fcf59662246b177eb7d/all:all.json.zstd,4105547,mozilla-central/300705c65d1bef7a70d59fcf59662246b177eb7d/all:gtest.json.zstd,1837389,mozilla-central/300705c65d1bef7a70d59fcf59662246b177eb7d/all:cppunittest.json.zstd,1333832,mozilla-central/300705c65d1bef7a70d59fcf59662246b177eb7d/all:xpcshell.json.zstd,2447969,0.18800264728902522,4
1d0f3519e52671ddced90bd213a8fb6867473d61,2026-07-18 12:40:58.777000+00:00,2026-07,mozilla-central/1d0f3519e52671ddced90bd213a8fb6867473d61/all:all.json.zstd,4123000,mozilla-central/1d0f3519e52671ddced90bd213a8fb6867473d61/all:gtest.json.zstd,1837874,mozilla-central/1d0f3519e52671ddced90bd213a8fb6867473d61/all:cppunittest.json.zstd,1334150,mozilla-central/1d0f3519e52671ddced90bd213a8fb6867473d61/all:xpcshell.json.zstd,2458701,0.20518210247715352,5
be1ad74e08cab1c71617c3f54a0b95bc01641eab,2026-08-12 02:38:47.118000+00:00,2026-08,mozilla-central/be1ad74e08cab1c71617c3f54a0b95bc01641eab/all:all.json.zstd,4083225,mozilla-central/be1ad74e08cab1c71617c3f54a0b95bc01641eab/all:gtest.json.zstd,1847958,mozilla-central/be1ad74e08cab1c71617c3f54a0b95bc01641eab/all:cppunittest.json.zstd,1338713,mozilla-central/be1ad74e08cab1c71617c3f54a0b95bc01641eab/all:xpcshell.json.zstd,2467229,0.11969689076213401,1
c4553b05da184d7e5dae55cf783bbdea56bb0814,2026-08-13 18:07:51.193000+00:00,2026-08,mozilla-central/c4553b05da184d7e5dae55cf783bbdea56bb0814/all:all.json.zstd,4094057,mozilla-central/c4553b05da184d7e5dae55cf783bbdea56bb0814/all:gtest.json.zstd,1847601,mozilla-central/c4553b05da184d7e5dae55cf783bbdea56bb0814/all:cppunittest.json.zstd,1338589,mozilla-central/c4553b05da184d7e5dae55cf783bbdea56bb0814/all:xpcshell.json.zstd,2467531,0.13161437215887495,2
e2b225c4fce662da15c9e02b34d64a30ed4854e2,2026-08-07 01:16:23.360000+00:00,2026-08,mozilla-central/e2b225c4fce662da15c9e02b34d64a30ed4854e2/all:all.json.zstd,4080981,mozilla-central/e2b225c4fce662da15c9e02b34d64a30ed4854e2/all:gtest.json.zstd,1845592,mozilla-central/e2b225c4fce662da15c9e02b34d64a30ed4854e2/all:cppunittest.json.zstd,1337412,mozilla-central/e2b225c4fce662da15c9e02b34d64a30ed4854e2/all:xpcshell.json.zstd,2469061,0.18806499810896557,3
500cfdadcb91c71931023cc0b0a96c21e7d1ca46,2026-08-08 01:09:31.709000+00:00,2026-08,mozilla-central/500cfdadcb91c71931023cc0b0a96c21e7d1ca46/all:all.json.zstd,4081215,mozilla-central/500cfdadcb91c71931023cc0b0a96c21e7d1ca46/all:gtest.json.zstd,1846175,mozilla-central/500cfdadcb91c71931023cc0b0a96c21e7d1ca46/all:cppunittest.json.zstd,1337618,mozilla-central/500cfdadcb91c71931023cc0b0a96c21e7d1ca46/all:xpcshell.json.zstd,2464840,0.19448740894783273,4
5d8f92a89915507ab48edf9f3585b69d5fedf976,2026-08-12 23:59:34.658000+00:00,2026-08,mozilla-central/5d8f92a89915507ab48edf9f3585b69d5fedf976/all:all.json.zstd,4077156,mozilla-central/5d8f92a89915507ab48edf9f3585b69d5fedf976/all:gtest.json.zstd,1846815,mozilla-central/5d8f92a89915507ab48edf9f3585b69d5fedf976/all:cppunittest.json.zstd,1338367,mozilla-central/5d8f92a89915507ab48edf9f3585b69d5fedf976/all:xpcshell.json.zstd,2455852,0.2065508876629127,5
