commit_time_pst,date,revision,line_covered,line_total,line_coverage_pct,branch_covered,branch_total,branch_coverage_pct,report_url
2021-01-27 18:33:02,2021-01-27,dfc36f6,6004729,11310510,53.08981646274129,2987562,7743196,38.58306053469394,https://analysis.chromium.org/coverage/p/chromium/dir?host=chromium.googlesource.com&project=chromium/src&ref=refs/heads/master&revision=dfc36f65d942e7f90554a58d79495b791d5ce128&path=//&platform=linux&test_suite_type=unit&modifier_id=0
2021-01-28 12:35:42,2021-01-28,9ec0d2c,6009251,11316005,53.1039973913055,2989003,7745670,38.589340883358055,https://analysis.chromium.org/coverage/p/chromium/dir?host=chromium.googlesource.com&project=chromium/src&ref=refs/heads/master&revision=9ec0d2cc493fb94b9b1a12f22d2fd8b6e967cc48&path=//&platform=linux&test_suite_type=unit&modifier_id=0
2021-01-29 12:37:28,2021-01-29,a394390,6008896,11320482,53.07986002716139,2989997,7749462,38.583284878356714,https://analysis.chromium.org/coverage/p/chromium/dir?host=chromium.googlesource.com&project=chromium/src&ref=refs/heads/master&revision=a394390dda97c483e0ff2c4965334b6989a487ee&path=//&platform=linux&test_suite_type=unit&modifier_id=0
2021-01-29 06:38:01,2021-01-29,cbdf46f,6005586,11318928,53.05790442345777,2988152,7747840,38.56754914918223,https://analysis.chromium.org/coverage/p/chromium/dir?host=chromium.googlesource.com&project=chromium/src&ref=refs/heads/master&revision=cbdf46fc4ff8f3bbad95ba0a5d2c4df83ee91856&path=//&platform=linux&test_suite_type=unit&modifier_id=0
2021-01-29 18:38:20,2021-01-29,9252dc9,5984662,11320669,52.86491460884511,2959021,7749612,38.18282773382719,https://analysis.chromium.org/coverage/p/chromium/dir?host=chromium.googlesource.com&project=chromium/src&ref=refs/heads/master&revision=9252dc9faff8b407dd47f5f870645ff1aae8cb96&path=//&platform=linux&test_suite_type=unit&modifier_id=0
2021-01-30 10:28:09,2021-01-30,878a605,6014579,11320794,53.12859681043574,2991956,7749690,38.607428168094465,https://analysis.chromium.org/coverage/p/chromium/dir?host=chromium.googlesource.com&project=chromium/src&ref=refs/heads/master&revision=878a605f67559ea0fb1a62423884aa95f38f1d3f&path=//&platform=linux&test_suite_type=unit&modifier_id=0
2021-01-31 18:39:15,2021-01-31,309439c,6011763,11320579,53.1047307739295,2991258,7749946,38.597146354310084,https://analysis.chromium.org/coverage/p/chromium/dir?host=chromium.googlesource.com&project=chromium/src&ref=refs/heads/master&revision=309439c7f616b00fc0d3bd5f05590bf5f5841b40&path=//&platform=linux&test_suite_type=unit&modifier_id=0
2021-01-31 00:25:58,2021-01-31,4fa7853,6006367,11320397,53.057918375124125,2989324,7749818,38.572828419970634,https://analysis.chromium.org/coverage/p/chromium/dir?host=chromium.googlesource.com&project=chromium/src&ref=refs/heads/master&revision=4fa785361d08dfe372ce4e756aa2147a308cc990&path=//&platform=linux&test_suite_type=unit&modifier_id=0
2021-02-01 06:35:46,2021-02-01,ba970db,6006770,11323239,53.04816051308287,2989194,7751326,38.563647045679666,https://analysis.chromium.org/coverage/p/chromium/dir?host=chromium.googlesource.com&project=chromium/src&ref=refs/heads/master&revision=ba970dba85869958363557a2d467ec7a7bfd838c&path=//&platform=linux&test_suite_type=unit&modifier_id=0
2021-02-01 00:38:53,2021-02-01,7f2242b,6013521,11320818,53.11913856401543,2991303,7750008,38.5974182220199,https://analysis.chromium.org/coverage/p/chromium/dir?host=chromium.googlesource.com&project=chromium/src&ref=refs/heads/master&revision=7f2242b384314e47d7c2c05fd9c14fe0e80af737&path=//&platform=linux&test_suite_type=unit&modifier_id=0
2021-02-01 18:39:50,2021-02-01,0f95180,6012119,11327495,53.07545048574288,2991497,7753964,38.580228125897925,https://analysis.chromium.org/coverage/p/chromium/dir?host=chromium.googlesource.com&project=chromium/src&ref=refs/heads/master&revision=0f95180fdfab8be23740a302bb469d802793ec1b&path=//&platform=linux&test_suite_type=unit&modifier_id=0
2021-02-02 18:34:35,2021-02-02,917107c,6047516,11371896,53.17948739594523,2999104,7768142,38.6077391479198,https://analysis.chromium.org/coverage/p/chromium/dir?host=chromium.googlesource.com&project=chromium/src&ref=refs/heads/master&revision=917107c26181f0d54c5011fd07fc6a668dd6add3&path=//&platform=linux&test_suite_type=unit&modifier_id=0
2021-02-02 00:29:48,2021-02-02,5a3ad48,6045284,11362452,53.20404433831712,2999563,7767788,38.61540762955941,https://analysis.chromium.org/coverage/p/chromium/dir?host=chromium.googlesource.com&project=chromium/src&ref=refs/heads/master&revision=5a3ad4823597a66129edb847f70a97de6c9d6d1f&path=//&platform=linux&test_suite_type=unit&modifier_id=0
2021-02-02 06:34:03,2021-02-02,b482d3f,6041594,11367538,53.14777922888844,2999079,7771550,38.59048709716852,https://analysis.chromium.org/coverage/p/chromium/dir?host=chromium.googlesource.com&project=chromium/src&ref=refs/heads/master&revision=b482d3fe239394c1874bf613ba3947ab3c074f1b&path=//&platform=linux&test_suite_type=unit&modifier_id=0
2021-02-02 12:40:26,2021-02-02,7e4e583,6045048,11365793,53.18632848583464,2997963,7766320,38.60210498666035,https://analysis.chromium.org/coverage/p/chromium/dir?host=chromium.googlesource.com&project=chromium/src&ref=refs/heads/master&revision=7e4e583c0cae170b4f9d308250d3aab3e3aa6dd9&path=//&platform=linux&test_suite_type=unit&modifier_id=0
2021-02-03 00:39:21,2021-02-03,d3f210e,6040589,11372636,53.115117726444424,2996961,7768834,38.57671563068538,https://analysis.chromium.org/coverage/p/chromium/dir?host=chromium.googlesource.com&project=chromium/src&ref=refs/heads/master&revision=d3f210efb8815b02acbd27e63650921132e45246&path=//&platform=linux&test_suite_type=unit&modifier_id=0
2021-02-04 18:36:26,2021-02-04,d79cb21,6070505,11340098,53.531327507046235,3017321,7762230,38.871831934895,https://analysis.chromium.org/coverage/p/chromium/dir?host=chromium.googlesource.com&project=chromium/src&ref=refs/heads/master&revision=d79cb21da47919709baad538ebb9077d0b485667&path=//&platform=linux&test_suite_type=unit&modifier_id=0
2021-02-05 00:39:29,2021-02-05,c14c2f2,6062913,11340796,53.46108862199796,3014231,7762446,38.830943236191274,https://analysis.chromium.org/coverage/p/chromium/dir?host=chromium.googlesource.com&project=chromium/src&ref=refs/heads/master&revision=c14c2f222d41267f5ca895916f00754884c812ad&path=//&platform=linux&test_suite_type=unit&modifier_id=0
2021-02-05 06:32:47,2021-02-05,50726ae,6065166,11341395,53.47813033581848,3015225,7763098,38.840486104902965,https://analysis.chromium.org/coverage/p/chromium/dir?host=chromium.googlesource.com&project=chromium/src&ref=refs/heads/master&revision=50726aee165794312051c884efcb6ba52d140faf&path=//&platform=linux&test_suite_type=unit&modifier_id=0
2021-02-05 12:38:45,2021-02-05,25cfdde,6072422,11342486,53.53695829997057,3017416,7764002,38.86418370319843,https://analysis.chromium.org/coverage/p/chromium/dir?host=chromium.googlesource.com&project=chromium/src&ref=refs/heads/master&revision=25cfdde6d4242d128c8a49bd3dda7d980d4058d3&path=//&platform=linux&test_suite_type=unit&modifier_id=0
2021-02-05 18:39:37,2021-02-05,7f8d3e6,6041351,11342832,53.261398916954775,2984880,7764180,38.44424008716954,https://analysis.chromium.org/coverage/p/chromium/dir?host=chromium.googlesource.com&project=chromium/src&ref=refs/heads/master&revision=7f8d3e65e130041b7329733d9f15efb6a135ec67&path=//&platform=linux&test_suite_type=unit&modifier_id=0
2021-02-06 00:37:21,2021-02-06,da18617,6067063,11341102,53.496238725302,3015745,7763576,38.84479265740427,https://analysis.chromium.org/coverage/p/chromium/dir?host=chromium.googlesource.com&project=chromium/src&ref=refs/heads/master&revision=da1861760cfe68a9177503fb39d828a83b21b09d&path=//&platform=linux&test_suite_type=unit&modifier_id=0
2021-02-06 12:15:55,2021-02-06,fda1eab,6071846,11341079,53.5385213346984,3016707,7763514,38.857494170809765,https://analysis.chromium.org/coverage/p/chromium/dir?host=chromium.googlesource.com&project=chromium/src&ref=refs/heads/master&revision=fda1eab599aa18a4731275a74385c13d546bb7f6&path=//&platform=linux&test_suite_type=unit&modifier_id=0
2021-02-08 06:32:17,2021-02-08,1b66600,6068866,11343015,53.50311182697017,3016383,7764788,38.84694598229855,https://analysis.chromium.org/coverage/p/chromium/dir?host=chromium.googlesource.com&project=chromium/src&ref=refs/heads/master&revision=1b66600d69ee1976677a091f20fa535c02304a37&path=//&platform=linux&test_suite_type=unit&modifier_id=0
2021-02-08 00:41:30,2021-02-08,1a772a3,6073285,11342126,53.54626637016729,3017416,7764008,38.86415366908432,https://analysis.chromium.org/coverage/p/chromium/dir?host=chromium.googlesource.com&project=chromium/src&ref=refs/heads/master&revision=1a772a3e3bd685f04d539597b3fde7be5bbcd909&path=//&platform=linux&test_suite_type=unit&modifier_id=0
2021-02-09 12:39:40,2021-02-09,e6dea1c,6031227,11171405,53.98807938661252,3006880,7702034,39.040076945908055,https://analysis.chromium.org/coverage/p/chromium/dir?host=chromium.googlesource.com&project=chromium/src&ref=refs/heads/master&revision=e6dea1cfbdcf242f9bf9767fd490b1adb229f57d&path=//&platform=linux&test_suite_type=unit&modifier_id=0
2021-02-09 18:41:14,2021-02-09,d1824a1,5997283,11171013,53.686116021886285,2977481,7702138,38.65785058642159,https://analysis.chromium.org/coverage/p/chromium/dir?host=chromium.googlesource.com&project=chromium/src&ref=refs/heads/master&revision=d1824a19a3032737be46c85d0b1e8be5c4c6da44&path=//&platform=linux&test_suite_type=unit&modifier_id=0
2021-02-09 00:39:48,2021-02-09,38c03c6,6003274,11175974,53.71589089237323,2971296,7707204,38.55219091125653,https://analysis.chromium.org/coverage/p/chromium/dir?host=chromium.googlesource.com&project=chromium/src&ref=refs/heads/master&revision=38c03c69de8ff76fec77531faf43be72107e1a70&path=//&platform=linux&test_suite_type=unit&modifier_id=0
2021-02-10 00:38:35,2021-02-10,2f4e3fb,6029078,11173674,53.95788350367122,3006683,7704252,39.02628055260913,https://analysis.chromium.org/coverage/p/chromium/dir?host=chromium.googlesource.com&project=chromium/src&ref=refs/heads/master&revision=2f4e3fb9a0de508b331b3acc44db0ddacfe15a13&path=//&platform=linux&test_suite_type=unit&modifier_id=0
2021-02-11 12:43:35,2021-02-11,14d59ba,6006775,11167617,53.787437373613365,3009206,7710172,39.02903852209782,https://analysis.chromium.org/coverage/p/chromium/dir?host=chromium.googlesource.com&project=chromium/src&ref=refs/heads/master&revision=14d59ba3a2901227550717a9e305139ae0cf7a05&path=//&platform=linux&test_suite_type=unit&modifier_id=0
2021-02-12 00:42:56,2021-02-12,e437f1f,6012826,11204109,53.66625762030698,3011667,7726570,38.97805882817343,https://analysis.chromium.org/coverage/p/chromium/dir?host=chromium.googlesource.com&project=chromium/src&ref=refs/heads/master&revision=e437f1f7fd605d1106dac0cd279bfe9e78c0a8ca&path=//&platform=linux&test_suite_type=unit&modifier_id=0
2021-02-13 06:34:43,2021-02-13,3b325c0,6008235,11209119,53.60131335923903,3010824,7731974,38.93991366241014,https://analysis.chromium.org/coverage/p/chromium/dir?host=chromium.googlesource.com&project=chromium/src&ref=refs/heads/master&revision=3b325c001bb13d4dc1b343a05ae48a86903aff3a&path=//&platform=linux&test_suite_type=unit&modifier_id=0
2021-02-13 10:59:41,2021-02-13,3f09f61,6008141,11209424,53.59901632768999,3011185,7732690,38.94097655537723,https://analysis.chromium.org/coverage/p/chromium/dir?host=chromium.googlesource.com&project=chromium/src&ref=refs/heads/master&revision=3f09f6179b0e0e95e913c22967816022bb40f27d&path=//&platform=linux&test_suite_type=unit&modifier_id=0
2021-02-14 00:31:45,2021-02-14,3143bcf,6012232,11209146,53.63684262833225,3012682,7732638,38.96059792272702,https://analysis.chromium.org/coverage/p/chromium/dir?host=chromium.googlesource.com&project=chromium/src&ref=refs/heads/master&revision=3143bcff52575c6404c10429f9ac5a491aa4aa9d&path=//&platform=linux&test_suite_type=unit&modifier_id=0
2021-02-14 06:21:25,2021-02-14,ace45d2,6010832,11209173,53.624223660389575,3011688,7732646,38.94770302429466,https://analysis.chromium.org/coverage/p/chromium/dir?host=chromium.googlesource.com&project=chromium/src&ref=refs/heads/master&revision=ace45d2e6677437c98d2e2e5a5f027babcccc246&path=//&platform=linux&test_suite_type=unit&modifier_id=0
2021-02-15 00:40:46,2021-02-15,3289907,6009142,11209190,53.6090654186431,3011479,7732606,38.94520165646614,https://analysis.chromium.org/coverage/p/chromium/dir?host=chromium.googlesource.com&project=chromium/src&ref=refs/heads/master&revision=3289907cbd5b56c47e3ae0801297a586645e795f&path=//&platform=linux&test_suite_type=unit&modifier_id=0
2021-02-15 18:39:59,2021-02-15,055cf21,6014163,11210680,53.646727941570006,3013860,7734152,38.968202331684196,https://analysis.chromium.org/coverage/p/chromium/dir?host=chromium.googlesource.com&project=chromium/src&ref=refs/heads/master&revision=055cf2142b6a0ac90529d24fd626a463295ebd05&path=//&platform=linux&test_suite_type=unit&modifier_id=0
2021-02-16 18:44:05,2021-02-16,19fb4c3,6010562,11210576,53.61510416592332,3007848,7722564,38.948825804486695,https://analysis.chromium.org/coverage/p/chromium/dir?host=chromium.googlesource.com&project=chromium/src&ref=refs/heads/master&revision=19fb4c301cc443bddcf79a921f8a10aeadbb8479&path=//&platform=linux&test_suite_type=unit&modifier_id=0
2021-02-16 06:37:17,2021-02-16,34f817f,5981395,11205549,53.378866131414,2974006,7729666,38.47522001597482,https://analysis.chromium.org/coverage/p/chromium/dir?host=chromium.googlesource.com&project=chromium/src&ref=refs/heads/master&revision=34f817f76e945295630e4c91161c6dbff2bd8ad8&path=//&platform=linux&test_suite_type=unit&modifier_id=0
2021-02-16 12:45:31,2021-02-16,7ed5f7b,6005816,11205958,53.59484659856837,3005975,7720378,38.93559356808695,https://analysis.chromium.org/coverage/p/chromium/dir?host=chromium.googlesource.com&project=chromium/src&ref=refs/heads/master&revision=7ed5f7b9572cdcf4f51385e3f14c91a8b982c1c5&path=//&platform=linux&test_suite_type=unit&modifier_id=0
2021-02-17 12:26:42,2021-02-17,fec992e,6009628,11308301,53.143509356533755,3007101,7770486,38.699008015714845,https://analysis.chromium.org/coverage/p/chromium/dir?host=chromium.googlesource.com&project=chromium/src&ref=refs/heads/master&revision=fec992e5bcf24b91ba9d279c0940e2f1aeae13ea&path=//&platform=linux&test_suite_type=unit&modifier_id=0
2021-02-18 12:44:43,2021-02-18,af20f69,6009686,11316429,53.105851678122136,3007910,7778050,38.671775059301496,https://analysis.chromium.org/coverage/p/chromium/dir?host=chromium.googlesource.com&project=chromium/src&ref=refs/heads/master&revision=af20f69072dc7b50e4cbdc8f395076ee3583a60e&path=//&platform=linux&test_suite_type=unit&modifier_id=0
2021-02-18 18:40:50,2021-02-18,2a21dc9,5982979,11318299,52.86111455440433,2976396,7780206,38.25600504665301,https://analysis.chromium.org/coverage/p/chromium/dir?host=chromium.googlesource.com&project=chromium/src&ref=refs/heads/master&revision=2a21dc942cdd0dc9cbc561f9ae37d595767fb401&path=//&platform=linux&test_suite_type=unit&modifier_id=0
2021-02-19 00:45:53,2021-02-19,eb165a8,6019604,11317524,53.188347557292566,3011534,7778168,38.71778033079254,https://analysis.chromium.org/coverage/p/chromium/dir?host=chromium.googlesource.com&project=chromium/src&ref=refs/heads/master&revision=eb165a8c00df2fd188526486c26c7c1859c9c267&path=//&platform=linux&test_suite_type=unit&modifier_id=0
2021-02-19 06:45:57,2021-02-19,5b55c1c,6011473,11317093,53.11852610913421,3008456,7774752,38.69520211062681,https://analysis.chromium.org/coverage/p/chromium/dir?host=chromium.googlesource.com&project=chromium/src&ref=refs/heads/master&revision=5b55c1c49f5942e659caa0e6bbaaba48d1a81eb5&path=//&platform=linux&test_suite_type=unit&modifier_id=0
2021-02-19 12:46:18,2021-02-19,85e20e8,6012021,11318946,53.1146716310865,3008346,7777266,38.681279513906304,https://analysis.chromium.org/coverage/p/chromium/dir?host=chromium.googlesource.com&project=chromium/src&ref=refs/heads/master&revision=85e20e89143581a1120581013fabad165a50014c&path=//&platform=linux&test_suite_type=unit&modifier_id=0
2021-02-19 21:04:26,2021-02-19,16cd4f6,6012518,11321073,53.109082504812044,3008622,7779104,38.67568809981201,https://analysis.chromium.org/coverage/p/chromium/dir?host=chromium.googlesource.com&project=chromium/src&ref=refs/heads/master&revision=16cd4f6342399aba40573308275126d06cf3a491&path=//&platform=linux&test_suite_type=unit&modifier_id=0
2021-02-20 06:21:01,2021-02-20,0a51860,6015838,11321201,53.1378075523966,3009610,7779180,38.68801081862099,https://analysis.chromium.org/coverage/p/chromium/dir?host=chromium.googlesource.com&project=chromium/src&ref=refs/heads/master&revision=0a518602ef6cb6eb42fb1228db8bfdf23da9d06c&path=//&platform=linux&test_suite_type=unit&modifier_id=0
2021-02-21 00:34:01,2021-02-21,bf5aa15,6020017,11322353,53.16931030148945,3011215,7780418,38.70248359406911,https://analysis.chromium.org/coverage/p/chromium/dir?host=chromium.googlesource.com&project=chromium/src&ref=refs/heads/master&revision=bf5aa15ebf3af09662d2f0e7025f724d0bd287d2&path=//&platform=linux&test_suite_type=unit&modifier_id=0
2021-02-22 06:46:04,2021-02-22,d7f1101,6014403,11326638,53.09963115268626,3009501,7782850,38.66836698638674,https://analysis.chromium.org/coverage/p/chromium/dir?host=chromium.googlesource.com&project=chromium/src&ref=refs/heads/master&revision=d7f1101cc7dbad5e1cde65ff16d47223415c7d32&path=//&platform=linux&test_suite_type=unit&modifier_id=0
2021-02-23 18:54:50,2021-02-23,718daad,6021084,11334804,53.1203186221835,3011990,7786688,38.681272448568635,https://analysis.chromium.org/coverage/p/chromium/dir?host=chromium.googlesource.com&project=chromium/src&ref=refs/heads/master&revision=718daadd3546ed8de515fdc3e77ea9116feaa1a1&path=//&platform=linux&test_suite_type=unit&modifier_id=0
2021-02-24 00:54:43,2021-02-24,afc9beb,6026046,11331410,53.18001907970853,3013896,7787218,38.703115798222164,https://analysis.chromium.org/coverage/p/chromium/dir?host=chromium.googlesource.com&project=chromium/src&ref=refs/heads/master&revision=afc9beb5ed9b9427a49e63c692435038bac50928&path=//&platform=linux&test_suite_type=unit&modifier_id=0
2021-02-24 06:50:40,2021-02-24,1b9e5a3,6027530,11331693,53.19178696422503,3015243,7787370,38.7196575994206,https://analysis.chromium.org/coverage/p/chromium/dir?host=chromium.googlesource.com&project=chromium/src&ref=refs/heads/master&revision=1b9e5a321472c0e7fc838d3e93fc9ce3b5962f34&path=//&platform=linux&test_suite_type=unit&modifier_id=0
2021-02-24 12:54:04,2021-02-24,fc03c82,6028551,11335656,53.1821978366316,3015683,7789760,38.713426344328965,https://analysis.chromium.org/coverage/p/chromium/dir?host=chromium.googlesource.com&project=chromium/src&ref=refs/heads/master&revision=fc03c82966eab461f424a70e6bdb326d3df4e1f1&path=//&platform=linux&test_suite_type=unit&modifier_id=0
2021-02-25 12:54:23,2021-02-25,0253d9d,6032312,11341670,53.187158504876265,3017646,7793218,38.72143702383277,https://analysis.chromium.org/coverage/p/chromium/dir?host=chromium.googlesource.com&project=chromium/src&ref=refs/heads/master&revision=0253d9db9529efd154af2bf1a5b00cee7cbba0d9&path=//&platform=linux&test_suite_type=unit&modifier_id=0
2021-02-25 00:49:23,2021-02-25,dd30761,6004666,11338780,52.956896597341164,2991373,7792050,38.39006423213404,https://analysis.chromium.org/coverage/p/chromium/dir?host=chromium.googlesource.com&project=chromium/src&ref=refs/heads/master&revision=dd30761bd7e06d559a4f69ca2c65242ad38650c8&path=//&platform=linux&test_suite_type=unit&modifier_id=0
2021-02-25 06:51:50,2021-02-25,75cb68b,6033482,11339029,53.20986479530126,3018492,7791950,38.73859560187116,https://analysis.chromium.org/coverage/p/chromium/dir?host=chromium.googlesource.com&project=chromium/src&ref=refs/heads/master&revision=75cb68b305f4d8ad9f3f6331f4d262d0f41c07b4&path=//&platform=linux&test_suite_type=unit&modifier_id=0
2021-03-01 00:47:38,2021-03-01,db61a3d,6010664,11350024,52.95728009033285,2987478,7799150,38.30517428181276,https://analysis.chromium.org/coverage/p/chromium/dir?host=chromium.googlesource.com&project=chromium/src&ref=refs/heads/master&revision=db61a3db6d7010763174c7335be0bf95e64bc7d2&path=//&platform=linux&test_suite_type=unit&modifier_id=0
2021-03-01 18:56:34,2021-03-01,798abb6,6009224,11355442,52.919331541652014,2992108,7801720,38.351901888301555,https://analysis.chromium.org/coverage/p/chromium/dir?host=chromium.googlesource.com&project=chromium/src&ref=refs/heads/master&revision=798abb6c2bb0e4bb010a5cba07b2f9bb2925aa8a&path=//&platform=linux&test_suite_type=unit&modifier_id=0
2021-03-02 18:53:06,2021-03-02,d43676a,6043933,11361270,53.1976882866088,3022351,7804122,38.72762368399674,https://analysis.chromium.org/coverage/p/chromium/dir?host=chromium.googlesource.com&project=chromium/src&ref=refs/heads/master&revision=d43676a08c8a7d6675b2b6bfeac97df31cd4cd64&path=//&platform=linux&test_suite_type=unit&modifier_id=0
2021-03-03 00:53:45,2021-03-03,d2faae6,6037506,11361753,53.138859822071474,3020321,7804002,38.70220689333498,https://analysis.chromium.org/coverage/p/chromium/dir?host=chromium.googlesource.com&project=chromium/src&ref=refs/heads/master&revision=d2faae6ee86fe8763382ca007824c4d48016efd0&path=//&platform=linux&test_suite_type=unit&modifier_id=0
2021-03-03 18:58:04,2021-03-03,5282dab,6040662,11363593,53.15802845103657,3021306,7805194,38.70891613968852,https://analysis.chromium.org/coverage/p/chromium/dir?host=chromium.googlesource.com&project=chromium/src&ref=refs/heads/master&revision=5282dab3e788dfe7c139cf3e148e3c4e70a4d42e&path=//&platform=linux&test_suite_type=unit&modifier_id=0
2021-03-04 00:56:35,2021-03-04,2e1ebe3,6041454,11364555,53.1604977053655,3021555,7805806,38.70907117086948,https://analysis.chromium.org/coverage/p/chromium/dir?host=chromium.googlesource.com&project=chromium/src&ref=refs/heads/master&revision=2e1ebe395ba95d7691caf6329ae21ed0fc975f02&path=//&platform=linux&test_suite_type=unit&modifier_id=0
2021-03-04 12:56:10,2021-03-04,a315aa5,6039581,11365767,53.13834957200865,3021253,7806782,38.70036335073786,https://analysis.chromium.org/coverage/p/chromium/dir?host=chromium.googlesource.com&project=chromium/src&ref=refs/heads/master&revision=a315aa5c7d79b0ac15f9fbbf6f5a185ef3a718d8&path=//&platform=linux&test_suite_type=unit&modifier_id=0
2021-03-04 18:58:04,2021-03-04,c82e816,6044918,11367897,53.17534105032795,3023208,7807752,38.72059460905008,https://analysis.chromium.org/coverage/p/chromium/dir?host=chromium.googlesource.com&project=chromium/src&ref=refs/heads/master&revision=c82e816d9c48035dbe35300c0ee89362defeec64&path=//&platform=linux&test_suite_type=unit&modifier_id=0
2021-03-05 00:58:53,2021-03-05,ad9418d,6044364,11369629,53.1623679189532,3023055,7808242,38.7162052610562,https://analysis.chromium.org/coverage/p/chromium/dir?host=chromium.googlesource.com&project=chromium/src&ref=refs/heads/master&revision=ad9418db1ca270f41ca2f96f24e0497d1951ae48&path=//&platform=linux&test_suite_type=unit&modifier_id=0
2021-03-05 06:55:09,2021-03-05,96d81fd,6041306,11376834,53.10182077017209,3021373,7809192,38.6899566562072,https://analysis.chromium.org/coverage/p/chromium/dir?host=chromium.googlesource.com&project=chromium/src&ref=refs/heads/master&revision=96d81fd0e0ed9e21a6908091774ad7783661464a&path=//&platform=linux&test_suite_type=unit&modifier_id=0
2021-03-05 12:50:08,2021-03-05,76f6150,6047679,11377393,53.15522633348431,3023455,7809658,38.71430733586541,https://analysis.chromium.org/coverage/p/chromium/dir?host=chromium.googlesource.com&project=chromium/src&ref=refs/heads/master&revision=76f6150ffdeb4e6149b759bdb0a6118c6571b79e&path=//&platform=linux&test_suite_type=unit&modifier_id=0
2021-03-05 18:55:58,2021-03-05,3c992b9,6044163,11378925,53.11717055873029,3021921,7810398,38.690998845385344,https://analysis.chromium.org/coverage/p/chromium/dir?host=chromium.googlesource.com&project=chromium/src&ref=refs/heads/master&revision=3c992b98c58db034eb5af6bc51aac6fb1939d571&path=//&platform=linux&test_suite_type=unit&modifier_id=0
2021-03-06 12:56:29,2021-03-06,61f0a56,6045264,11379598,53.123704369873174,3022932,7810704,38.7024268234976,https://analysis.chromium.org/coverage/p/chromium/dir?host=chromium.googlesource.com&project=chromium/src&ref=refs/heads/master&revision=61f0a56d8cab801bc6802ef4eb7995a5fd5133a3&path=//&platform=linux&test_suite_type=unit&modifier_id=0
2021-03-06 00:58:43,2021-03-06,31b41c1,6051140,11379133,53.17751361197729,3024580,7810484,38.724616809918565,https://analysis.chromium.org/coverage/p/chromium/dir?host=chromium.googlesource.com&project=chromium/src&ref=refs/heads/master&revision=31b41c1e23ded355672f9fd458d73e3bf771f188&path=//&platform=linux&test_suite_type=unit&modifier_id=0
2021-03-06 06:31:58,2021-03-06,d01ccf0,6043831,11379426,53.111914432239374,3022473,7810624,38.696946620398066,https://analysis.chromium.org/coverage/p/chromium/dir?host=chromium.googlesource.com&project=chromium/src&ref=refs/heads/master&revision=d01ccf02324b7185be11c26b75b7bf56233531f3&path=//&platform=linux&test_suite_type=unit&modifier_id=0
2021-03-07 12:55:42,2021-03-07,b9239bc,6045656,11379654,53.126887689203905,3022737,7810696,38.69996988744665,https://analysis.chromium.org/coverage/p/chromium/dir?host=chromium.googlesource.com&project=chromium/src&ref=refs/heads/master&revision=b9239bce6ec0d9096b9ad8aedb2888068c92bae8&path=//&platform=linux&test_suite_type=unit&modifier_id=0
2021-03-07 06:25:12,2021-03-07,a6a96ac,6045497,11379574,53.125863938316144,3023032,7810672,38.703865685308514,https://analysis.chromium.org/coverage/p/chromium/dir?host=chromium.googlesource.com&project=chromium/src&ref=refs/heads/master&revision=a6a96ac9553d3ebc86071c226a0c9e1ae17a0b5b&path=//&platform=linux&test_suite_type=unit&modifier_id=0
2021-03-08 06:56:48,2021-03-08,13ac14e,6046527,11380757,53.129392007930576,3023479,7811442,38.70577289058794,https://analysis.chromium.org/coverage/p/chromium/dir?host=chromium.googlesource.com&project=chromium/src&ref=refs/heads/master&revision=13ac14e8faf7a699b2424ce93541bdf502e02daa&path=//&platform=linux&test_suite_type=unit&modifier_id=0
2021-03-09 18:58:00,2021-03-09,176c89c,6056321,11390640,53.16927758229564,3025560,7816742,38.70615148868928,https://analysis.chromium.org/coverage/p/chromium/dir?host=chromium.googlesource.com&project=chromium/src&ref=refs/heads/master&revision=176c89cd4687e516c49b9dcbdf3a06c7c7c2bebe&path=//&platform=linux&test_suite_type=unit&modifier_id=0
2021-03-10 13:00:30,2021-03-10,9342f9a,6051690,11391544,53.12440526060383,3023984,7817784,38.680833341008146,https://analysis.chromium.org/coverage/p/chromium/dir?host=chromium.googlesource.com&project=chromium/src&ref=refs/heads/master&revision=9342f9ad6e9e738808a3aaa3ab8ac5b8f7ec03f9&path=//&platform=linux&test_suite_type=unit&modifier_id=0
2021-03-11 07:01:27,2021-03-11,c4de72c,6062172,11415579,53.10437604610331,3028581,7819342,38.73191631725534,https://analysis.chromium.org/coverage/p/chromium/dir?host=chromium.googlesource.com&project=chromium/src&ref=refs/heads/master&revision=c4de72c66df5d874e9d36ac5028d7f2e2d6e5abf&path=//&platform=linux&test_suite_type=unit&modifier_id=0
2021-03-11 13:00:22,2021-03-11,0928fee,6062655,11417164,53.10123424696361,3028607,7821822,38.7199683142879,https://analysis.chromium.org/coverage/p/chromium/dir?host=chromium.googlesource.com&project=chromium/src&ref=refs/heads/master&revision=0928fee1d56ee090c270b814c77199da15a72ded&path=//&platform=linux&test_suite_type=unit&modifier_id=0
2021-03-11 19:00:57,2021-03-11,a59210b,6033247,11419932,52.830848730097514,3000775,7823558,38.35563052002682,https://analysis.chromium.org/coverage/p/chromium/dir?host=chromium.googlesource.com&project=chromium/src&ref=refs/heads/master&revision=a59210bbe2941513fd698832dcc6a1d3ff812592&path=//&platform=linux&test_suite_type=unit&modifier_id=0
2021-03-12 01:01:07,2021-03-12,c1aa3e0,6065266,11421858,53.10227110160186,3029744,7824268,38.72239550076761,https://analysis.chromium.org/coverage/p/chromium/dir?host=chromium.googlesource.com&project=chromium/src&ref=refs/heads/master&revision=c1aa3e0e6118cdabbf5156aa5b66f9a1ca51dd55&path=//&platform=linux&test_suite_type=unit&modifier_id=0
2021-03-12 06:57:50,2021-03-12,a864389,6060998,11422563,53.06162898817017,3028068,7824614,38.69926363140725,https://analysis.chromium.org/coverage/p/chromium/dir?host=chromium.googlesource.com&project=chromium/src&ref=refs/heads/master&revision=a864389a0cda6e56efc2ee3b6967ac6396c6a052&path=//&platform=linux&test_suite_type=unit&modifier_id=0
2021-03-12 19:01:44,2021-03-12,b80557c,6066728,11424712,53.10180247869705,3030620,7826340,38.72333683433124,https://analysis.chromium.org/coverage/p/chromium/dir?host=chromium.googlesource.com&project=chromium/src&ref=refs/heads/master&revision=b80557c3444cc3835d51c07e91ae661a68987435&path=//&platform=linux&test_suite_type=unit&modifier_id=0
2021-03-13 00:00:37,2021-03-13,862dfeb,6078023,11435290,53.15145483848683,3030867,7826358,38.72640377554924,https://analysis.chromium.org/coverage/p/chromium/dir?host=chromium.googlesource.com&project=chromium/src&ref=refs/heads/master&revision=862dfeb73c365563088dfd51a32d46026ead575c&path=//&platform=linux&test_suite_type=unit&modifier_id=0
2021-03-13 12:03:11,2021-03-13,0f43fd8,6083826,11435290,53.202201255936664,3032778,7826358,38.750821263223585,https://analysis.chromium.org/coverage/p/chromium/dir?host=chromium.googlesource.com&project=chromium/src&ref=refs/heads/master&revision=0f43fd8daed1d9ece01611d20cd8ee819b74603f&path=//&platform=linux&test_suite_type=unit&modifier_id=0
2021-03-14 12:54:11,2021-03-14,062d4e3,6075513,11435285,53.129528472617864,3029829,7826342,38.71322004584006,https://analysis.chromium.org/coverage/p/chromium/dir?host=chromium.googlesource.com&project=chromium/src&ref=refs/heads/master&revision=062d4e31b80360d5276d0e333a10827a8abe55aa&path=//&platform=linux&test_suite_type=unit&modifier_id=0
2021-03-14 18:25:45,2021-03-14,663af8d,6078417,11435300,53.1548538298077,3031382,7826358,38.732984103206114,https://analysis.chromium.org/coverage/p/chromium/dir?host=chromium.googlesource.com&project=chromium/src&ref=refs/heads/master&revision=663af8d43266873d6dd713e7245ce6eb34ca2c69&path=//&platform=linux&test_suite_type=unit&modifier_id=0
2021-03-15 07:01:45,2021-03-15,19e4c9a,6078521,11435512,53.15477785340963,3031488,7826614,38.733071542815324,https://analysis.chromium.org/coverage/p/chromium/dir?host=chromium.googlesource.com&project=chromium/src&ref=refs/heads/master&revision=19e4c9aae4ff82f168d8df340cec2203febfbe36&path=//&platform=linux&test_suite_type=unit&modifier_id=0
2021-03-16 19:02:58,2021-03-16,38477e5,6132825,11450432,53.55976962266576,3034370,7837110,38.71797129298938,https://analysis.chromium.org/coverage/p/chromium/dir?host=chromium.googlesource.com&project=chromium/src&ref=refs/heads/master&revision=38477e51f17ab8f7c5e9596735ce518de320b9a9&path=//&platform=linux&test_suite_type=unit&modifier_id=0
2021-03-16 12:59:40,2021-03-16,a1792b6,6135465,11449590,53.58676598900048,3035457,7835456,38.74001717321876,https://analysis.chromium.org/coverage/p/chromium/dir?host=chromium.googlesource.com&project=chromium/src&ref=refs/heads/master&revision=a1792b6e4754d459553a26ccbababf20523afe7f&path=//&platform=linux&test_suite_type=unit&modifier_id=0
2021-03-18 01:01:13,2021-03-18,07cb7b1,6139162,11456618,53.58616303694511,3037013,7841226,38.73135399999949,https://analysis.chromium.org/coverage/p/chromium/dir?host=chromium.googlesource.com&project=chromium/src&ref=refs/heads/master&revision=07cb7b184515ad207d30f00d0b00b8ce96d0a750&path=//&platform=linux&test_suite_type=unit&modifier_id=0
2021-03-18 07:00:55,2021-03-18,0e0c5c6,6135088,11457194,53.54791059660856,3035486,7841246,38.71178126537543,https://analysis.chromium.org/coverage/p/chromium/dir?host=chromium.googlesource.com&project=chromium/src&ref=refs/heads/master&revision=0e0c5c65193d813a01f20273face49b8ae5b4ac9&path=//&platform=linux&test_suite_type=unit&modifier_id=0
2021-03-18 19:02:37,2021-03-18,65b0dd6,6135637,11459291,53.54290243611057,3035379,7842916,38.70217403832962,https://analysis.chromium.org/coverage/p/chromium/dir?host=chromium.googlesource.com&project=chromium/src&ref=refs/heads/master&revision=65b0dd69fd41de5aae3eb4532bf05a52ec5207de&path=//&platform=linux&test_suite_type=unit&modifier_id=0
2021-03-19 00:39:44,2021-03-19,87ebf07,6141696,11459373,53.59539304637348,3037947,7842960,38.734699654212186,https://analysis.chromium.org/coverage/p/chromium/dir?host=chromium.googlesource.com&project=chromium/src&ref=refs/heads/master&revision=87ebf07f5028b8d9b1eea6c3d33a9725bcf68b80&path=//&platform=linux&test_suite_type=unit&modifier_id=0
2021-03-19 18:55:47,2021-03-19,57524c8,6035962,11461266,52.66400762359062,2930090,7844164,37.35375751960311,https://analysis.chromium.org/coverage/p/chromium/dir?host=chromium.googlesource.com&project=chromium/src&ref=refs/heads/master&revision=57524c8161ed7bf736a488b2dbaf84d5482f3e89&path=//&platform=linux&test_suite_type=unit&modifier_id=0
2021-03-20 07:02:20,2021-03-20,8373ebc,6140168,11461129,53.57384948725383,3037827,7844286,38.72662215528602,https://analysis.chromium.org/coverage/p/chromium/dir?host=chromium.googlesource.com&project=chromium/src&ref=refs/heads/master&revision=8373ebc7eb9ca8fe3cd58af41c2f6d09cc5a081c&path=//&platform=linux&test_suite_type=unit&modifier_id=0
2021-03-21 00:19:59,2021-03-21,5e847f3,6139609,11461692,53.566340815998196,3037342,7844480,38.71948172472872,https://analysis.chromium.org/coverage/p/chromium/dir?host=chromium.googlesource.com&project=chromium/src&ref=refs/heads/master&revision=5e847f354d08a95763bec13e477e90542dddd348&path=//&platform=linux&test_suite_type=unit&modifier_id=0
2021-03-22 19:00:06,2021-03-22,d1ef286,6140374,11461740,53.57279086770421,3037400,7844576,38.71974724956454,https://analysis.chromium.org/coverage/p/chromium/dir?host=chromium.googlesource.com&project=chromium/src&ref=refs/heads/master&revision=d1ef286fb4dce6abfbbac5db2d6db872e7671014&path=//&platform=linux&test_suite_type=unit&modifier_id=0
2021-03-23 01:06:01,2021-03-23,13ca819,6139509,11462282,53.56271115995925,3037133,7844906,38.71471500104654,https://analysis.chromium.org/coverage/p/chromium/dir?host=chromium.googlesource.com&project=chromium/src&ref=refs/heads/master&revision=13ca8192495c0db31ce8fc2caa023675a04ca89f&path=//&platform=linux&test_suite_type=unit&modifier_id=0
2021-03-23 07:06:34,2021-03-23,1ee2970,6112392,11461718,53.328759266281025,2998709,7845410,38.22246383554206,https://analysis.chromium.org/coverage/p/chromium/dir?host=chromium.googlesource.com&project=chromium/src&ref=refs/heads/master&revision=1ee297056d8f71f8eaf356b26d1f32e922f45ffd&path=//&platform=linux&test_suite_type=unit&modifier_id=0
2021-03-25 12:57:58,2021-03-25,920332f,6146631,11473463,53.5725874568123,3079845,8042696,38.29368908137271,https://analysis.chromium.org/coverage/p/chromium/dir?host=chromium.googlesource.com&project=chromium/src&ref=refs/heads/master&revision=920332f7fb88f60c4a36894267ee52f84fb64a56&path=//&platform=linux&test_suite_type=unit&modifier_id=0
2021-03-25 18:31:18,2021-03-25,37c20fb,6153406,11480188,53.60021978734146,3081121,8044864,38.299230415828035,https://analysis.chromium.org/coverage/p/chromium/dir?host=chromium.googlesource.com&project=chromium/src&ref=refs/heads/master&revision=37c20fb0d19e10d23f2f6c05352f4118159396ec&path=//&platform=linux&test_suite_type=unit&modifier_id=0
2021-03-26 01:06:55,2021-03-26,6610549,6121606,11480184,53.32323941846228,3049517,8044300,37.90904118444116,https://analysis.chromium.org/coverage/p/chromium/dir?host=chromium.googlesource.com&project=chromium/src&ref=refs/heads/master&revision=66105497bc7afbc6aef9c87bbd2f5798915c3f34&path=//&platform=linux&test_suite_type=unit&modifier_id=0
2021-03-27 18:53:19,2021-03-27,cbe79d1,6149559,11481184,53.56206293706294,3080006,8045264,38.283467142905444,https://analysis.chromium.org/coverage/p/chromium/dir?host=chromium.googlesource.com&project=chromium/src&ref=refs/heads/master&revision=cbe79d16ac4202eeb08744e2d3c347389e5cfa14&path=//&platform=linux&test_suite_type=unit&modifier_id=0
2021-03-29 10:10:37,2021-03-29,3feab74,6155032,11480446,53.61317844271904,3082121,8045062,38.3107178042879,https://analysis.chromium.org/coverage/p/chromium/dir?host=chromium.googlesource.com&project=chromium/src&ref=refs/heads/master&revision=3feab74567afd7beae593691d49176d370e84600&path=//&platform=linux&test_suite_type=unit&modifier_id=0
2021-03-29 18:58:41,2021-03-29,2885672,6154353,11481467,53.6024969631494,3081624,8045842,38.300826687871826,https://analysis.chromium.org/coverage/p/chromium/dir?host=chromium.googlesource.com&project=chromium/src&ref=refs/heads/master&revision=2885672792bdc785d19f6a12934f32fc5e61f87b&path=//&platform=linux&test_suite_type=unit&modifier_id=0
2021-03-30 01:00:13,2021-03-30,f241018,6127565,11482111,53.36618849965829,3052698,8048390,37.92930014574343,https://analysis.chromium.org/coverage/p/chromium/dir?host=chromium.googlesource.com&project=chromium/src&ref=refs/heads/master&revision=f241018d5029831e1a3cbbb87b4da9ee802d2da1&path=//&platform=linux&test_suite_type=unit&modifier_id=0
2021-03-30 19:08:54,2021-03-30,552b1d9,6129660,11485463,53.36885417679723,3050269,8048134,37.900325715252755,https://analysis.chromium.org/coverage/p/chromium/dir?host=chromium.googlesource.com&project=chromium/src&ref=refs/heads/master&revision=552b1d988cf82754072a0f3baa9901d55e9ca449&path=//&platform=linux&test_suite_type=unit&modifier_id=0
2021-03-31 01:06:54,2021-03-31,1c6ab1b,6159459,11486639,53.62281342697372,3084396,8052136,38.305314266922466,https://analysis.chromium.org/coverage/p/chromium/dir?host=chromium.googlesource.com&project=chromium/src&ref=refs/heads/master&revision=1c6ab1ba27a7fbd09e32dec7d5f1d48ecbf257e4&path=//&platform=linux&test_suite_type=unit&modifier_id=0
2021-03-31 13:04:31,2021-03-31,50865c9,6155778,11487590,53.58633098848409,3083249,8052870,38.28757945924869,https://analysis.chromium.org/coverage/p/chromium/dir?host=chromium.googlesource.com&project=chromium/src&ref=refs/heads/master&revision=50865c9fd56e9bda3732742c8099435e71df0034&path=//&platform=linux&test_suite_type=unit&modifier_id=0
2021-04-01 19:10:12,2021-04-01,8b8448e,6165951,11496068,53.6353038273608,3088258,8058984,38.32068657786143,https://analysis.chromium.org/coverage/p/chromium/dir?host=chromium.googlesource.com&project=chromium/src&ref=refs/heads/master&revision=8b8448e38b17ced0ccb581082699bdcd060fa167&path=//&platform=linux&test_suite_type=unit&modifier_id=0
2021-04-02 13:10:24,2021-04-02,b7d004a,6165572,11496267,53.63107867971403,3086989,8057506,38.3119665067578,https://analysis.chromium.org/coverage/p/chromium/dir?host=chromium.googlesource.com&project=chromium/src&ref=refs/heads/master&revision=b7d004a2ec808765b5c5787059433c2dcd7185b9&path=//&platform=linux&test_suite_type=unit&modifier_id=0
2021-04-04 19:05:51,2021-04-04,44850c1,6165099,11498091,53.61845718563195,3086704,8058386,38.3042460363651,https://analysis.chromium.org/coverage/p/chromium/dir?host=chromium.googlesource.com&project=chromium/src&ref=refs/heads/master&revision=44850c1388ed81e0cd3a346a48f6883e554a0e1b&path=//&platform=linux&test_suite_type=unit&modifier_id=0
2021-04-05 01:06:17,2021-04-05,1d47ae4,6166480,11498215,53.62988950893682,3087427,8058528,38.31254293588109,https://analysis.chromium.org/coverage/p/chromium/dir?host=chromium.googlesource.com&project=chromium/src&ref=refs/heads/master&revision=1d47ae41e9fd7e760895d03945e60fb2a70215f3&path=//&platform=linux&test_suite_type=unit&modifier_id=0
2021-04-06 12:27:30,2021-04-06,362f49f,6167341,11491890,53.66689900442834,3086705,8052686,38.33137166903068,https://analysis.chromium.org/coverage/p/chromium/dir?host=chromium.googlesource.com&project=chromium/src&ref=refs/heads/master&revision=362f49f9988c8051e610ed5e21047a5876e9915f&path=//&platform=linux&test_suite_type=unit&modifier_id=0
2021-04-07 19:11:21,2021-04-07,ef7d2a9,6157796,11503394,53.53025376684481,3080402,8078212,38.1322252993608,https://analysis.chromium.org/coverage/p/chromium/dir?host=chromium.googlesource.com&project=chromium/src&ref=refs/heads/master&revision=ef7d2a909a2309797424999693ae361a8e995bd6&path=//&platform=linux&test_suite_type=unit&modifier_id=0
2021-04-08 13:11:31,2021-04-08,79b9615,6164261,11509664,53.557262835822144,3082989,8081406,38.149166122825655,https://analysis.chromium.org/coverage/p/chromium/dir?host=chromium.googlesource.com&project=chromium/src&ref=refs/heads/master&revision=79b9615bbad928fc9a6ee4bd06dcf9ddea55cafe&path=//&platform=linux&test_suite_type=unit&modifier_id=0
2021-04-09 19:10:55,2021-04-09,f6c43c5,6166579,11516830,53.54406551108248,3084257,8088654,38.13065807982391,https://analysis.chromium.org/coverage/p/chromium/dir?host=chromium.googlesource.com&project=chromium/src&ref=refs/heads/master&revision=f6c43c5c3980684a058dbc1a71b8a60953009095&path=//&platform=linux&test_suite_type=unit&modifier_id=0
2021-04-09 07:10:58,2021-04-09,042fbfb,6166391,11513571,53.55758869250904,3083641,8083734,38.14624528714082,https://analysis.chromium.org/coverage/p/chromium/dir?host=chromium.googlesource.com&project=chromium/src&ref=refs/heads/master&revision=042fbfb4cc6a675da0dff4bf3fc08622af42422b&path=//&platform=linux&test_suite_type=unit&modifier_id=0
2021-04-09 13:09:30,2021-04-09,1f46dbf,6167352,11515195,53.55838090453527,3084415,8087806,38.136609607104816,https://analysis.chromium.org/coverage/p/chromium/dir?host=chromium.googlesource.com&project=chromium/src&ref=refs/heads/master&revision=1f46dbf070a845cb6cde01e20c432a53db2cefbd&path=//&platform=linux&test_suite_type=unit&modifier_id=0
2021-04-10 19:10:07,2021-04-10,840ea23,6164402,11516917,53.52475840539616,3084296,8088534,38.13170594325251,https://analysis.chromium.org/coverage/p/chromium/dir?host=chromium.googlesource.com&project=chromium/src&ref=refs/heads/master&revision=840ea23e6a319470bc401b1ce44bcb269e6c0c6d&path=//&platform=linux&test_suite_type=unit&modifier_id=0
2021-04-10 06:54:13,2021-04-10,31bb7d5,6167681,11516917,53.55322956655848,3085226,8088552,38.14311881780571,https://analysis.chromium.org/coverage/p/chromium/dir?host=chromium.googlesource.com&project=chromium/src&ref=refs/heads/master&revision=31bb7d55904d6e380b1682c8fd26c089d23c3665&path=//&platform=linux&test_suite_type=unit&modifier_id=0
2021-04-11 01:11:40,2021-04-11,ff4d68a,6168344,11516917,53.558986315521764,3085477,8088534,38.14630685857289,https://analysis.chromium.org/coverage/p/chromium/dir?host=chromium.googlesource.com&project=chromium/src&ref=refs/heads/master&revision=ff4d68a4ba5c59258ab4c9ddd91bd570850fcec3&path=//&platform=linux&test_suite_type=unit&modifier_id=0
2021-04-11 13:03:45,2021-04-11,45b4c70,6168313,11516921,53.5586985445155,3085419,8088536,38.14558036213228,https://analysis.chromium.org/coverage/p/chromium/dir?host=chromium.googlesource.com&project=chromium/src&ref=refs/heads/master&revision=45b4c709db4596ef108860adf00eb31a9f65d178&path=//&platform=linux&test_suite_type=unit&modifier_id=0
2021-04-12 01:13:10,2021-04-12,90277c2,6165592,11510545,53.56472695254656,3084981,8088346,38.14106122562017,https://analysis.chromium.org/coverage/p/chromium/dir?host=chromium.googlesource.com&project=chromium/src&ref=refs/heads/master&revision=90277c25dd57660dbc3e073799ebbbfa0f2c78bc&path=//&platform=linux&test_suite_type=unit&modifier_id=0
2021-04-17 12:42:32,2021-04-17,d83ec8c,6174739,11535450,53.52837557269114,3089777,8103632,38.12829852095949,https://analysis.chromium.org/coverage/p/chromium/dir?host=chromium.googlesource.com&project=chromium/src&ref=refs/heads/master&revision=d83ec8c6388a8e69fc59da8569db42f3ba501865&path=//&platform=linux&test_suite_type=unit&modifier_id=0
2021-04-17 19:08:04,2021-04-17,8571f97,6173938,11535452,53.521422480887615,3088915,8103634,38.11765190777372,https://analysis.chromium.org/coverage/p/chromium/dir?host=chromium.googlesource.com&project=chromium/src&ref=refs/heads/master&revision=8571f9784b41f0db41c2a87c6dc153de6054f829&path=//&platform=linux&test_suite_type=unit&modifier_id=0
2021-04-18 06:53:04,2021-04-18,62fcda9,6175768,11535447,53.53730982423134,3089726,8103632,38.127669173526144,https://analysis.chromium.org/coverage/p/chromium/dir?host=chromium.googlesource.com&project=chromium/src&ref=refs/heads/master&revision=62fcda9af0681f886f6300b197b1dbb2ad325a5f&path=//&platform=linux&test_suite_type=unit&modifier_id=0
2021-04-18 09:17:18,2021-04-18,da8928a,6174978,11535447,53.53046136833709,3089321,8103632,38.12267141449661,https://analysis.chromium.org/coverage/p/chromium/dir?host=chromium.googlesource.com&project=chromium/src&ref=refs/heads/master&revision=da8928ac887e2611fbdd71a02eeebb7e89222e3c&path=//&platform=linux&test_suite_type=unit&modifier_id=0
2021-04-19 01:17:07,2021-04-19,c601f55,6174714,11534363,53.533203350718196,3089184,8102962,38.12413287881641,https://analysis.chromium.org/coverage/p/chromium/dir?host=chromium.googlesource.com&project=chromium/src&ref=refs/heads/master&revision=c601f55bcfbb87e4c96b23ee2409296eead46009&path=//&platform=linux&test_suite_type=unit&modifier_id=0
2021-04-19 07:17:22,2021-04-19,e4221ed,6138160,11535185,53.21249724213352,3042811,8103320,37.550176964503436,https://analysis.chromium.org/coverage/p/chromium/dir?host=chromium.googlesource.com&project=chromium/src&ref=refs/heads/master&revision=e4221ed5fd8674698e049e91fad647694470238f&path=//&platform=linux&test_suite_type=unit&modifier_id=0
2021-04-19 13:18:02,2021-04-19,370839f,6177286,11535481,53.55031142611218,3090429,8103420,38.13734201115085,https://analysis.chromium.org/coverage/p/chromium/dir?host=chromium.googlesource.com&project=chromium/src&ref=refs/heads/master&revision=370839f238d7c92ac77a0b97581d4a69f348531c&path=//&platform=linux&test_suite_type=unit&modifier_id=0
2021-04-20 13:17:00,2021-04-20,5fa3c86,6178400,11538665,53.5451891531646,3091217,8106512,38.132516179585004,https://analysis.chromium.org/coverage/p/chromium/dir?host=chromium.googlesource.com&project=chromium/src&ref=refs/heads/master&revision=5fa3c8695ef9e8454011baed7a3d3fa9e2731b18&path=//&platform=linux&test_suite_type=unit&modifier_id=0
2021-04-20 01:16:07,2021-04-20,ba48620,6177126,11536509,53.54415274152692,3090748,8105052,38.13359864933624,https://analysis.chromium.org/coverage/p/chromium/dir?host=chromium.googlesource.com&project=chromium/src&ref=refs/heads/master&revision=ba4862010a33bc28223dbad420ac6d4a4b1120b1&path=//&platform=linux&test_suite_type=unit&modifier_id=0
2021-04-21 19:14:52,2021-04-21,0fcddc7,6147542,11561304,53.173430955539274,3044899,8111378,37.538615510212935,https://analysis.chromium.org/coverage/p/chromium/dir?host=chromium.googlesource.com&project=chromium/src&ref=refs/heads/master&revision=0fcddc71e55a9c3d52df03694c4b37a7fae4605c&path=//&platform=linux&test_suite_type=unit&modifier_id=0
2021-04-21 13:17:44,2021-04-21,ef0951c,6186293,11559837,53.515399914375955,3092516,8110498,38.129791783439195,https://analysis.chromium.org/coverage/p/chromium/dir?host=chromium.googlesource.com&project=chromium/src&ref=refs/heads/master&revision=ef0951c626f0e600fb4b3e11cb65be3e6e26846c&path=//&platform=linux&test_suite_type=unit&modifier_id=0
2021-04-21 01:17:05,2021-04-21,25b7a09,6185097,11554844,53.5281739848673,3092381,8107794,38.1408432429339,https://analysis.chromium.org/coverage/p/chromium/dir?host=chromium.googlesource.com&project=chromium/src&ref=refs/heads/master&revision=25b7a09b238c28f4e7918e4209554f54c633f616&path=//&platform=linux&test_suite_type=unit&modifier_id=0
2021-04-22 19:08:21,2021-04-22,1e71fd9,6189305,11566380,53.51116771193753,3095068,8117418,38.12872516852033,https://analysis.chromium.org/coverage/p/chromium/dir?host=chromium.googlesource.com&project=chromium/src&ref=refs/heads/master&revision=1e71fd94301dd484ed74b6f1a06e9a5c53d7cc3a&path=//&platform=linux&test_suite_type=unit&modifier_id=0
2021-04-22 01:15:29,2021-04-22,23556ac,6190184,11562293,53.53768495574364,3094658,8112840,38.145187135454414,https://analysis.chromium.org/coverage/p/chromium/dir?host=chromium.googlesource.com&project=chromium/src&ref=refs/heads/master&revision=23556acb91f706425efc2c91c36c27306ceb16da&path=//&platform=linux&test_suite_type=unit&modifier_id=0
2021-04-22 07:18:06,2021-04-22,cf86a6f,6189918,11563003,53.53209715503836,3094639,8113534,38.141690168550475,https://analysis.chromium.org/coverage/p/chromium/dir?host=chromium.googlesource.com&project=chromium/src&ref=refs/heads/master&revision=cf86a6f2b7bb37d9c09feea1c5e3abd7b13574ee&path=//&platform=linux&test_suite_type=unit&modifier_id=0
2021-04-22 13:16:28,2021-04-22,f7c4c68,6186296,11564250,53.49500399939468,3093757,8114784,38.12494577797758,https://analysis.chromium.org/coverage/p/chromium/dir?host=chromium.googlesource.com&project=chromium/src&ref=refs/heads/master&revision=f7c4c68e2de563e7d60b2c4e196405718ed5f58b&path=//&platform=linux&test_suite_type=unit&modifier_id=0
2021-04-23 01:13:43,2021-04-23,86565b0,6190400,11565988,53.522448752324486,3095273,8116072,38.13757443255802,https://analysis.chromium.org/coverage/p/chromium/dir?host=chromium.googlesource.com&project=chromium/src&ref=refs/heads/master&revision=86565b057a67d030e7863c364fa225a46aca8370&path=//&platform=linux&test_suite_type=unit&modifier_id=0
2021-04-23 07:19:26,2021-04-23,524d114,6190878,11566367,53.52482763170147,3095223,8116320,38.13579306877994,https://analysis.chromium.org/coverage/p/chromium/dir?host=chromium.googlesource.com&project=chromium/src&ref=refs/heads/master&revision=524d1149f004cdc3213c382723af69bb1e6781c4&path=//&platform=linux&test_suite_type=unit&modifier_id=0
2021-04-23 19:13:45,2021-04-23,4525214,6149887,11570477,53.15154249906897,3054518,8120058,37.616948056282354,https://analysis.chromium.org/coverage/p/chromium/dir?host=chromium.googlesource.com&project=chromium/src&ref=refs/heads/master&revision=45252149e15685b51382d7826a464b25b7cf492b&path=//&platform=linux&test_suite_type=unit&modifier_id=0
2021-04-24 00:49:12,2021-04-24,67efe11,6193523,11570532,53.52842030081244,3096764,8120116,38.13694287125947,https://analysis.chromium.org/coverage/p/chromium/dir?host=chromium.googlesource.com&project=chromium/src&ref=refs/heads/master&revision=67efe1149ecf6b0a1d3e3a039da66dcfa3d56889&path=//&platform=linux&test_suite_type=unit&modifier_id=0
2021-04-24 06:18:17,2021-04-24,2af8c4b,6192434,11570532,53.519008460458,3096464,8120116,38.13324834275767,https://analysis.chromium.org/coverage/p/chromium/dir?host=chromium.googlesource.com&project=chromium/src&ref=refs/heads/master&revision=2af8c4b1e0cfa2d91b81d31aaad9737b27df6466&path=//&platform=linux&test_suite_type=unit&modifier_id=0
2021-04-25 07:19:51,2021-04-25,cfcaf6c,6191413,11570306,53.51122952150099,3096406,8120034,38.13291914787549,https://analysis.chromium.org/coverage/p/chromium/dir?host=chromium.googlesource.com&project=chromium/src&ref=refs/heads/master&revision=cfcaf6c48f94b3a7d1724907413d24364db39255&path=//&platform=linux&test_suite_type=unit&modifier_id=0
2021-04-26 07:18:24,2021-04-26,62a0896,6192706,11570827,53.519994724664016,3096203,8120576,38.12787418035371,https://analysis.chromium.org/coverage/p/chromium/dir?host=chromium.googlesource.com&project=chromium/src&ref=refs/heads/master&revision=62a08960385c7bff1e5a8526344cd0e4dfccd52f&path=//&platform=linux&test_suite_type=unit&modifier_id=0
2021-04-27 01:06:55,2021-04-27,5af7a09,6196619,11575567,53.53188314663117,3097974,8123812,38.13448661785871,https://analysis.chromium.org/coverage/p/chromium/dir?host=chromium.googlesource.com&project=chromium/src&ref=refs/heads/master&revision=5af7a09981da396be54530b0543c4c071f3294b6&path=//&platform=linux&test_suite_type=unit&modifier_id=0
2021-04-27 13:17:47,2021-04-27,940dc18,6151916,11577081,53.138748878063474,3051699,8125568,37.556746802192784,https://analysis.chromium.org/coverage/p/chromium/dir?host=chromium.googlesource.com&project=chromium/src&ref=refs/heads/master&revision=940dc18c9926bd0d634287dacf6eedf9b01e3aee&path=//&platform=linux&test_suite_type=unit&modifier_id=0
2021-04-28 01:16:42,2021-04-28,8aec0a8,6150524,11578436,53.12050781297232,3042557,8124792,37.44781404865503,https://analysis.chromium.org/coverage/p/chromium/dir?host=chromium.googlesource.com&project=chromium/src&ref=refs/heads/master&revision=8aec0a84353f41423c058745d75367c8aeda0a4c&path=//&platform=linux&test_suite_type=unit&modifier_id=0
2021-04-28 07:02:25,2021-04-28,0d760a6,6196601,11579095,53.51541722388494,3097151,8125262,38.1175523940028,https://analysis.chromium.org/coverage/p/chromium/dir?host=chromium.googlesource.com&project=chromium/src&ref=refs/heads/master&revision=0d760a687b4736deb3110eab6cc5f3017c6027cd&path=//&platform=linux&test_suite_type=unit&modifier_id=0
2021-04-28 13:18:07,2021-04-28,9b1d15b,6197812,11581231,53.51600360963355,3097465,8125916,38.11834874985171,https://analysis.chromium.org/coverage/p/chromium/dir?host=chromium.googlesource.com&project=chromium/src&ref=refs/heads/master&revision=9b1d15b01a96720c7f5a80a05dbe018eec9882f9&path=//&platform=linux&test_suite_type=unit&modifier_id=0
2021-04-29 01:19:54,2021-04-29,ef09234,6197507,11583322,53.50370990291041,3097412,8127152,38.111899469826575,https://analysis.chromium.org/coverage/p/chromium/dir?host=chromium.googlesource.com&project=chromium/src&ref=refs/heads/master&revision=ef09234f6b63a482ff707beff380f5545549cfad&path=//&platform=linux&test_suite_type=unit&modifier_id=0
2021-04-30 07:22:00,2021-04-30,d7fe3dd,6200279,11589072,53.5010827441576,3099112,8132066,38.10977431811301,https://analysis.chromium.org/coverage/p/chromium/dir?host=chromium.googlesource.com&project=chromium/src&ref=refs/heads/master&revision=d7fe3dd88f995cb4e05f87e50fb35e0452d1997f&path=//&platform=linux&test_suite_type=unit&modifier_id=0
2021-05-01 05:51:09,2021-05-01,f7dc3fe,6201673,11593049,53.494753623485934,3099802,8134134,38.10856816472411,https://analysis.chromium.org/coverage/p/chromium/dir?host=chromium.googlesource.com&project=chromium/src&ref=refs/heads/master&revision=f7dc3fe734bb41318cf157e4fb51f32033efdb32&path=//&platform=linux&test_suite_type=unit&modifier_id=0
2021-05-01 19:08:03,2021-05-01,058f6d4,6202986,11594292,53.50034309986328,3100444,8134854,38.11308721705392,https://analysis.chromium.org/coverage/p/chromium/dir?host=chromium.googlesource.com&project=chromium/src&ref=refs/heads/master&revision=058f6d4a9bd0e238c0872b72fdb3ddd294ba1c96&path=//&platform=linux&test_suite_type=unit&modifier_id=0
2021-05-01 01:19:30,2021-05-01,6d3ac49,6204156,11593048,53.516176246315894,3100735,8134138,38.12001960133944,https://analysis.chromium.org/coverage/p/chromium/dir?host=chromium.googlesource.com&project=chromium/src&ref=refs/heads/master&revision=6d3ac49f41b4ac884023c7f1e80c5ceeadd8e4c1&path=//&platform=linux&test_suite_type=unit&modifier_id=0
2021-05-02 01:17:43,2021-05-02,d6a18cb,6205201,11594285,53.5194796401848,3100938,8134834,38.119253570509244,https://analysis.chromium.org/coverage/p/chromium/dir?host=chromium.googlesource.com&project=chromium/src&ref=refs/heads/master&revision=d6a18cb169eddfef39c39c74f83150abbae55d62&path=//&platform=linux&test_suite_type=unit&modifier_id=0
2021-05-03 13:22:20,2021-05-03,bf35d6a,6205188,11593886,53.52120936845506,3100701,8134568,38.11758657620171,https://analysis.chromium.org/coverage/p/chromium/dir?host=chromium.googlesource.com&project=chromium/src&ref=refs/heads/master&revision=bf35d6a078066184f4d2beada46bf25396bfe05d&path=//&platform=linux&test_suite_type=unit&modifier_id=0
2021-05-04 01:23:54,2021-05-04,a55f027,6202485,11594466,53.49521918473865,3100220,8135144,38.10897508390755,https://analysis.chromium.org/coverage/p/chromium/dir?host=chromium.googlesource.com&project=chromium/src&ref=refs/heads/master&revision=a55f027982ff4f9ea2ccdecde0b9b435c084c763&path=//&platform=linux&test_suite_type=unit&modifier_id=0
2021-05-04 19:22:34,2021-05-04,39ca6a9,6199043,11597278,53.45256878381289,3099939,8139316,38.0859890437968,https://analysis.chromium.org/coverage/p/chromium/dir?host=chromium.googlesource.com&project=chromium/src&ref=refs/heads/master&revision=39ca6a90c74b7498896988dc03e84690c528f70c&path=//&platform=linux&test_suite_type=unit&modifier_id=0
2021-05-05 07:24:10,2021-05-05,ec63977,6204309,11598688,53.49147248378437,3101528,8136856,38.1170319346932,https://analysis.chromium.org/coverage/p/chromium/dir?host=chromium.googlesource.com&project=chromium/src&ref=refs/heads/master&revision=ec6397715752db6934e25ae23d591644b617a605&path=//&platform=linux&test_suite_type=unit&modifier_id=0
2021-05-06 07:24:19,2021-05-06,f3a71df,6174333,11637887,53.05372873958993,3050716,8153902,37.41418525756135,https://analysis.chromium.org/coverage/p/chromium/dir?host=chromium.googlesource.com&project=chromium/src&ref=refs/heads/master&revision=f3a71dfbf33f5c7c5efb49d1d0bc3656eafecb83&path=//&platform=linux&test_suite_type=unit&modifier_id=0
2021-05-06 13:24:38,2021-05-06,b2ec7e1,6219130,11640071,53.42862599377615,3106777,8156712,38.088595012303976,https://analysis.chromium.org/coverage/p/chromium/dir?host=chromium.googlesource.com&project=chromium/src&ref=refs/heads/master&revision=b2ec7e1ac4834c961437d79c93ca7157108b08ab&path=//&platform=linux&test_suite_type=unit&modifier_id=0
2021-05-06 19:15:42,2021-05-06,be9bcb6,6218366,11641611,53.41499557063022,3106581,8158194,38.07927342742769,https://analysis.chromium.org/coverage/p/chromium/dir?host=chromium.googlesource.com&project=chromium/src&ref=refs/heads/master&revision=be9bcb6f223488f9135f53680d4d45a4edb2e21c&path=//&platform=linux&test_suite_type=unit&modifier_id=0
2021-05-07 19:23:21,2021-05-07,1772150,6213691,11646453,53.352647368258815,3105623,8161348,38.05281921564918,https://analysis.chromium.org/coverage/p/chromium/dir?host=chromium.googlesource.com&project=chromium/src&ref=refs/heads/master&revision=1772150f4f4c5c0c467686b812cc1ad0d0aee5b3&path=//&platform=linux&test_suite_type=unit&modifier_id=0
2021-05-08 19:21:26,2021-05-08,dd91c83,6222226,11646664,53.42496357755319,3107964,8161488,38.08084996265387,https://analysis.chromium.org/coverage/p/chromium/dir?host=chromium.googlesource.com&project=chromium/src&ref=refs/heads/master&revision=dd91c8352ac74879050779e9a31e31f751a81047&path=//&platform=linux&test_suite_type=unit&modifier_id=0
2021-05-08 13:10:51,2021-05-08,97e213a,6221534,11646664,53.41902196199702,3107709,8161488,38.077725532402916,https://analysis.chromium.org/coverage/p/chromium/dir?host=chromium.googlesource.com&project=chromium/src&ref=refs/heads/master&revision=97e213aa5c89029b463da64323eaebc2f7776b1c&path=//&platform=linux&test_suite_type=unit&modifier_id=0
2021-05-08 07:16:54,2021-05-08,9ce16d5,6218446,11646665,53.39250334752481,3106774,8161468,38.066362571047264,https://analysis.chromium.org/coverage/p/chromium/dir?host=chromium.googlesource.com&project=chromium/src&ref=refs/heads/master&revision=9ce16d5c52d4eb22334853ffc8b7dc85f9b4af64&path=//&platform=linux&test_suite_type=unit&modifier_id=0
2021-05-09 19:21:52,2021-05-09,23c9ea1,6221270,11646845,53.41592508529134,3107775,8161590,38.078058319518625,https://analysis.chromium.org/coverage/p/chromium/dir?host=chromium.googlesource.com&project=chromium/src&ref=refs/heads/master&revision=23c9ea1acd7a839265a485c4fa2ade0eaee456f6&path=//&platform=linux&test_suite_type=unit&modifier_id=0
2021-05-10 13:25:17,2021-05-10,b717967,6222632,11650124,53.41258170299303,3108374,8169078,38.050487460151565,https://analysis.chromium.org/coverage/p/chromium/dir?host=chromium.googlesource.com&project=chromium/src&ref=refs/heads/master&revision=b7179678d14c9b5eb42aa395e502636249e5d7cb&path=//&platform=linux&test_suite_type=unit&modifier_id=0
2021-05-11 19:26:40,2021-05-11,25041e7,6183607,11653164,53.06376019422708,3063555,8172738,37.485050909499364,https://analysis.chromium.org/coverage/p/chromium/dir?host=chromium.googlesource.com&project=chromium/src&ref=refs/heads/master&revision=25041e70c597e5dfff283722b57698970b7d3b1a&path=//&platform=linux&test_suite_type=unit&modifier_id=0
2021-05-13 13:28:00,2021-05-13,7d0a798,6230070,11663151,53.41669674001477,3111563,8180566,38.036035648389124,https://analysis.chromium.org/coverage/p/chromium/dir?host=chromium.googlesource.com&project=chromium/src&ref=refs/heads/master&revision=7d0a7985133694d83e936d489d12c50dde6e0c56&path=//&platform=linux&test_suite_type=unit&modifier_id=0
2021-05-21 07:31:20,2021-05-21,ac4eadf,6253513,11700726,53.44551269724631,2571671,6139970,41.88409715356915,https://analysis.chromium.org/coverage/p/chromium/dir?host=chromium.googlesource.com&project=chromium/src&ref=refs/heads/master&revision=ac4eadffb2084bf7c2d5a148c6995bdc2891107a&path=//&platform=linux&test_suite_type=unit&modifier_id=0
2021-05-23 00:57:47,2021-05-23,6d784b4,6258460,11707511,53.456793677153065,2572548,6141498,41.88795632596477,https://analysis.chromium.org/coverage/p/chromium/dir?host=chromium.googlesource.com&project=chromium/src&ref=refs/heads/master&revision=6d784b4df61e264a68d33ea70831333560ff2288&path=//&platform=linux&test_suite_type=unit&modifier_id=0
2021-05-24 01:16:59,2021-05-24,f9933d9,6214606,11707694,53.081383917276966,2538376,6141594,41.330898786210874,https://analysis.chromium.org/coverage/p/chromium/dir?host=chromium.googlesource.com&project=chromium/src&ref=refs/heads/master&revision=f9933d98637ba6cecc309d5171b3bfdabd75fa36&path=//&platform=linux&test_suite_type=unit&modifier_id=0
2021-05-24 13:24:07,2021-05-24,277dd72,6257528,11707446,53.449129724792236,2572317,6141376,41.885027068852324,https://analysis.chromium.org/coverage/p/chromium/dir?host=chromium.googlesource.com&project=chromium/src&ref=refs/heads/master&revision=277dd72e68b5beb9d0a9ce8e01cc95acce12af5c&path=//&platform=linux&test_suite_type=unit&modifier_id=0
2021-05-24 19:29:46,2021-05-24,60dbd22,6257839,11707219,53.45282257041574,2572817,6141490,41.892390934447505,https://analysis.chromium.org/coverage/p/chromium/dir?host=chromium.googlesource.com&project=chromium/src&ref=refs/heads/master&revision=60dbd221bd0aaa2d49120bf974831d16660819ed&path=//&platform=linux&test_suite_type=unit&modifier_id=0
2021-05-25 01:26:45,2021-05-25,6ad50c2,6255293,11707547,53.4295783736764,2572145,6141600,41.88069884069298,https://analysis.chromium.org/coverage/p/chromium/dir?host=chromium.googlesource.com&project=chromium/src&ref=refs/heads/master&revision=6ad50c21410e1c80d897e170efe786a65a467180&path=//&platform=linux&test_suite_type=unit&modifier_id=0
2021-05-25 13:03:37,2021-05-25,2d1626a,6251630,11706496,53.403084919689036,2571216,6140688,41.871790261938074,https://analysis.chromium.org/coverage/p/chromium/dir?host=chromium.googlesource.com&project=chromium/src&ref=refs/heads/master&revision=2d1626aa999b4a7018c06fe04b7099decb75727f&path=//&platform=linux&test_suite_type=unit&modifier_id=0
2021-05-26 01:31:33,2021-05-26,4c8da66,6257271,11710865,53.43133064893157,2572135,6142318,41.87564043411624,https://analysis.chromium.org/coverage/p/chromium/dir?host=chromium.googlesource.com&project=chromium/src&ref=refs/heads/master&revision=4c8da6653f7f1991e7cf7c743e9d5845509c2636&path=//&platform=linux&test_suite_type=unit&modifier_id=0
2021-05-26 07:32:00,2021-05-26,71f7016,6257397,11711435,53.42980599730093,2572403,6142644,41.877780968586165,https://analysis.chromium.org/coverage/p/chromium/dir?host=chromium.googlesource.com&project=chromium/src&ref=refs/heads/master&revision=71f701692589ea0cf62d7bdd6ab276e2bf1f5556&path=//&platform=linux&test_suite_type=unit&modifier_id=0
2021-05-26 13:27:52,2021-05-26,e71bc0a,6254417,11712979,53.39732104018969,2571151,6143602,41.85087185009706,https://analysis.chromium.org/coverage/p/chromium/dir?host=chromium.googlesource.com&project=chromium/src&ref=refs/heads/master&revision=e71bc0ac0e2caa0f35e0a902a4e4f78ca8e025fb&path=//&platform=linux&test_suite_type=unit&modifier_id=0
2021-05-26 19:32:23,2021-05-26,50d4bfc,6259321,11714447,53.432492374586694,2573075,6144408,41.87669503717852,https://analysis.chromium.org/coverage/p/chromium/dir?host=chromium.googlesource.com&project=chromium/src&ref=refs/heads/master&revision=50d4bfc589cc16b43e24881365d4cee4986f4bc8&path=//&platform=linux&test_suite_type=unit&modifier_id=0
2021-05-27 19:08:57,2021-05-27,c8c2f22,6259131,11711732,53.443256727527576,2573532,6144130,41.88602780214612,https://analysis.chromium.org/coverage/p/chromium/dir?host=chromium.googlesource.com&project=chromium/src&ref=refs/heads/master&revision=c8c2f22e22fc52219f7055b8260e8b2f0ee2dcc1&path=//&platform=linux&test_suite_type=unit&modifier_id=0
2021-05-28 07:29:31,2021-05-28,ab9d363,6258535,11712529,53.434531517488665,2573354,6144452,41.88093584261054,https://analysis.chromium.org/coverage/p/chromium/dir?host=chromium.googlesource.com&project=chromium/src&ref=refs/heads/master&revision=ab9d363fdc287d3b5898d02fc049d61fd9152c9a&path=//&platform=linux&test_suite_type=unit&modifier_id=0
2021-05-29 07:12:50,2021-05-29,a3c7a0f,6260164,11712649,53.447892103656486,2573672,6144520,41.88564769908797,https://analysis.chromium.org/coverage/p/chromium/dir?host=chromium.googlesource.com&project=chromium/src&ref=refs/heads/master&revision=a3c7a0f2d35100a5abedd63521197b895b8d641f&path=//&platform=linux&test_suite_type=unit&modifier_id=0
2021-05-29 13:04:06,2021-05-29,ff545b0,6258683,11712689,53.43506516735824,2573579,6144538,41.88401145863204,https://analysis.chromium.org/coverage/p/chromium/dir?host=chromium.googlesource.com&project=chromium/src&ref=refs/heads/master&revision=ff545b05780c774bf7881f6e96362b80a272b333&path=//&platform=linux&test_suite_type=unit&modifier_id=0
2021-05-30 00:51:27,2021-05-30,8634024,6259623,11712683,53.44311802855076,2573606,6144536,41.88446450635166,https://analysis.chromium.org/coverage/p/chromium/dir?host=chromium.googlesource.com&project=chromium/src&ref=refs/heads/master&revision=8634024aafcd51b214f8bc6e5dd110a8368372ec&path=//&platform=linux&test_suite_type=unit&modifier_id=0
2021-05-30 19:18:18,2021-05-30,9f0ea67,6259024,11712742,53.43773473367722,2573430,6144546,41.88153201229188,https://analysis.chromium.org/coverage/p/chromium/dir?host=chromium.googlesource.com&project=chromium/src&ref=refs/heads/master&revision=9f0ea67471e269c38ea933d8091e368ba44d573a&path=//&platform=linux&test_suite_type=unit&modifier_id=0
2021-05-31 01:18:59,2021-05-31,f2774cb,6261189,11713012,53.45498664220612,2573899,6144638,41.88853761604833,https://analysis.chromium.org/coverage/p/chromium/dir?host=chromium.googlesource.com&project=chromium/src&ref=refs/heads/master&revision=f2774cb258479e377c7ef90c19af1e448e08f997&path=//&platform=linux&test_suite_type=unit&modifier_id=0
2021-05-31 07:35:39,2021-05-31,02f5cc1,6262089,11714574,53.455541789227674,2574114,6145210,41.888137264633755,https://analysis.chromium.org/coverage/p/chromium/dir?host=chromium.googlesource.com&project=chromium/src&ref=refs/heads/master&revision=02f5cc18a75243c0adf32d53fffa5431e57d2ccd&path=//&platform=linux&test_suite_type=unit&modifier_id=0
2021-06-01 07:37:39,2021-06-01,3495b2a,6261999,11715749,53.44941241059364,2574023,6145498,41.88469347805499,https://analysis.chromium.org/coverage/p/chromium/dir?host=chromium.googlesource.com&project=chromium/src&ref=refs/heads/master&revision=3495b2a97dd4738bff0f494d01c6eb584970e794&path=//&platform=linux&test_suite_type=unit&modifier_id=0
2021-06-01 13:36:40,2021-06-01,6d6d71c,6260869,11716628,53.435758137921596,2573707,6145860,41.87708473671707,https://analysis.chromium.org/coverage/p/chromium/dir?host=chromium.googlesource.com&project=chromium/src&ref=refs/heads/master&revision=6d6d71c724c9e5f27529226f39dfecd8bb5447b8&path=//&platform=linux&test_suite_type=unit&modifier_id=0
2021-06-01 19:36:46,2021-06-01,436e2cb,6260216,11718799,53.42028649864206,2573839,6146388,41.87563492574826,https://analysis.chromium.org/coverage/p/chromium/dir?host=chromium.googlesource.com&project=chromium/src&ref=refs/heads/master&revision=436e2cb0cf2da954232e04a0dc6249cebdebc323&path=//&platform=linux&test_suite_type=unit&modifier_id=0
2021-06-02 07:34:55,2021-06-02,5a1c7d3,6260605,11718958,53.42288111280884,2573476,6146214,41.87091435475563,https://analysis.chromium.org/coverage/p/chromium/dir?host=chromium.googlesource.com&project=chromium/src&ref=refs/heads/master&revision=5a1c7d3cb2e0dc3faa35d9c5f17c4c2619dfbbdd&path=//&platform=linux&test_suite_type=unit&modifier_id=0
2021-06-03 19:30:03,2021-06-03,5745100,6266360,11728586,53.428094401149465,2575493,6150732,41.872951056882336,https://analysis.chromium.org/coverage/p/chromium/dir?host=chromium.googlesource.com&project=chromium/src&ref=refs/heads/master&revision=57451007b0143793f71d6bb4b6c8fe0f7e700238&path=//&platform=linux&test_suite_type=unit&modifier_id=0
2021-06-04 13:37:28,2021-06-04,a4230b6,6270831,11732501,53.44837388038577,2576831,6152648,41.88165810883379,https://analysis.chromium.org/coverage/p/chromium/dir?host=chromium.googlesource.com&project=chromium/src&ref=refs/heads/master&revision=a4230b6e8262dda8d49c65801bbd9129aa3b7c46&path=//&platform=linux&test_suite_type=unit&modifier_id=0
2021-06-05 05:08:08,2021-06-05,3dbd186,6269831,11733126,53.437003915239636,2576753,6153140,41.87704164052825,https://analysis.chromium.org/coverage/p/chromium/dir?host=chromium.googlesource.com&project=chromium/src&ref=refs/heads/master&revision=3dbd186126f7a8f19972aba01ef9629576106328&path=//&platform=linux&test_suite_type=unit&modifier_id=0
2021-06-06 19:35:24,2021-06-06,2d7628c,6270770,11733434,53.443603978170415,2577244,6153498,41.882584507218496,https://analysis.chromium.org/coverage/p/chromium/dir?host=chromium.googlesource.com&project=chromium/src&ref=refs/heads/master&revision=2d7628c8dc39d6aeffa0c9f0b6d8bc7692bcc614&path=//&platform=linux&test_suite_type=unit&modifier_id=0
2021-06-08 07:40:40,2021-06-08,11f1114,6275956,11743999,53.43968438689411,2579161,6158598,41.87902831131371,https://analysis.chromium.org/coverage/p/chromium/dir?host=chromium.googlesource.com&project=chromium/src&ref=refs/heads/main&revision=11f111448870e3f65dac1927cd53f709685c3e44&path=//&platform=linux&test_suite_type=unit&modifier_id=0
2021-06-10 13:42:02,2021-06-10,1c8fc22,6277222,11725815,53.53335354514803,2579577,6152396,41.9280065847517,https://analysis.chromium.org/coverage/p/chromium/dir?host=chromium.googlesource.com&project=chromium/src&ref=refs/heads/master&revision=1c8fc2230cec36f54de4a5f7838654e1fafecbfa&path=//&platform=linux&test_suite_type=unit&modifier_id=0
2021-06-11 19:13:36,2021-06-11,dcbb1aa,6277772,11730676,53.51585876210373,2580724,6155122,41.9280722624182,https://analysis.chromium.org/coverage/p/chromium/dir?host=chromium.googlesource.com&project=chromium/src&ref=refs/heads/master&revision=dcbb1aae680ebb55a775eeb7740cdb789900e578&path=//&platform=linux&test_suite_type=unit&modifier_id=0
2021-06-11 01:33:40,2021-06-11,f104416,6279149,11727108,53.54388311252868,2580887,6153358,41.94274085791855,https://analysis.chromium.org/coverage/p/chromium/dir?host=chromium.googlesource.com&project=chromium/src&ref=refs/heads/master&revision=f104416b27023681a3cf0a07c3c922b75b82b87f&path=//&platform=linux&test_suite_type=unit&modifier_id=0
2021-06-11 07:43:08,2021-06-11,f200d2a,6280143,11727215,53.55187058478931,2580882,6153466,41.94192346232189,https://analysis.chromium.org/coverage/p/chromium/dir?host=chromium.googlesource.com&project=chromium/src&ref=refs/heads/master&revision=f200d2a63f93254c5a135d43e5d8b10701c1baa3&path=//&platform=linux&test_suite_type=unit&modifier_id=0
2021-06-11 13:43:03,2021-06-11,bc8a22d,6279006,11728213,53.537619072914175,2580771,6154156,41.93541730173886,https://analysis.chromium.org/coverage/p/chromium/dir?host=chromium.googlesource.com&project=chromium/src&ref=refs/heads/master&revision=bc8a22df9a8d33a19512b7b520ab6b658e05aa30&path=//&platform=linux&test_suite_type=unit&modifier_id=0
2021-06-12 01:40:36,2021-06-12,415a711,6282740,11731057,53.55646980489482,2582019,6155302,41.94788492912289,https://analysis.chromium.org/coverage/p/chromium/dir?host=chromium.googlesource.com&project=chromium/src&ref=refs/heads/master&revision=415a711dc0bcb77ccd2d17bc8635a30c4d02120b&path=//&platform=linux&test_suite_type=unit&modifier_id=0
2021-06-12 07:03:50,2021-06-12,e2a2398,6276109,11731021,53.500108814058045,2580325,6155294,41.9204184235554,https://analysis.chromium.org/coverage/p/chromium/dir?host=chromium.googlesource.com&project=chromium/src&ref=refs/heads/master&revision=e2a239859c2b888b94cf7decad0445efac039a31&path=//&platform=linux&test_suite_type=unit&modifier_id=0
2021-06-12 12:07:45,2021-06-12,86ec6e1,6279887,11713051,53.614442556427015,2581544,6141980,42.03113653903139,https://analysis.chromium.org/coverage/p/chromium/dir?host=chromium.googlesource.com&project=chromium/src&ref=refs/heads/master&revision=86ec6e19f9a4d311810840e9dba40ad917d537d6&path=//&platform=linux&test_suite_type=unit&modifier_id=0
2021-06-12 19:10:21,2021-06-12,b1c2b37,6279302,11713153,53.60898128795893,2581242,6141980,42.02621955786245,https://analysis.chromium.org/coverage/p/chromium/dir?host=chromium.googlesource.com&project=chromium/src&ref=refs/heads/master&revision=b1c2b370819f9edd867ec3764e5af0d466cd5aee&path=//&platform=linux&test_suite_type=unit&modifier_id=0
2021-06-13 12:14:40,2021-06-13,aecf1e1,6280909,11713156,53.622687173294715,2581534,6141980,42.030973725085396,https://analysis.chromium.org/coverage/p/chromium/dir?host=chromium.googlesource.com&project=chromium/src&ref=refs/heads/master&revision=aecf1e14bfc633b14cb73110e6804944db12893b&path=//&platform=linux&test_suite_type=unit&modifier_id=0
2021-06-13 19:30:28,2021-06-13,8c42e9d,6280058,11713180,53.61531198188707,2581121,6141992,42.024167403669686,https://analysis.chromium.org/coverage/p/chromium/dir?host=chromium.googlesource.com&project=chromium/src&ref=refs/heads/master&revision=8c42e9d0032b7083592c0d8406ba83b8b7acda5d&path=//&platform=linux&test_suite_type=unit&modifier_id=0
2021-06-14 07:43:22,2021-06-14,af9e8c8,6176285,11714720,52.722429558709045,2504592,6143036,40.77124080015159,https://analysis.chromium.org/coverage/p/chromium/dir?host=chromium.googlesource.com&project=chromium/src&ref=refs/heads/master&revision=af9e8c859163731f9fda0a2906887abc69d846ec&path=//&platform=linux&test_suite_type=unit&modifier_id=0
2021-06-16 01:44:08,2021-06-16,e480d95,6236159,11722136,53.19985197237091,2546743,6145410,41.441384708261936,https://analysis.chromium.org/coverage/p/chromium/dir?host=chromium.googlesource.com&project=chromium/src&ref=refs/heads/main&revision=e480d95e3f93c40f2363ca0d01ac05ef5ec33a02&path=//&platform=linux&test_suite_type=unit&modifier_id=0
2021-06-16 19:35:08,2021-06-16,bd586cf,6283105,11729486,53.56675475805163,2584085,6147594,42.0340868313685,https://analysis.chromium.org/coverage/p/chromium/dir?host=chromium.googlesource.com&project=chromium/src&ref=refs/heads/main&revision=bd586cf252788c1d9e780db974d093ecebfc22a9&path=//&platform=linux&test_suite_type=unit&modifier_id=0
2021-06-17 01:44:20,2021-06-17,c0345ff,6287390,11731348,53.59477870744266,2585309,6148588,42.04719847874016,https://analysis.chromium.org/coverage/p/chromium/dir?host=chromium.googlesource.com&project=chromium/src&ref=refs/heads/main&revision=c0345ff9630737a38bdb269fae4ab262b0f98514&path=//&platform=linux&test_suite_type=unit&modifier_id=0
2021-06-17 13:45:03,2021-06-17,08ca5ab,6244637,11732579,53.2247598758977,2549365,6149148,41.45883299605084,https://analysis.chromium.org/coverage/p/chromium/dir?host=chromium.googlesource.com&project=chromium/src&ref=refs/heads/main&revision=08ca5ab2adf2c9b596c1117852e3cd0e003639ed&path=//&platform=linux&test_suite_type=unit&modifier_id=0
2021-06-18 13:46:25,2021-06-18,e0c781b,6292796,11737250,53.61388740974249,2587946,6152698,42.06197021209232,https://analysis.chromium.org/coverage/p/chromium/dir?host=chromium.googlesource.com&project=chromium/src&ref=refs/heads/main&revision=e0c781be08213e3e91d431262643b69f7723839d&path=//&platform=linux&test_suite_type=unit&modifier_id=0
2021-06-19 06:19:02,2021-06-19,cc26a0e,6193336,11738726,52.75986508246295,2511862,6153176,40.82220303791083,https://analysis.chromium.org/coverage/p/chromium/dir?host=chromium.googlesource.com&project=chromium/src&ref=refs/heads/main&revision=cc26a0e926342b285345aa820870e731323670b3&path=//&platform=linux&test_suite_type=unit&modifier_id=0
2021-06-19 13:41:27,2021-06-19,6dccde8,6293468,11738119,53.615643187805475,2587738,6153022,42.056374900008485,https://analysis.chromium.org/coverage/p/chromium/dir?host=chromium.googlesource.com&project=chromium/src&ref=refs/heads/main&revision=6dccde89a6796f8fff53974c07cd168c0c86bcd9&path=//&platform=linux&test_suite_type=unit&modifier_id=0
2021-06-19 01:41:16,2021-06-19,c39c8f5,6192038,11738701,52.748920004010664,2511407,6153180,40.814781950146106,https://analysis.chromium.org/coverage/p/chromium/dir?host=chromium.googlesource.com&project=chromium/src&ref=refs/heads/main&revision=c39c8f5c2becccbd0117633b1a7c1d831242e467&path=//&platform=linux&test_suite_type=unit&modifier_id=0
2021-06-20 01:30:17,2021-06-20,734c59c,6292858,11738487,53.608765763424195,2587583,6153054,42.05363710443627,https://analysis.chromium.org/coverage/p/chromium/dir?host=chromium.googlesource.com&project=chromium/src&ref=refs/heads/main&revision=734c59c6abd58f274f66221109a1a31d18527506&path=//&platform=linux&test_suite_type=unit&modifier_id=0
2021-06-20 12:18:57,2021-06-20,6fd5645,6293029,11738090,53.61203568894088,2587697,6152924,42.05637839830298,https://analysis.chromium.org/coverage/p/chromium/dir?host=chromium.googlesource.com&project=chromium/src&ref=refs/heads/main&revision=6fd5645c6de044435f4709b5515eb4432576407f&path=//&platform=linux&test_suite_type=unit&modifier_id=0
2021-06-23 01:42:58,2021-06-23,1b63731,6298587,11746301,53.6218763677178,2589310,6156608,42.05741213343452,https://analysis.chromium.org/coverage/p/chromium/dir?host=chromium.googlesource.com&project=chromium/src&ref=refs/heads/main&revision=1b63731c7d39ee964a72fa169d8ff418e6cae587&path=//&platform=linux&test_suite_type=unit&modifier_id=0
2021-06-23 07:48:10,2021-06-23,025259e,6298424,11747513,53.614956629543634,2589729,6157356,42.059107837844685,https://analysis.chromium.org/coverage/p/chromium/dir?host=chromium.googlesource.com&project=chromium/src&ref=refs/heads/main&revision=025259e139f7d96ffb66a66a214a736fea06b1c2&path=//&platform=linux&test_suite_type=unit&modifier_id=0
2021-06-23 13:46:28,2021-06-23,145c619,6301412,11749118,53.6330642010745,2590111,6157374,42.06518882887413,https://analysis.chromium.org/coverage/p/chromium/dir?host=chromium.googlesource.com&project=chromium/src&ref=refs/heads/main&revision=145c619b314eec23a9e84a2bdd49cc14f4bce231&path=//&platform=linux&test_suite_type=unit&modifier_id=0
2021-06-24 01:37:17,2021-06-24,7585e5b,6301656,11752988,53.61748008251178,2590114,6159300,42.052083840696184,https://analysis.chromium.org/coverage/p/chromium/dir?host=chromium.googlesource.com&project=chromium/src&ref=refs/heads/main&revision=7585e5b9eb8234d9594a9b6bd40c8d2fc45de0b6&path=//&platform=linux&test_suite_type=unit&modifier_id=0
2021-06-24 19:45:16,2021-06-24,fed1674,6300996,11753469,53.60967047260685,2590574,6159366,42.05910153739849,https://analysis.chromium.org/coverage/p/chromium/dir?host=chromium.googlesource.com&project=chromium/src&ref=refs/heads/main&revision=fed1674f63db8ca1d2c50fb11ebb3f43f644c16a&path=//&platform=linux&test_suite_type=unit&modifier_id=0
2021-06-25 13:46:15,2021-06-25,8a289ed,6304319,11757789,53.61823553731063,2591538,6161312,42.06146353244244,https://analysis.chromium.org/coverage/p/chromium/dir?host=chromium.googlesource.com&project=chromium/src&ref=refs/heads/main&revision=8a289eda8f538d72c75c1285c9df309cbe868dae&path=//&platform=linux&test_suite_type=unit&modifier_id=0
2021-06-26 01:49:57,2021-06-26,2d4d851,6302407,11760482,53.589699809922756,2591684,6162546,42.055410215193525,https://analysis.chromium.org/coverage/p/chromium/dir?host=chromium.googlesource.com&project=chromium/src&ref=refs/heads/main&revision=2d4d851a75103b1b4572f971a9f5222d09ad5291&path=//&platform=linux&test_suite_type=unit&modifier_id=0
2021-06-26 13:08:18,2021-06-26,568019a,6304928,11760485,53.6111223304141,2592222,6162520,42.064317843998886,https://analysis.chromium.org/coverage/p/chromium/dir?host=chromium.googlesource.com&project=chromium/src&ref=refs/heads/main&revision=568019a3f83a2e42b47f16cbf5f3f4af1d140767&path=//&platform=linux&test_suite_type=unit&modifier_id=0
2021-06-26 19:25:47,2021-06-26,6dfa212,6302802,11760485,53.59304484466414,2591549,6162518,42.053410635068325,https://analysis.chromium.org/coverage/p/chromium/dir?host=chromium.googlesource.com&project=chromium/src&ref=refs/heads/main&revision=6dfa212831e306a0a5aa6d7b2f29142de6332c13&path=//&platform=linux&test_suite_type=unit&modifier_id=0
2021-06-27 13:12:53,2021-06-27,55eebd9,6305472,11760498,53.615688723385695,2591930,6162522,42.05956587254374,https://analysis.chromium.org/coverage/p/chromium/dir?host=chromium.googlesource.com&project=chromium/src&ref=refs/heads/main&revision=55eebd98fb27641b21a9aa67a80d365e6e611be5&path=//&platform=linux&test_suite_type=unit&modifier_id=0
2021-06-27 00:30:27,2021-06-27,ccaa783,6303995,11760485,53.60318898412778,2591746,6162518,42.05660738029487,https://analysis.chromium.org/coverage/p/chromium/dir?host=chromium.googlesource.com&project=chromium/src&ref=refs/heads/main&revision=ccaa78378c4efa508fda07493410688314fdba2c&path=//&platform=linux&test_suite_type=unit&modifier_id=0
2021-06-27 04:16:05,2021-06-27,2ed883b,6304029,11760485,53.60347808785097,2591709,6162518,42.056006976369076,https://analysis.chromium.org/coverage/p/chromium/dir?host=chromium.googlesource.com&project=chromium/src&ref=refs/heads/main&revision=2ed883b1b6fe3acfe390e61ee89f6f5410b758f5&path=//&platform=linux&test_suite_type=unit&modifier_id=0
2021-06-30 19:50:44,2021-06-30,0a12cd2,6311316,11771582,53.61484972877902,2594566,6167458,42.0686448128224,https://analysis.chromium.org/coverage/p/chromium/dir?host=chromium.googlesource.com&project=chromium/src&ref=refs/heads/main&revision=0a12cd24bb098007bd9e306c35e89fab956fabe9&path=//&platform=linux&test_suite_type=unit&modifier_id=0
2021-07-01 01:52:22,2021-07-01,37973d3,6311856,11772136,53.61691370198238,2594891,6167856,42.07119945731547,https://analysis.chromium.org/coverage/p/chromium/dir?host=chromium.googlesource.com&project=chromium/src&ref=refs/heads/main&revision=37973d3250e76fa5579e680d3bfcae2f57e1f6ab&path=//&platform=linux&test_suite_type=unit&modifier_id=0
2021-07-23 02:00:40,2021-07-23,fa1eabd,6340781,11818773,53.650078565685284,2602424,6185368,42.073874990138016,https://analysis.chromium.org/coverage/p/chromium/dir?host=chromium.googlesource.com&project=chromium/src&ref=refs/heads/main&revision=fa1eabd3dd915a8daa859f5920561dc8e5b19f5f&path=//&platform=linux&test_suite_type=unit&modifier_id=0
2021-07-24 07:39:01,2021-07-24,9043eb3,6342454,11822375,53.647883779697395,2603117,6186810,42.075269807865446,https://analysis.chromium.org/coverage/p/chromium/dir?host=chromium.googlesource.com&project=chromium/src&ref=refs/heads/main&revision=9043eb38ae2e21e67ffa9fedf5c82f62711881dc&path=//&platform=linux&test_suite_type=unit&modifier_id=0
2021-07-24 19:59:43,2021-07-24,a3f915c,6344219,11822835,53.660725198313266,2603252,6187012,42.07607808098643,https://analysis.chromium.org/coverage/p/chromium/dir?host=chromium.googlesource.com&project=chromium/src&ref=refs/heads/main&revision=a3f915c0ae069932b9c41664f26a0999a3b76323&path=//&platform=linux&test_suite_type=unit&modifier_id=0
2021-07-25 13:20:51,2021-07-25,6b4174b,6342938,11822868,53.64974048598022,2602918,6187020,42.07062527678915,https://analysis.chromium.org/coverage/p/chromium/dir?host=chromium.googlesource.com&project=chromium/src&ref=refs/heads/main&revision=6b4174bd0a72c84534462091792d5bf7ead46ff2&path=//&platform=linux&test_suite_type=unit&modifier_id=0
2021-07-29 14:03:10,2021-07-29,e91e019,6352601,11834603,53.67819266941189,2607071,6193836,42.0913792357434,https://analysis.chromium.org/coverage/p/chromium/dir?host=chromium.googlesource.com&project=chromium/src&ref=refs/heads/main&revision=e91e0194604cf3c4917f71b8a64964343bde3d59&path=//&platform=linux&test_suite_type=unit&modifier_id=0
2021-07-30 20:00:26,2021-07-30,8732f07,6355754,11841756,53.67239453337832,2607858,6196994,42.0826290940414,https://analysis.chromium.org/coverage/p/chromium/dir?host=chromium.googlesource.com&project=chromium/src&ref=refs/heads/main&revision=8732f0790c7885e7ed6bdd5b2a010624af584d4e&path=//&platform=linux&test_suite_type=unit&modifier_id=0
2021-07-31 13:31:24,2021-07-31,8e54e82,6354237,11841883,53.65900845330088,2607857,6197060,42.08216476845472,https://analysis.chromium.org/coverage/p/chromium/dir?host=chromium.googlesource.com&project=chromium/src&ref=refs/heads/main&revision=8e54e82bb17e6df6c37cda5605b01b2220f249b8&path=//&platform=linux&test_suite_type=unit&modifier_id=0
2021-08-01 08:07:59,2021-08-01,546710c,6355077,11841894,53.66605206903558,2608019,6197080,42.08464308997141,https://analysis.chromium.org/coverage/p/chromium/dir?host=chromium.googlesource.com&project=chromium/src&ref=refs/heads/main&revision=546710cd9e059381424247b9e1efd7f2fe9c3550&path=//&platform=linux&test_suite_type=unit&modifier_id=0
2021-08-01 20:02:58,2021-08-01,cc8513f,6354424,11841934,53.66035649244456,2607750,6197062,42.08042456247816,https://analysis.chromium.org/coverage/p/chromium/dir?host=chromium.googlesource.com&project=chromium/src&ref=refs/heads/main&revision=cc8513f8d62e087a84dc1e178aa3e1d9a237724a&path=//&platform=linux&test_suite_type=unit&modifier_id=0
2021-08-02 20:08:51,2021-08-02,fa1b616,6352014,11841896,53.64017721486492,2606438,6196292,42.064479853434925,https://analysis.chromium.org/coverage/p/chromium/dir?host=chromium.googlesource.com&project=chromium/src&ref=refs/heads/main&revision=fa1b61678f526c074755e34453ede88e54ae1b71&path=//&platform=linux&test_suite_type=unit&modifier_id=0
2021-08-03 20:07:59,2021-08-03,9a817d6,6306059,11841919,53.25200248371907,2570761,6195866,41.491552593293655,https://analysis.chromium.org/coverage/p/chromium/dir?host=chromium.googlesource.com&project=chromium/src&ref=refs/heads/main&revision=9a817d69a132822ddf2954120e96a3efa2290071&path=//&platform=linux&test_suite_type=unit&modifier_id=0
2021-08-05 19:33:07,2021-08-05,7993129,6358794,11847885,53.67028798810927,2608018,6197390,42.082521835805075,https://analysis.chromium.org/coverage/p/chromium/dir?host=chromium.googlesource.com&project=chromium/src&ref=refs/heads/main&revision=7993129d0b89652ff23c8df5fd6680d55961091e&path=//&platform=linux&test_suite_type=unit&modifier_id=0
2021-08-05 01:58:06,2021-08-05,e886ba9,6356576,11845793,53.66104236330991,2608457,6197540,42.08858676184422,https://analysis.chromium.org/coverage/p/chromium/dir?host=chromium.googlesource.com&project=chromium/src&ref=refs/heads/main&revision=e886ba908db228ea619db088730b69ea63bb6752&path=//&platform=linux&test_suite_type=unit&modifier_id=0
2021-08-07 01:51:12,2021-08-07,e9dff2b,6359657,11853871,53.65046574237226,2607396,6198082,42.067788067340835,https://analysis.chromium.org/coverage/p/chromium/dir?host=chromium.googlesource.com&project=chromium/src&ref=refs/heads/main&revision=e9dff2bac83e89fd9b9e708cbe94b0021f92411c&path=//&platform=linux&test_suite_type=unit&modifier_id=0
2021-08-07 19:09:35,2021-08-07,57c91cb,6360596,11854101,53.657346094824064,2608197,6198126,42.080412692481566,https://analysis.chromium.org/coverage/p/chromium/dir?host=chromium.googlesource.com&project=chromium/src&ref=refs/heads/main&revision=57c91cbea36ee8b98976bd1a1a2bb4da7277257c&path=//&platform=linux&test_suite_type=unit&modifier_id=0
2021-08-08 20:02:18,2021-08-08,8766e9c,6360238,11854589,53.65211733616408,2608363,6198720,42.07905825718858,https://analysis.chromium.org/coverage/p/chromium/dir?host=chromium.googlesource.com&project=chromium/src&ref=refs/heads/main&revision=8766e9ca3e7882ee856472ae2db13b09871eace8&path=//&platform=linux&test_suite_type=unit&modifier_id=0
2021-08-10 08:09:41,2021-08-10,741d588,6360079,11856967,53.64001603445468,2606915,6197164,42.06625804964981,https://analysis.chromium.org/coverage/p/chromium/dir?host=chromium.googlesource.com&project=chromium/src&ref=refs/heads/main&revision=741d588809ef32957e86e3091dbbb8b348c2d285&path=//&platform=linux&test_suite_type=unit&modifier_id=0
2021-08-12 14:13:36,2021-08-12,35b0d5a,6358747,11791076,53.92847098941606,2606620,6165352,42.2785268383703,https://analysis.chromium.org/coverage/p/chromium/dir?host=chromium.googlesource.com&project=chromium/src&ref=refs/heads/main&revision=35b0d5a9dc8362adfd44e2614f0d5b7402ef63d0&path=//&platform=linux&test_suite_type=unit&modifier_id=0
2021-08-13 20:03:02,2021-08-13,7e0b195,6356099,11793456,53.89513472556306,2606102,6166298,42.26364019384078,https://analysis.chromium.org/coverage/p/chromium/dir?host=chromium.googlesource.com&project=chromium/src&ref=refs/heads/main&revision=7e0b195984135e8c86fd6f27e9e54f83f2244549&path=//&platform=linux&test_suite_type=unit&modifier_id=0
2021-08-15 07:14:16,2021-08-15,96a43c0,6357493,11793198,53.90813416343896,2606065,6166050,42.264739987512264,https://analysis.chromium.org/coverage/p/chromium/dir?host=chromium.googlesource.com&project=chromium/src&ref=refs/heads/main&revision=96a43c0643495a47c37fbf865d47412f556bb3ac&path=//&platform=linux&test_suite_type=unit&modifier_id=0
2021-08-16 02:05:06,2021-08-16,9b4695e,6357257,11793670,53.90397560725372,2606257,6166374,42.26563293111965,https://analysis.chromium.org/coverage/p/chromium/dir?host=chromium.googlesource.com&project=chromium/src&ref=refs/heads/main&revision=9b4695e08effecebd430fe245bfb5cba832b9ba5&path=//&platform=linux&test_suite_type=unit&modifier_id=0
2021-08-16 20:15:00,2021-08-16,1892802,6361008,11809084,53.86538024456427,2607902,6173576,42.24297230648817,https://analysis.chromium.org/coverage/p/chromium/dir?host=chromium.googlesource.com&project=chromium/src&ref=refs/heads/main&revision=18928023e899841279b831788147490d0d06e4ad&path=//&platform=linux&test_suite_type=unit&modifier_id=0
2021-08-17 08:15:55,2021-08-17,32faa43,6361983,11810565,53.86688105099121,2607875,6173774,42.24118019221306,https://analysis.chromium.org/coverage/p/chromium/dir?host=chromium.googlesource.com&project=chromium/src&ref=refs/heads/main&revision=32faa4352d007af592669c256c6796ed7d35fa57&path=//&platform=linux&test_suite_type=unit&modifier_id=0
2021-08-18 02:14:08,2021-08-18,c6af4c2,6361807,11814641,53.84680753312775,2607673,6175260,42.22774425692197,https://analysis.chromium.org/coverage/p/chromium/dir?host=chromium.googlesource.com&project=chromium/src&ref=refs/heads/main&revision=c6af4c2b72bc12f5fbb0cf3e3e8dfe64183436b8&path=//&platform=linux&test_suite_type=unit&modifier_id=0
2021-08-18 19:57:03,2021-08-18,e35a3c7,6367234,11817082,53.88160969010793,2610637,6177860,42.25795016397264,https://analysis.chromium.org/coverage/p/chromium/dir?host=chromium.googlesource.com&project=chromium/src&ref=refs/heads/main&revision=e35a3c7a8acd3dcc1bbebc1b721b682ae9a822a4&path=//&platform=linux&test_suite_type=unit&modifier_id=0
2021-08-20 08:17:22,2021-08-20,6ef4224,6369822,11821859,53.88172875348962,2611138,6179350,42.25586833566637,https://analysis.chromium.org/coverage/p/chromium/dir?host=chromium.googlesource.com&project=chromium/src&ref=refs/heads/main&revision=6ef4224b435a4a9826a102229b74057d8b684249&path=//&platform=linux&test_suite_type=unit&modifier_id=0
2021-08-20 20:10:20,2021-08-20,7504f92,6373178,11824016,53.90028227296039,2612004,6180786,42.26006206977559,https://analysis.chromium.org/coverage/p/chromium/dir?host=chromium.googlesource.com&project=chromium/src&ref=refs/heads/main&revision=7504f92cebb2638c36740d0e6ada98f05ccb0b96&path=//&platform=linux&test_suite_type=unit&modifier_id=0
2021-08-21 02:15:50,2021-08-21,b7ebe9f,6373573,11824027,53.903572784466746,2611956,6180776,42.25935384165354,https://analysis.chromium.org/coverage/p/chromium/dir?host=chromium.googlesource.com&project=chromium/src&ref=refs/heads/main&revision=b7ebe9ff2556bed497ac9da856397fdb263f7080&path=//&platform=linux&test_suite_type=unit&modifier_id=0
2021-08-21 08:16:39,2021-08-21,6bed450,6372449,11824182,53.89336023413713,2611658,6180860,42.253958187048404,https://analysis.chromium.org/coverage/p/chromium/dir?host=chromium.googlesource.com&project=chromium/src&ref=refs/heads/main&revision=6bed450f1598c976e828b95e0add76f40b085875&path=//&platform=linux&test_suite_type=unit&modifier_id=0
2021-08-22 02:05:39,2021-08-22,e03c577,6373125,11824156,53.89919584958115,2612433,6180840,42.266633661444075,https://analysis.chromium.org/coverage/p/chromium/dir?host=chromium.googlesource.com&project=chromium/src&ref=refs/heads/main&revision=e03c577c1d64768fea0266fffa62ce1dd630687e&path=//&platform=linux&test_suite_type=unit&modifier_id=0
2021-08-23 20:12:06,2021-08-23,2822b79,6374675,11827523,53.89695712280585,2613022,6183058,42.26099771342918,https://analysis.chromium.org/coverage/p/chromium/dir?host=chromium.googlesource.com&project=chromium/src&ref=refs/heads/main&revision=2822b79672f0a23c63447d2e019662ba40e79703&path=//&platform=linux&test_suite_type=unit&modifier_id=0
2021-08-23 08:17:21,2021-08-23,84ac79a,6372084,11824511,53.88877392054521,2611965,6181056,42.25758511167024,https://analysis.chromium.org/coverage/p/chromium/dir?host=chromium.googlesource.com&project=chromium/src&ref=refs/heads/main&revision=84ac79ae34c14d25cefc69e4191f28af930f95a6&path=//&platform=linux&test_suite_type=unit&modifier_id=0
2021-08-25 08:13:59,2021-08-25,414015b,6378268,11832409,53.905067007065085,2614238,6185852,42.26156720206044,https://analysis.chromium.org/coverage/p/chromium/dir?host=chromium.googlesource.com&project=chromium/src&ref=refs/heads/main&revision=414015ba343bb58bbf11f6a3314c26cc41ecf993&path=//&platform=linux&test_suite_type=unit&modifier_id=0
2021-08-25 02:17:49,2021-08-25,163c8c5,6377313,11831457,53.90133269300645,2614042,6184882,42.26502623655552,https://analysis.chromium.org/coverage/p/chromium/dir?host=chromium.googlesource.com&project=chromium/src&ref=refs/heads/main&revision=163c8c5f10f80914db8d2f8e18bd3bac0bdfc2a4&path=//&platform=linux&test_suite_type=unit&modifier_id=0
2021-08-26 14:17:12,2021-08-26,afc6b7f,6378485,11834422,53.89773154954251,2614146,6185502,42.262471178572085,https://analysis.chromium.org/coverage/p/chromium/dir?host=chromium.googlesource.com&project=chromium/src&ref=refs/heads/main&revision=afc6b7f7b0524a45ee9a70fc3739c9535de129f1&path=//&platform=linux&test_suite_type=unit&modifier_id=0
2021-08-26 02:09:48,2021-08-26,b1fcc4f,6380099,11833412,53.91597115016362,2614399,6185372,42.26744971846479,https://analysis.chromium.org/coverage/p/chromium/dir?host=chromium.googlesource.com&project=chromium/src&ref=refs/heads/main&revision=b1fcc4f68ac7fdd9a66e6e88b2b4d3dacd3a7045&path=//&platform=linux&test_suite_type=unit&modifier_id=0
2021-08-26 20:14:54,2021-08-26,fad75dd,6381189,11833120,53.92651304136187,2614531,6185476,42.26887308268596,https://analysis.chromium.org/coverage/p/chromium/dir?host=chromium.googlesource.com&project=chromium/src&ref=refs/heads/main&revision=fad75dd6fca72c4cb0f6c3bd7cc875a893461bbc&path=//&platform=linux&test_suite_type=unit&modifier_id=0
2021-08-27 02:16:50,2021-08-27,ac82ba8,6379204,11833969,53.90587046493024,2614328,6185850,42.26303579944551,https://analysis.chromium.org/coverage/p/chromium/dir?host=chromium.googlesource.com&project=chromium/src&ref=refs/heads/main&revision=ac82ba8e2ea373fe5eae67191812ff8782ff5905&path=//&platform=linux&test_suite_type=unit&modifier_id=0
2021-08-29 13:14:45,2021-08-29,3998088,6382575,11836102,53.924636675148626,2615383,6187494,42.26885714959885,https://analysis.chromium.org/coverage/p/chromium/dir?host=chromium.googlesource.com&project=chromium/src&ref=refs/heads/main&revision=399808806081f555cc4b4ca60821c9efc9a9ac04&path=//&platform=linux&test_suite_type=unit&modifier_id=0
2021-08-30 02:18:29,2021-08-30,9a19b14,6382925,11836527,53.92565741623366,2615747,6187698,42.27334624281922,https://analysis.chromium.org/coverage/p/chromium/dir?host=chromium.googlesource.com&project=chromium/src&ref=refs/heads/main&revision=9a19b14edee9b28976b72b79c0e505d88642b34c&path=//&platform=linux&test_suite_type=unit&modifier_id=0
2021-08-30 08:16:54,2021-08-30,7802065,6385807,11836742,53.949025838359915,2616025,6187950,42.27611729247974,https://analysis.chromium.org/coverage/p/chromium/dir?host=chromium.googlesource.com&project=chromium/src&ref=refs/heads/main&revision=78020653ff22990957bc9dc409e8aac6bd551b6c&path=//&platform=linux&test_suite_type=unit&modifier_id=0
2021-08-30 20:17:56,2021-08-30,e363ea2,6384899,11839193,53.93018764032312,2616165,6188978,42.27135724185803,https://analysis.chromium.org/coverage/p/chromium/dir?host=chromium.googlesource.com&project=chromium/src&ref=refs/heads/main&revision=e363ea2e6138649245ce3cf07782b9789c6d8b31&path=//&platform=linux&test_suite_type=unit&modifier_id=0
2021-09-01 02:13:43,2021-09-01,5b0d994,6386890,11841745,53.93537861185155,2616893,6190100,42.27545597001664,https://analysis.chromium.org/coverage/p/chromium/dir?host=chromium.googlesource.com&project=chromium/src&ref=refs/heads/main&revision=5b0d9947857f9a8264fdf784f2c440399fa81efc&path=//&platform=linux&test_suite_type=unit&modifier_id=0
2021-09-01 08:18:57,2021-09-01,760d4c8,6386942,11841946,53.93490225339653,2616634,6190310,42.26983785949331,https://analysis.chromium.org/coverage/p/chromium/dir?host=chromium.googlesource.com&project=chromium/src&ref=refs/heads/main&revision=760d4c86d56a76bcba5a6f5d04558136421e4cc1&path=//&platform=linux&test_suite_type=unit&modifier_id=0
2021-09-02 08:21:07,2021-09-02,410b88c,6391210,11844326,53.960098700424155,2618095,6191812,42.283179786466384,https://analysis.chromium.org/coverage/p/chromium/dir?host=chromium.googlesource.com&project=chromium/src&ref=refs/heads/main&revision=410b88c50385e922089410549ac84b11164d6413&path=//&platform=linux&test_suite_type=unit&modifier_id=0
2021-09-03 02:19:47,2021-09-03,99f4d61,6391982,11848831,53.946098142508745,2618722,6194300,42.27631855092585,https://analysis.chromium.org/coverage/p/chromium/dir?host=chromium.googlesource.com&project=chromium/src&ref=refs/heads/main&revision=99f4d61e27cecb8438182e3ff1dc1db34a0fd75e&path=//&platform=linux&test_suite_type=unit&modifier_id=0
2021-09-03 14:16:48,2021-09-03,7179184,6394479,11851375,53.955587431838076,2619799,6195970,42.2823060795969,https://analysis.chromium.org/coverage/p/chromium/dir?host=chromium.googlesource.com&project=chromium/src&ref=refs/heads/main&revision=7179184aff4a9a0de701efb29f7dbad0a1d461a7&path=//&platform=linux&test_suite_type=unit&modifier_id=0
2021-09-07 01:53:31,2021-09-07,1db33b5,6397768,11851079,53.98468780775151,2621074,6196688,42.29798240608532,https://analysis.chromium.org/coverage/p/chromium/dir?host=chromium.googlesource.com&project=chromium/src&ref=refs/heads/main&revision=1db33b540156acf834cb7e84c76b4782c7dada80&path=//&platform=linux&test_suite_type=unit&modifier_id=0
2021-09-08 14:21:37,2021-09-08,b6c9ceb,6398047,11858334,53.954012427040766,2621587,6200978,42.27699243570933,https://analysis.chromium.org/coverage/p/chromium/dir?host=chromium.googlesource.com&project=chromium/src&ref=refs/heads/main&revision=b6c9ceb41db58bf28629ea0482233df1b8c67720&path=//&platform=linux&test_suite_type=unit&modifier_id=0
2021-09-10 14:24:36,2021-09-10,5d0aa2e,6414721,11914713,53.83865310058245,2626315,6223234,42.20177161906494,https://analysis.chromium.org/coverage/p/chromium/dir?host=chromium.googlesource.com&project=chromium/src&ref=refs/heads/main&revision=5d0aa2e9bb41cf0f99e5f3cbf3626adbc705b539&path=//&platform=linux&test_suite_type=unit&modifier_id=0
2021-09-12 08:03:18,2021-09-12,40fe441,6416442,11916304,53.84590725446414,2627181,6224630,42.20621948613813,https://analysis.chromium.org/coverage/p/chromium/dir?host=chromium.googlesource.com&project=chromium/src&ref=refs/heads/main&revision=40fe441c5234377b3b14baba6937382a383201d5&path=//&platform=linux&test_suite_type=unit&modifier_id=0
2021-09-14 20:22:18,2021-09-14,d7d074d,6418844,11921883,53.840857186738035,2629331,6229530,42.20753411573586,https://analysis.chromium.org/coverage/p/chromium/dir?host=chromium.googlesource.com&project=chromium/src&ref=refs/heads/main&revision=d7d074dc58af7d22f887ede3edae10163530c4ce&path=//&platform=linux&test_suite_type=unit&modifier_id=0
2021-09-14 02:23:19,2021-09-14,8645ebe,6418571,11918739,53.85276915620017,2628552,6228014,42.205300116537956,https://analysis.chromium.org/coverage/p/chromium/dir?host=chromium.googlesource.com&project=chromium/src&ref=refs/heads/main&revision=8645ebe16e1c3b29bd13615af96900d1020c0289&path=//&platform=linux&test_suite_type=unit&modifier_id=0
2021-09-15 02:18:34,2021-09-15,5dce2a6,6420741,11922489,53.854031653960845,2629521,6229880,42.20821267825384,https://analysis.chromium.org/coverage/p/chromium/dir?host=chromium.googlesource.com&project=chromium/src&ref=refs/heads/main&revision=5dce2a6b5888d71ee221b75790442a5fda986418&path=//&platform=linux&test_suite_type=unit&modifier_id=0
2021-09-15 08:24:51,2021-09-15,97256bb,6401064,11695299,54.73193973065588,2627766,6144572,42.765647469018184,https://analysis.chromium.org/coverage/p/chromium/dir?host=chromium.googlesource.com&project=chromium/src&ref=refs/heads/main&revision=97256bb4e4b93ad3a0526b796932fb9b7cfca650&path=//&platform=linux&test_suite_type=unit&modifier_id=0
2021-09-15 14:24:40,2021-09-15,483640b,6403087,11696834,54.742052422048566,2628171,6145560,42.76536231035089,https://analysis.chromium.org/coverage/p/chromium/dir?host=chromium.googlesource.com&project=chromium/src&ref=refs/heads/main&revision=483640b0db65a6b9f3bf6a928fff0120300298d7&path=//&platform=linux&test_suite_type=unit&modifier_id=0
2021-09-15 20:25:37,2021-09-15,9557839,6402745,11698118,54.733120319011995,2628116,6146086,42.76080744721112,https://analysis.chromium.org/coverage/p/chromium/dir?host=chromium.googlesource.com&project=chromium/src&ref=refs/heads/main&revision=95578395e4fee3bf7a5c34320882950b3158a128&path=//&platform=linux&test_suite_type=unit&modifier_id=0
2021-09-16 02:27:26,2021-09-16,7864bfb,6404628,11698476,54.7475414746331,2628798,6146414,42.769621441054895,https://analysis.chromium.org/coverage/p/chromium/dir?host=chromium.googlesource.com&project=chromium/src&ref=refs/heads/main&revision=7864bfbd445af696f43a4b80a6104ba3b85a196a&path=//&platform=linux&test_suite_type=unit&modifier_id=0
2021-09-16 08:28:33,2021-09-16,08df991,6405830,11698664,54.75693634760345,2629258,6146534,42.7762703338174,https://analysis.chromium.org/coverage/p/chromium/dir?host=chromium.googlesource.com&project=chromium/src&ref=refs/heads/main&revision=08df991f2b90ab8d2b7119bcdf3b3509c809317b&path=//&platform=linux&test_suite_type=unit&modifier_id=0
2021-09-16 19:59:00,2021-09-16,4e2e3ae,6408710,11703703,54.75796848228291,2630176,6149478,42.7707197261296,https://analysis.chromium.org/coverage/p/chromium/dir?host=chromium.googlesource.com&project=chromium/src&ref=refs/heads/main&revision=4e2e3ae20b0961b6dc1903f6d0f63a02f172352e&path=//&platform=linux&test_suite_type=unit&modifier_id=0
2021-09-17 14:28:26,2021-09-17,2097283,6405849,11703577,54.73411248543928,2629635,6149578,42.76122686792492,https://analysis.chromium.org/coverage/p/chromium/dir?host=chromium.googlesource.com&project=chromium/src&ref=refs/heads/main&revision=2097283e159f35e87fa8879a5400dd4bd2609558&path=//&platform=linux&test_suite_type=unit&modifier_id=0
2021-09-17 19:09:09,2021-09-17,906b71d,6409534,11704294,54.76224366886204,2630903,6150494,42.7754746204126,https://analysis.chromium.org/coverage/p/chromium/dir?host=chromium.googlesource.com&project=chromium/src&ref=refs/heads/main&revision=906b71dc35801b58cf9289a322f95423ea595dff&path=//&platform=linux&test_suite_type=unit&modifier_id=0
2021-09-17 21:14:50,2021-09-17,c7c9cfc,6407686,11704264,54.74659491617756,2630389,6150492,42.76713147501045,https://analysis.chromium.org/coverage/p/chromium/dir?host=chromium.googlesource.com&project=chromium/src&ref=refs/heads/main&revision=c7c9cfc8a90457a9adfb437c6cf555be0a12d5f7&path=//&platform=linux&test_suite_type=unit&modifier_id=0
2021-09-18 10:42:34,2021-09-18,9f516af,6409421,11705574,54.7552900865861,2630739,6150902,42.76997097336293,https://analysis.chromium.org/coverage/p/chromium/dir?host=chromium.googlesource.com&project=chromium/src&ref=refs/heads/main&revision=9f516afec13008193d77eaf88ecf6cdeda103d05&path=//&platform=linux&test_suite_type=unit&modifier_id=0
2021-09-18 19:08:21,2021-09-18,8494f23,6407680,11705574,54.740416830477514,2630125,6150902,42.75998869759265,https://analysis.chromium.org/coverage/p/chromium/dir?host=chromium.googlesource.com&project=chromium/src&ref=refs/heads/main&revision=8494f23cbe3b341ca69dad2c65822ae4e546f080&path=//&platform=linux&test_suite_type=unit&modifier_id=0
2021-09-19 20:29:20,2021-09-19,b77804e,6408895,11705550,54.75090875695717,2630536,6150896,42.7667123619063,https://analysis.chromium.org/coverage/p/chromium/dir?host=chromium.googlesource.com&project=chromium/src&ref=refs/heads/main&revision=b77804e7942faa364bb2c80327e5464e78cb631b&path=//&platform=linux&test_suite_type=unit&modifier_id=0
2021-09-20 08:22:25,2021-09-20,e64d371,6408992,11705566,54.75166258513258,2630328,6150896,42.76333074075712,https://analysis.chromium.org/coverage/p/chromium/dir?host=chromium.googlesource.com&project=chromium/src&ref=refs/heads/main&revision=e64d37109d1b8c2b51899c0ac5ad28299528e8c2&path=//&platform=linux&test_suite_type=unit&modifier_id=0
2021-09-20 01:59:36,2021-09-20,3e65607,6408312,11705549,54.74593289046076,2630374,6150896,42.764078599280495,https://analysis.chromium.org/coverage/p/chromium/dir?host=chromium.googlesource.com&project=chromium/src&ref=refs/heads/main&revision=3e65607ac7c13d0d115ae87f0513a7fb5f486761&path=//&platform=linux&test_suite_type=unit&modifier_id=0
2021-09-20 20:27:00,2021-09-20,8c06ee8,6389727,11694678,54.63790452375003,2622549,6139258,42.71768673022049,https://analysis.chromium.org/coverage/p/chromium/dir?host=chromium.googlesource.com&project=chromium/src&ref=refs/heads/main&revision=8c06ee84230ec44cef9ad88cbf5136537d96e029&path=//&platform=linux&test_suite_type=unit&modifier_id=0
2021-09-21 02:18:23,2021-09-21,4a9e99a,6392864,11695871,54.659152789903374,2623418,6139952,42.72701154667007,https://analysis.chromium.org/coverage/p/chromium/dir?host=chromium.googlesource.com&project=chromium/src&ref=refs/heads/main&revision=4a9e99a1164bf07aafcfb38af6a2a8a13fd42c2f&path=//&platform=linux&test_suite_type=unit&modifier_id=0
2021-09-25 02:06:44,2021-09-25,72768cf,6402857,11693487,54.75575420744899,2626935,6142252,42.768271311564554,https://analysis.chromium.org/coverage/p/chromium/dir?host=chromium.googlesource.com&project=chromium/src&ref=refs/heads/main&revision=72768cf7452a17c2aeef65cdc1a378f4fd52aaa3&path=//&platform=linux&test_suite_type=unit&modifier_id=0
2021-09-25 08:28:09,2021-09-25,6d11961,6402809,11693447,54.75553102519728,2626902,6142244,42.767789752409705,https://analysis.chromium.org/coverage/p/chromium/dir?host=chromium.googlesource.com&project=chromium/src&ref=refs/heads/main&revision=6d1196196d11c3f901a20cb8348e12d7322fa5f5&path=//&platform=linux&test_suite_type=unit&modifier_id=0
2021-09-25 19:07:58,2021-09-25,dfd15c5,6403710,11693465,54.763151897234906,2627112,6142248,42.7711808445377,https://analysis.chromium.org/coverage/p/chromium/dir?host=chromium.googlesource.com&project=chromium/src&ref=refs/heads/main&revision=dfd15c5aad3f05175df2a43fc11b7330928d139f&path=//&platform=linux&test_suite_type=unit&modifier_id=0
2021-09-27 02:27:49,2021-09-27,f6b8a3c,6404419,11693933,54.767023207675294,2627450,6142518,42.774803427519466,https://analysis.chromium.org/coverage/p/chromium/dir?host=chromium.googlesource.com&project=chromium/src&ref=refs/heads/main&revision=f6b8a3cec882d88628eab4df06cfe3d91c55e811&path=//&platform=linux&test_suite_type=unit&modifier_id=0
2021-09-28 08:25:38,2021-09-28,86e8e55,6410534,11697609,54.8020881874236,2628145,6143622,42.778429402069335,https://analysis.chromium.org/coverage/p/chromium/dir?host=chromium.googlesource.com&project=chromium/src&ref=refs/heads/main&revision=86e8e550bda88ccd7225f599198266038cdf3e15&path=//&platform=linux&test_suite_type=unit&modifier_id=0
2021-09-29 14:32:31,2021-09-29,3270f2c,6413280,11708145,54.77622629374679,2629380,6148994,42.76114109072151,https://analysis.chromium.org/coverage/p/chromium/dir?host=chromium.googlesource.com&project=chromium/src&ref=refs/heads/main&revision=3270f2c0df8be7f6514d9188432209bd1010c0a5&path=//&platform=linux&test_suite_type=unit&modifier_id=0
2021-09-30 08:34:23,2021-09-30,f7a47f4,6415755,11708855,54.79404262842097,2629981,6149012,42.77078984396192,https://analysis.chromium.org/coverage/p/chromium/dir?host=chromium.googlesource.com&project=chromium/src&ref=refs/heads/main&revision=f7a47f4d01dc470ae8d038c08dfd850ffaba94d4&path=//&platform=linux&test_suite_type=unit&modifier_id=0
2021-09-30 14:31:43,2021-09-30,5b4ab45,6415002,11709464,54.78476213770331,2629949,6149434,42.76733435955244,https://analysis.chromium.org/coverage/p/chromium/dir?host=chromium.googlesource.com&project=chromium/src&ref=refs/heads/main&revision=5b4ab45d2df6fc0b42750ff49605b07fc298ce34&path=//&platform=linux&test_suite_type=unit&modifier_id=0
2021-09-30 19:50:09,2021-09-30,3bc0154,6414049,11711182,54.76858783340571,2630047,6151418,42.755133856941605,https://analysis.chromium.org/coverage/p/chromium/dir?host=chromium.googlesource.com&project=chromium/src&ref=refs/heads/main&revision=3bc0154ffa152b51b1330abfef6fa6ae10a59030&path=//&platform=linux&test_suite_type=unit&modifier_id=0
2021-10-01 02:32:04,2021-10-01,7bd849f,6417219,11712460,54.78967697648487,2630559,6151946,42.75978690320104,https://analysis.chromium.org/coverage/p/chromium/dir?host=chromium.googlesource.com&project=chromium/src&ref=refs/heads/main&revision=7bd849f316d7d71afa6184122d3354ac7b4a3faa&path=//&platform=linux&test_suite_type=unit&modifier_id=0
2021-10-01 08:28:33,2021-10-01,3f40381,6415807,11712834,54.77587234652177,2630307,6152144,42.75431459341654,https://analysis.chromium.org/coverage/p/chromium/dir?host=chromium.googlesource.com&project=chromium/src&ref=refs/heads/main&revision=3f403811876f2bad4515cc22a8cda17948b925ff&path=//&platform=linux&test_suite_type=unit&modifier_id=0
2021-10-04 02:34:55,2021-10-04,5af3e41,6412862,11711477,54.75707291232353,2630214,6152070,42.75331717616997,https://analysis.chromium.org/coverage/p/chromium/dir?host=chromium.googlesource.com&project=chromium/src&ref=refs/heads/main&revision=5af3e41ce69e2e18b899589b46540e4360527733&path=//&platform=linux&test_suite_type=unit&modifier_id=0
2021-10-05 20:31:13,2021-10-05,07d4598,6420192,11723156,54.76504791030675,2632643,6157942,42.75199409153253,https://analysis.chromium.org/coverage/p/chromium/dir?host=chromium.googlesource.com&project=chromium/src&ref=refs/heads/main&revision=07d459866a62ee5295e5a66b20c5943c89d58b13&path=//&platform=linux&test_suite_type=unit&modifier_id=0
2021-10-05 02:22:49,2021-10-05,2a142bd,6417095,11716718,54.76870741448245,2631194,6154764,42.75052625900847,https://analysis.chromium.org/coverage/p/chromium/dir?host=chromium.googlesource.com&project=chromium/src&ref=refs/heads/main&revision=2a142bd7427f35394c3e479357bf418547f92774&path=//&platform=linux&test_suite_type=unit&modifier_id=0
2021-10-07 02:36:57,2021-10-07,0bdd2d4,6422819,11729122,54.759588995663954,2633592,6160518,42.74952203694559,https://analysis.chromium.org/coverage/p/chromium/dir?host=chromium.googlesource.com&project=chromium/src&ref=refs/heads/main&revision=0bdd2d469a485d40c69febbc2df77575ec059b6e&path=//&platform=linux&test_suite_type=unit&modifier_id=0
2021-10-07 08:36:43,2021-10-07,4a15ff3,6424265,11728468,54.77497146259852,2634136,6160684,42.75720033684571,https://analysis.chromium.org/coverage/p/chromium/dir?host=chromium.googlesource.com&project=chromium/src&ref=refs/heads/main&revision=4a15ff3df852fd6b029a042f40bcb7cd96600f5e&path=//&platform=linux&test_suite_type=unit&modifier_id=0
2021-10-08 08:36:52,2021-10-08,4219de6,6427245,11735322,54.76837363303708,2635041,6163964,42.74913026747074,https://analysis.chromium.org/coverage/p/chromium/dir?host=chromium.googlesource.com&project=chromium/src&ref=refs/heads/main&revision=4219de621ebd89c7ff55cb71ab7fc8c4ea3ecf0f&path=//&platform=linux&test_suite_type=unit&modifier_id=0
2021-10-08 14:37:39,2021-10-08,e72d176,6427400,11737564,54.759232835705944,2633554,6161684,42.74081566013447,https://analysis.chromium.org/coverage/p/chromium/dir?host=chromium.googlesource.com&project=chromium/src&ref=refs/heads/main&revision=e72d176539ebacef5baf18e938d4a6bff6e0cb67&path=//&platform=linux&test_suite_type=unit&modifier_id=0
2021-10-10 01:35:50,2021-10-10,b1a4433,6428263,11738452,54.762442270922946,2634017,6162446,42.7430439147053,https://analysis.chromium.org/coverage/p/chromium/dir?host=chromium.googlesource.com&project=chromium/src&ref=refs/heads/main&revision=b1a443375a0a3e4ad9ada28c4f7c04b1bbd66ae9&path=//&platform=linux&test_suite_type=unit&modifier_id=0
2021-10-10 14:28:58,2021-10-10,e5f59ca,6428792,11738290,54.76770466567106,2634278,6162368,42.747820318423045,https://analysis.chromium.org/coverage/p/chromium/dir?host=chromium.googlesource.com&project=chromium/src&ref=refs/heads/main&revision=e5f59cafef29b7e17148c8e7a8cbbda518ba0f65&path=//&platform=linux&test_suite_type=unit&modifier_id=0
2021-10-10 20:26:05,2021-10-10,642e5b6,6428558,11738289,54.76571585518128,2634068,6162362,42.74445415572795,https://analysis.chromium.org/coverage/p/chromium/dir?host=chromium.googlesource.com&project=chromium/src&ref=refs/heads/main&revision=642e5b6184a9c7fb75b3dcd906ecd95893db123a&path=//&platform=linux&test_suite_type=unit&modifier_id=0
2021-10-11 20:36:16,2021-10-11,06556c7,6430981,11740221,54.77734192567585,2634671,6163752,42.74459777096807,https://analysis.chromium.org/coverage/p/chromium/dir?host=chromium.googlesource.com&project=chromium/src&ref=refs/heads/main&revision=06556c71cf84e6c03ed669400c8923ca49f2ff27&path=//&platform=linux&test_suite_type=unit&modifier_id=0
2021-10-12 02:38:28,2021-10-12,b1bb295,6430225,11740458,54.76979688526632,2634552,6163906,42.74159923918373,https://analysis.chromium.org/coverage/p/chromium/dir?host=chromium.googlesource.com&project=chromium/src&ref=refs/heads/main&revision=b1bb295290fe9ba5570a3027bec06d52129f0eb5&path=//&platform=linux&test_suite_type=unit&modifier_id=0
2021-10-12 08:38:31,2021-10-12,28c05c8,6430998,11741110,54.77333914766151,2634898,6164118,42.74574237547042,https://analysis.chromium.org/coverage/p/chromium/dir?host=chromium.googlesource.com&project=chromium/src&ref=refs/heads/main&revision=28c05c89144596eebc3223350901bbb5473ea42f&path=//&platform=linux&test_suite_type=unit&modifier_id=0
2021-10-14 02:37:27,2021-10-14,a7b1e19,6429309,11747231,54.730421152014465,2635346,6168178,42.724869483338516,https://analysis.chromium.org/coverage/p/chromium/dir?host=chromium.googlesource.com&project=chromium/src&ref=refs/heads/main&revision=a7b1e1978f1a83f04983b786961897d66fe45042&path=//&platform=linux&test_suite_type=unit&modifier_id=0
2021-10-15 08:38:45,2021-10-15,4dbcead,6437416,11748808,54.792077630343435,2637436,6168964,42.753305093043174,https://analysis.chromium.org/coverage/p/chromium/dir?host=chromium.googlesource.com&project=chromium/src&ref=refs/heads/main&revision=4dbceadc6aaf548e9012ab06acfaedf62cb84f9f&path=//&platform=linux&test_suite_type=unit&modifier_id=0
2021-10-17 14:24:10,2021-10-17,a525ef1,6424847,11707523,54.877936178301766,2630399,6139648,42.842830729058086,https://analysis.chromium.org/coverage/p/chromium/dir?host=chromium.googlesource.com&project=chromium/src&ref=refs/heads/main&revision=a525ef17dce3cb056f89b999a9b47cd6564f3f78&path=//&platform=linux&test_suite_type=unit&modifier_id=0
2021-10-17 02:36:30,2021-10-17,9c2ed06,6422247,11706384,54.86106555192449,2629891,6139060,42.838659338726124,https://analysis.chromium.org/coverage/p/chromium/dir?host=chromium.googlesource.com&project=chromium/src&ref=refs/heads/main&revision=9c2ed0664fb127fba0b3cd248606fafeee8f36ec&path=//&platform=linux&test_suite_type=unit&modifier_id=0
2021-10-18 02:18:17,2021-10-18,d5ca8e2,6423297,11707434,54.865113909674825,2630287,6139686,42.84074136690378,https://analysis.chromium.org/coverage/p/chromium/dir?host=chromium.googlesource.com&project=chromium/src&ref=refs/heads/main&revision=d5ca8e2e14cbd7b0b51876d192cf78c814761ced&path=//&platform=linux&test_suite_type=unit&modifier_id=0
2021-10-18 14:40:42,2021-10-18,82b159f,6426158,11709156,54.881479075007626,2630900,6140536,42.844794004953314,https://analysis.chromium.org/coverage/p/chromium/dir?host=chromium.googlesource.com&project=chromium/src&ref=refs/heads/main&revision=82b159ffc7d5831f7a165e91656f5739eb561190&path=//&platform=linux&test_suite_type=unit&modifier_id=0
2021-10-22 19:24:28,2021-10-22,cbdd087,6433468,11725733,54.86623309604611,2633663,6147902,42.83840243387094,https://analysis.chromium.org/coverage/p/chromium/dir?host=chromium.googlesource.com&project=chromium/src&ref=refs/heads/main&revision=cbdd087423a7de7035f81f736b146a5da4e0690d&path=//&platform=linux&test_suite_type=unit&modifier_id=0
2021-10-23 14:31:32,2021-10-23,f7e240a,6433967,11725733,54.870488693542654,2633798,6147902,42.84059830491768,https://analysis.chromium.org/coverage/p/chromium/dir?host=chromium.googlesource.com&project=chromium/src&ref=refs/heads/main&revision=f7e240af84538681c2e49b70c58487426e82686a&path=//&platform=linux&test_suite_type=unit&modifier_id=0
2021-10-23 08:41:08,2021-10-23,24bb665,6432263,11725733,54.85595655299332,2633392,6147902,42.833994426066,https://analysis.chromium.org/coverage/p/chromium/dir?host=chromium.googlesource.com&project=chromium/src&ref=refs/heads/main&revision=24bb665d541ef86822e6213d80ce06e6db986f16&path=//&platform=linux&test_suite_type=unit&modifier_id=0
2021-10-24 08:26:46,2021-10-24,455bafd,6432573,11725733,54.85860031095711,2633443,6147902,42.834823977350325,https://analysis.chromium.org/coverage/p/chromium/dir?host=chromium.googlesource.com&project=chromium/src&ref=refs/heads/main&revision=455bafd203b6ebdef4a58e7a7c990c1739240777&path=//&platform=linux&test_suite_type=unit&modifier_id=0
2021-10-24 14:41:46,2021-10-24,aafccfe,6434283,11725753,54.873090026712994,2633393,6147908,42.83396888827875,https://analysis.chromium.org/coverage/p/chromium/dir?host=chromium.googlesource.com&project=chromium/src&ref=refs/heads/main&revision=aafccfe6acef730d6b752a8c8ebfb59b39d43631&path=//&platform=linux&test_suite_type=unit&modifier_id=0
2021-10-24 20:42:49,2021-10-24,efed4da,6433423,11725807,54.86550307369036,2633194,6147934,42.83055088099514,https://analysis.chromium.org/coverage/p/chromium/dir?host=chromium.googlesource.com&project=chromium/src&ref=refs/heads/main&revision=efed4dacb056e9a4452f5830dc7dd43377d4ca51&path=//&platform=linux&test_suite_type=unit&modifier_id=0
2021-10-25 02:35:51,2021-10-25,99878c8,6434671,11726212,54.87425095162871,2633726,6148218,42.837225355379395,https://analysis.chromium.org/coverage/p/chromium/dir?host=chromium.googlesource.com&project=chromium/src&ref=refs/heads/main&revision=99878c8fe0c6689970ec57024c5ab38ea7c4f57c&path=//&platform=linux&test_suite_type=unit&modifier_id=0
2021-10-26 08:44:53,2021-10-26,ff728b3,6437365,11730345,54.877882960816585,2635039,6150282,42.844198038398886,https://analysis.chromium.org/coverage/p/chromium/dir?host=chromium.googlesource.com&project=chromium/src&ref=refs/heads/main&revision=ff728b33c9c2ecd7905db3be51852539eb447b81&path=//&platform=linux&test_suite_type=unit&modifier_id=0
2021-10-27 02:41:45,2021-10-27,34f8b86,6440205,11731754,54.89549985449746,2635717,6151114,42.849425323608045,https://analysis.chromium.org/coverage/p/chromium/dir?host=chromium.googlesource.com&project=chromium/src&ref=refs/heads/main&revision=34f8b8628103db0d1543f410e3501e72e6f0b959&path=//&platform=linux&test_suite_type=unit&modifier_id=0
2021-10-28 20:46:10,2021-10-28,b07230e,6443288,11737855,54.89323219617213,2637621,6153664,42.8626099832555,https://analysis.chromium.org/coverage/p/chromium/dir?host=chromium.googlesource.com&project=chromium/src&ref=refs/heads/main&revision=b07230e055781aa83afef0b202de1c68d3925ff0&path=//&platform=linux&test_suite_type=unit&modifier_id=0
2021-10-29 08:45:56,2021-10-29,260e21a,6445109,11742270,54.8881008527312,2638579,6155866,42.862840094310044,https://analysis.chromium.org/coverage/p/chromium/dir?host=chromium.googlesource.com&project=chromium/src&ref=refs/heads/main&revision=260e21a136e4e3b691c492a72cfaa63819b1ba45&path=//&platform=linux&test_suite_type=unit&modifier_id=0
2021-10-29 14:46:32,2021-10-29,c818579,6447712,11734184,54.94810717132099,2638980,6153504,42.88580945100548,https://analysis.chromium.org/coverage/p/chromium/dir?host=chromium.googlesource.com&project=chromium/src&ref=refs/heads/main&revision=c818579029f5b9bb86cff09591da0e741ee7c5b4&path=//&platform=linux&test_suite_type=unit&modifier_id=0
2021-10-30 08:45:23,2021-10-30,6c5017f,6446742,11737069,54.92633637921018,2639410,6154816,42.88365403612391,https://analysis.chromium.org/coverage/p/chromium/dir?host=chromium.googlesource.com&project=chromium/src&ref=refs/heads/main&revision=6c5017fed0105978a24cffd003d2fc85018f987b&path=//&platform=linux&test_suite_type=unit&modifier_id=0
2021-10-30 20:20:17,2021-10-30,6f0b354,6447452,11737060,54.932427711880145,2639358,6154814,42.882823103996316,https://analysis.chromium.org/coverage/p/chromium/dir?host=chromium.googlesource.com&project=chromium/src&ref=refs/heads/main&revision=6f0b354f9ff4844348fae373ef6d4a3f23c78d85&path=//&platform=linux&test_suite_type=unit&modifier_id=0
2021-10-31 13:39:57,2021-10-31,a50bd70,6447663,11737077,54.93414586953804,2639574,6154814,42.886332552047875,https://analysis.chromium.org/coverage/p/chromium/dir?host=chromium.googlesource.com&project=chromium/src&ref=refs/heads/main&revision=a50bd70327a8b0cc1048caeab85cfc7c00da9d7a&path=//&platform=linux&test_suite_type=unit&modifier_id=0
2021-10-31 08:38:30,2021-10-31,20333ed,6448076,11737069,54.937702078772816,2639648,6154814,42.88753486295443,https://analysis.chromium.org/coverage/p/chromium/dir?host=chromium.googlesource.com&project=chromium/src&ref=refs/heads/main&revision=20333ed93e7516e0f9ec0ea592bbb65be1a710c2&path=//&platform=linux&test_suite_type=unit&modifier_id=0
2021-11-01 08:47:28,2021-11-01,89e4528,6447397,11737472,54.93003092999923,2639418,6155182,42.88123405611727,https://analysis.chromium.org/coverage/p/chromium/dir?host=chromium.googlesource.com&project=chromium/src&ref=refs/heads/main&revision=89e452835800bf0552179b41ae544527316261da&path=//&platform=linux&test_suite_type=unit&modifier_id=0
2021-11-01 20:47:36,2021-11-01,1437517,6449859,11741525,54.93203821479748,2639842,6156758,42.87714410733701,https://analysis.chromium.org/coverage/p/chromium/dir?host=chromium.googlesource.com&project=chromium/src&ref=refs/heads/main&revision=1437517da7d940c4364f24283d834477c5b810b9&path=//&platform=linux&test_suite_type=unit&modifier_id=0
2021-11-01 02:31:16,2021-11-01,b968e2a,6447411,11737334,54.93079603937316,2639602,6154952,42.8858259170827,https://analysis.chromium.org/coverage/p/chromium/dir?host=chromium.googlesource.com&project=chromium/src&ref=refs/heads/main&revision=b968e2ab8e9e453dde4869e4d4c4db86990066a1&path=//&platform=linux&test_suite_type=unit&modifier_id=0
2021-11-04 14:47:39,2021-11-04,9d77e7b,6451796,11745262,54.931052197899035,2640060,6157604,42.87479350734474,https://analysis.chromium.org/coverage/p/chromium/dir?host=chromium.googlesource.com&project=chromium/src&ref=refs/heads/main&revision=9d77e7b69308bd42b1223b48363ce898f6f95fa7&path=//&platform=linux&test_suite_type=unit&modifier_id=0
2021-11-05 02:39:02,2021-11-05,935588e,6449714,11745581,54.911834501843714,2639480,6157652,42.865040115940296,https://analysis.chromium.org/coverage/p/chromium/dir?host=chromium.googlesource.com&project=chromium/src&ref=refs/heads/main&revision=935588e5ce8a65478b2fa327a9e3be48e2fc1615&path=//&platform=linux&test_suite_type=unit&modifier_id=0
2021-11-05 08:37:35,2021-11-05,4499084,6449855,11744284,54.919099367828636,2639605,6157080,42.87105251190499,https://analysis.chromium.org/coverage/p/chromium/dir?host=chromium.googlesource.com&project=chromium/src&ref=refs/heads/main&revision=4499084ee867b43a87a28ccdf769e0d066e88a7b&path=//&platform=linux&test_suite_type=unit&modifier_id=0
2021-11-05 14:47:20,2021-11-05,74e7c2c,6455239,11748104,54.94707060815941,2640726,6158762,42.87754584444082,https://analysis.chromium.org/coverage/p/chromium/dir?host=chromium.googlesource.com&project=chromium/src&ref=refs/heads/main&revision=74e7c2c574c55658ecff4ca34c4f6df94c2a5411&path=//&platform=linux&test_suite_type=unit&modifier_id=0
2021-11-06 02:27:01,2021-11-06,345bb84,6453734,11749524,54.9276208976636,2640264,6159346,42.865979602379866,https://analysis.chromium.org/coverage/p/chromium/dir?host=chromium.googlesource.com&project=chromium/src&ref=refs/heads/main&revision=345bb84ce8989329ea33994585b662fbfa65df86&path=//&platform=linux&test_suite_type=unit&modifier_id=0
2021-11-06 08:41:42,2021-11-06,d019b7b,6456881,11749740,54.95339471341494,2640901,6159500,42.87524961441675,https://analysis.chromium.org/coverage/p/chromium/dir?host=chromium.googlesource.com&project=chromium/src&ref=refs/heads/main&revision=d019b7b496cfa33b55e40ada7b4ddce1fc07ab2f&path=//&platform=linux&test_suite_type=unit&modifier_id=0
2021-11-06 20:48:19,2021-11-06,ea4af03,6456203,11749761,54.94752616670245,2641447,6159502,42.88410004575045,https://analysis.chromium.org/coverage/p/chromium/dir?host=chromium.googlesource.com&project=chromium/src&ref=refs/heads/main&revision=ea4af030b405e96a1c51a0206fe1d6a4c21d2669&path=//&platform=linux&test_suite_type=unit&modifier_id=0
2021-11-07 01:44:43,2021-11-07,ec43bf2,6453896,11749761,54.92789172477636,2640661,6159502,42.87133927385688,https://analysis.chromium.org/coverage/p/chromium/dir?host=chromium.googlesource.com&project=chromium/src&ref=refs/heads/main&revision=ec43bf273cde789eca444ccdb911f885cb8f970b&path=//&platform=linux&test_suite_type=unit&modifier_id=0
2021-11-08 14:47:04,2021-11-08,ace2374,6457078,11751496,54.94685953175664,2641904,6160192,42.886715219265895,https://analysis.chromium.org/coverage/p/chromium/dir?host=chromium.googlesource.com&project=chromium/src&ref=refs/heads/main&revision=ace23745eea58bf46d88e99e220c42ca5fda9977&path=//&platform=linux&test_suite_type=unit&modifier_id=0
2021-11-08 20:51:18,2021-11-08,d4f604f,6458335,11754356,54.94418409651707,2642466,6160844,42.89129865972909,https://analysis.chromium.org/coverage/p/chromium/dir?host=chromium.googlesource.com&project=chromium/src&ref=refs/heads/main&revision=d4f604f406aaac313cc29e2b4bc1d25f94256265&path=//&platform=linux&test_suite_type=unit&modifier_id=0
2021-11-09 20:51:31,2021-11-09,2330d75,6460447,11776055,54.86087658388144,2643231,6162130,42.89476203845099,https://analysis.chromium.org/coverage/p/chromium/dir?host=chromium.googlesource.com&project=chromium/src&ref=refs/heads/main&revision=2330d752f59739dff75a0a6af097de4c20a648d0&path=//&platform=linux&test_suite_type=unit&modifier_id=0
2021-11-11 14:51:38,2021-11-11,f8ae769,6454787,11781431,54.78780124417823,2638760,6162054,42.82273410781535,https://analysis.chromium.org/coverage/p/chromium/dir?host=chromium.googlesource.com&project=chromium/src&ref=refs/heads/main&revision=f8ae7690a681314e21fc1a57c484472bf9bae93c&path=//&platform=linux&test_suite_type=unit&modifier_id=0
2021-11-15 20:52:21,2021-11-15,d57fb5f,6457576,11789854,54.77231524665191,2640563,6166488,42.821181197466046,https://analysis.chromium.org/coverage/p/chromium/dir?host=chromium.googlesource.com&project=chromium/src&ref=refs/heads/main&revision=d57fb5fa17729834ab0e2286988be3778ef21203&path=//&platform=linux&test_suite_type=unit&modifier_id=0
2021-11-15 02:54:01,2021-11-15,b93fe47,6454427,11788252,54.75304565935645,2638885,6165424,42.80135478111481,https://analysis.chromium.org/coverage/p/chromium/dir?host=chromium.googlesource.com&project=chromium/src&ref=refs/heads/main&revision=b93fe4786ca48525cf28637cd1f905df491e977a&path=//&platform=linux&test_suite_type=unit&modifier_id=0
2021-11-16 20:09:39,2021-11-16,fb66048,6461619,11792698,54.793389943505716,2642193,6169232,42.828556293554854,https://analysis.chromium.org/coverage/p/chromium/dir?host=chromium.googlesource.com&project=chromium/src&ref=refs/heads/main&revision=fb66048c2ad976b5df06e4bbfdcf8b6c2d996747&path=//&platform=linux&test_suite_type=unit&modifier_id=0
2021-11-16 02:47:30,2021-11-16,d84ee7c,6458218,11789986,54.77714731807146,2640438,6166502,42.81905689805987,https://analysis.chromium.org/coverage/p/chromium/dir?host=chromium.googlesource.com&project=chromium/src&ref=refs/heads/main&revision=d84ee7cdce0242bbae37f5da1194e3ad6c4a1975&path=//&platform=linux&test_suite_type=unit&modifier_id=0
2021-11-17 20:39:06,2021-11-17,19d7cbb,6466393,11800109,54.79943447980014,2644949,6173256,42.845282943069265,https://analysis.chromium.org/coverage/p/chromium/dir?host=chromium.googlesource.com&project=chromium/src&ref=refs/heads/main&revision=19d7cbbdd01ffeba27f544d693c7a9270094ceb9&path=//&platform=linux&test_suite_type=unit&modifier_id=0
2021-11-18 08:43:17,2021-11-18,8b8ca3c,6464943,11799988,54.787708258686365,2644838,6173616,42.84098654662033,https://analysis.chromium.org/coverage/p/chromium/dir?host=chromium.googlesource.com&project=chromium/src&ref=refs/heads/main&revision=8b8ca3ce187fab37e7678b5ff68982a5a7d09b2c&path=//&platform=linux&test_suite_type=unit&modifier_id=0
2021-11-18 14:54:27,2021-11-18,5d1fb16,6468564,11801809,54.80993634111516,2646266,6175178,42.853274836773934,https://analysis.chromium.org/coverage/p/chromium/dir?host=chromium.googlesource.com&project=chromium/src&ref=refs/heads/main&revision=5d1fb16ebe0fe428b5095711db232ce61a70e670&path=//&platform=linux&test_suite_type=unit&modifier_id=0
2021-11-18 20:50:10,2021-11-18,4df1c96,6466599,11802362,54.79071901031336,2645626,6175556,42.84028838860825,https://analysis.chromium.org/coverage/p/chromium/dir?host=chromium.googlesource.com&project=chromium/src&ref=refs/heads/main&revision=4df1c967840e853fffaa95aac2a3764d943639ea&path=//&platform=linux&test_suite_type=unit&modifier_id=0
2021-11-19 08:54:39,2021-11-19,f1eb5b8,6468908,11803433,54.80530960780647,2646255,6176128,42.84650512424613,https://analysis.chromium.org/coverage/p/chromium/dir?host=chromium.googlesource.com&project=chromium/src&ref=refs/heads/main&revision=f1eb5b81d2fd30f34c9f2ed712f5b534cd39cdf9&path=//&platform=linux&test_suite_type=unit&modifier_id=0
2021-11-20 14:32:43,2021-11-20,40a030f,6468640,11807068,54.78616706535441,2645882,6177462,42.831214502007455,https://analysis.chromium.org/coverage/p/chromium/dir?host=chromium.googlesource.com&project=chromium/src&ref=refs/heads/main&revision=40a030ff4b351185af8592e1739d5559266b5b11&path=//&platform=linux&test_suite_type=unit&modifier_id=0
2021-11-20 20:01:45,2021-11-20,7e18ae8,6469768,11807140,54.79538652035971,2646423,6177468,42.839930534646236,https://analysis.chromium.org/coverage/p/chromium/dir?host=chromium.googlesource.com&project=chromium/src&ref=refs/heads/main&revision=7e18ae8e324854c824110750bd9f5e0d177edb7c&path=//&platform=linux&test_suite_type=unit&modifier_id=0
2021-11-21 02:49:38,2021-11-21,bdea62b,6470283,11807140,54.79974828790037,2646452,6177468,42.84039998264661,https://analysis.chromium.org/coverage/p/chromium/dir?host=chromium.googlesource.com&project=chromium/src&ref=refs/heads/main&revision=bdea62b0556fe7fcff4aeb253374b3d0cdb4781f&path=//&platform=linux&test_suite_type=unit&modifier_id=0
2021-11-22 02:48:39,2021-11-22,77aa7d2,6470530,11807191,54.801603531271745,2647092,6177510,42.85046887823735,https://analysis.chromium.org/coverage/p/chromium/dir?host=chromium.googlesource.com&project=chromium/src&ref=refs/heads/main&revision=77aa7d2535974323822c1e8d7209abbcaed550d1&path=//&platform=linux&test_suite_type=unit&modifier_id=0
2021-11-22 14:55:08,2021-11-22,a647442,6472949,11815566,54.78323255948975,2647429,6180136,42.83771425094852,https://analysis.chromium.org/coverage/p/chromium/dir?host=chromium.googlesource.com&project=chromium/src&ref=refs/heads/main&revision=a6474424377e252963cc025fba200fa145e644d1&path=//&platform=linux&test_suite_type=unit&modifier_id=0
2021-11-23 08:58:11,2021-11-23,9a9c565,6473768,11817343,54.781925175566116,2647945,6180808,42.84140520139115,https://analysis.chromium.org/coverage/p/chromium/dir?host=chromium.googlesource.com&project=chromium/src&ref=refs/heads/main&revision=9a9c5657fac9c34e3feece462b780024708fa634&path=//&platform=linux&test_suite_type=unit&modifier_id=0
2021-11-23 20:46:50,2021-11-23,343147b,6475024,11820344,54.77864265202434,2648237,6182334,42.83555369218163,https://analysis.chromium.org/coverage/p/chromium/dir?host=chromium.googlesource.com&project=chromium/src&ref=refs/heads/main&revision=343147b06b04040775b8a74f2e9cbd82af90a208&path=//&platform=linux&test_suite_type=unit&modifier_id=0
2021-11-24 20:57:35,2021-11-24,32f8311,6478942,11827022,54.78084001196582,2649272,6184986,42.83392072350689,https://analysis.chromium.org/coverage/p/chromium/dir?host=chromium.googlesource.com&project=chromium/src&ref=refs/heads/main&revision=32f83114ca262cc2534df5590c004e78ca258378&path=//&platform=linux&test_suite_type=unit&modifier_id=0
2021-11-24 14:56:00,2021-11-24,4595a92,6476960,11824887,54.77396951023718,2648896,6184102,42.83396360538684,https://analysis.chromium.org/coverage/p/chromium/dir?host=chromium.googlesource.com&project=chromium/src&ref=refs/heads/main&revision=4595a921ae24f4d99d5d28835306fdba6daf94d8&path=//&platform=linux&test_suite_type=unit&modifier_id=0
2021-11-24 02:54:55,2021-11-24,61d86b5,6475259,11821117,54.777048564869126,2648260,6182834,42.83246161873342,https://analysis.chromium.org/coverage/p/chromium/dir?host=chromium.googlesource.com&project=chromium/src&ref=refs/heads/main&revision=61d86b58a159cdc67ad81828cfdd0e8c03ecf77a&path=//&platform=linux&test_suite_type=unit&modifier_id=0
2021-11-25 08:57:39,2021-11-25,7d81310,6478980,11828361,54.77495994584541,2650072,6186126,42.83895930991383,https://analysis.chromium.org/coverage/p/chromium/dir?host=chromium.googlesource.com&project=chromium/src&ref=refs/heads/main&revision=7d81310ac8d77165bfbce2211c391ecfcb28a61b&path=//&platform=linux&test_suite_type=unit&modifier_id=0
2021-11-26 02:51:05,2021-11-26,8469478,6481877,11829604,54.79369385484079,2651093,6186692,42.85154328031847,https://analysis.chromium.org/coverage/p/chromium/dir?host=chromium.googlesource.com&project=chromium/src&ref=refs/heads/main&revision=846947824ff06829dc1381c8e6c9e7a5bd75a432&path=//&platform=linux&test_suite_type=unit&modifier_id=0
2021-11-26 20:02:23,2021-11-26,55ae74e,6481071,11830118,54.784500036263374,2650451,6186890,42.839795115154786,https://analysis.chromium.org/coverage/p/chromium/dir?host=chromium.googlesource.com&project=chromium/src&ref=refs/heads/main&revision=55ae74efe6699a20f273e6612118204e4a92024a&path=//&platform=linux&test_suite_type=unit&modifier_id=0
2021-11-27 01:25:52,2021-11-27,0e45c02,6482324,11830137,54.79500364196966,2650890,6186892,42.84687691331932,https://analysis.chromium.org/coverage/p/chromium/dir?host=chromium.googlesource.com&project=chromium/src&ref=refs/heads/main&revision=0e45c020c43b1a9f6d2870ff7f92b30a2f03a458&path=//&platform=linux&test_suite_type=unit&modifier_id=0
2021-11-27 20:02:06,2021-11-27,f6a1105,6480050,11830148,54.7757306163879,2650240,6186898,42.836329288118215,https://analysis.chromium.org/coverage/p/chromium/dir?host=chromium.googlesource.com&project=chromium/src&ref=refs/heads/main&revision=f6a110559386bf5b69469c713ed90e06901ffa86&path=//&platform=linux&test_suite_type=unit&modifier_id=0
2021-12-12 08:55:05,2021-12-12,58a4775,3086105,6073359,50.81380830607906,1000501,2423236,41.287806883027486,https://analysis.chromium.org/coverage/p/chromium/dir?host=chromium.googlesource.com&project=chromium/src&ref=refs/heads/main&revision=58a4775691e88ce5f452311ca9595db7b30c4b07&path=//&platform=linux&test_suite_type=unit&modifier_id=0
2021-12-12 14:50:56,2021-12-12,f62532b,3086542,6073359,50.82100366535224,1000815,2423236,41.30076476249115,https://analysis.chromium.org/coverage/p/chromium/dir?host=chromium.googlesource.com&project=chromium/src&ref=refs/heads/main&revision=f62532bdb7aa098153d6907c2e61300fa574b758&path=//&platform=linux&test_suite_type=unit&modifier_id=0
2021-12-12 21:04:13,2021-12-12,30bfb5b,3086359,6073367,50.817923566944,1000666,2423232,41.29468412434303,https://analysis.chromium.org/coverage/p/chromium/dir?host=chromium.googlesource.com&project=chromium/src&ref=refs/heads/main&revision=30bfb5bd1700cd0cf7d3d20c6d456597ece41ae0&path=//&platform=linux&test_suite_type=unit&modifier_id=0
2021-12-13 09:05:28,2021-12-13,1806f90,3087228,6073536,50.830817500711284,1001190,2423238,41.31620583698341,https://analysis.chromium.org/coverage/p/chromium/dir?host=chromium.googlesource.com&project=chromium/src&ref=refs/heads/main&revision=1806f90ca3668dce9b963dbd7384ae1fe57d5924&path=//&platform=linux&test_suite_type=unit&modifier_id=0
2021-12-15 08:56:16,2021-12-15,fd5a1a3,1671171,2733325,61.14058884325867,509940,1016064,50.18778344671202,https://analysis.chromium.org/coverage/p/chromium/dir?host=chromium.googlesource.com&project=chromium/src&ref=refs/heads/main&revision=fd5a1a3104c2b7f190a7cdb94c4d89b4343d2e32&path=//&platform=linux&test_suite_type=unit&modifier_id=0
2021-12-20 09:09:37,2021-12-20,c89bb79,5789106,8854847,65.3778207573773,2543332,5465518,46.534143698730844,https://analysis.chromium.org/coverage/p/chromium/dir?host=chromium.googlesource.com&project=chromium/src&ref=refs/heads/main&revision=c89bb793c123e2013d9cceb5db3ee4d44ba9bbf7&path=//&platform=linux&test_suite_type=unit&modifier_id=0
2021-12-20 21:06:17,2021-12-20,25afb5a,5789684,8855270,65.38122496547254,2543537,5465860,46.53498260109114,https://analysis.chromium.org/coverage/p/chromium/dir?host=chromium.googlesource.com&project=chromium/src&ref=refs/heads/main&revision=25afb5a8bbcd864da615964dc7749f6150c63992&path=//&platform=linux&test_suite_type=unit&modifier_id=0
2021-12-22 20:51:18,2021-12-22,0341abc,5793457,8860244,65.38710446348881,2544889,5468358,46.538449018882815,https://analysis.chromium.org/coverage/p/chromium/dir?host=chromium.googlesource.com&project=chromium/src&ref=refs/heads/main&revision=0341abcf6561173209694b41ac05f53b344ebb97&path=//&platform=linux&test_suite_type=unit&modifier_id=0
2021-12-22 09:10:32,2021-12-22,2563867,5793905,8858987,65.40143923904618,2544939,5467726,46.54474273217056,https://analysis.chromium.org/coverage/p/chromium/dir?host=chromium.googlesource.com&project=chromium/src&ref=refs/heads/main&revision=25638676e5fbdd65095564e5f6f16e93c71f0058&path=//&platform=linux&test_suite_type=unit&modifier_id=0
2021-12-23 09:10:34,2021-12-23,20b7517,5795655,8860253,65.41184546310359,2545906,5468516,46.55570176625615,https://analysis.chromium.org/coverage/p/chromium/dir?host=chromium.googlesource.com&project=chromium/src&ref=refs/heads/main&revision=20b75170d35a8bd998f94ba128d7c745dfcc65fa&path=//&platform=linux&test_suite_type=unit&modifier_id=0
2021-12-23 15:10:08,2021-12-23,0cb469f,5793897,8860306,65.39161288560463,2545016,5468632,46.538439595130924,https://analysis.chromium.org/coverage/p/chromium/dir?host=chromium.googlesource.com&project=chromium/src&ref=refs/heads/main&revision=0cb469f0f8ddc1870fbe0dc4981a138f4c608fb3&path=//&platform=linux&test_suite_type=unit&modifier_id=0
2021-12-24 09:10:30,2021-12-24,5b6d44f,5795655,8861294,65.40416106270709,2545639,5469228,46.54475915065161,https://analysis.chromium.org/coverage/p/chromium/dir?host=chromium.googlesource.com&project=chromium/src&ref=refs/heads/main&revision=5b6d44f3130b5802e1d6bfead0264a82b82e207d&path=//&platform=linux&test_suite_type=unit&modifier_id=0
2021-12-25 20:02:11,2021-12-25,42952e2,5794346,8861505,65.38783197662248,2545031,5469414,46.53205992451842,https://analysis.chromium.org/coverage/p/chromium/dir?host=chromium.googlesource.com&project=chromium/src&ref=refs/heads/main&revision=42952e2f481eebf042d40b6641b25c779d12a479&path=//&platform=linux&test_suite_type=unit&modifier_id=0
2021-12-25 08:02:56,2021-12-25,dfe49bb,5795487,8861393,65.40153449914703,2545340,5469324,46.538475321630244,https://analysis.chromium.org/coverage/p/chromium/dir?host=chromium.googlesource.com&project=chromium/src&ref=refs/heads/main&revision=dfe49bbc0b614317e5124a1f82fe272871fd9c26&path=//&platform=linux&test_suite_type=unit&modifier_id=0
2021-12-27 21:11:25,2021-12-27,8146a81,5795102,8861506,65.39635587901199,2545634,5469460,46.54269342860173,https://analysis.chromium.org/coverage/p/chromium/dir?host=chromium.googlesource.com&project=chromium/src&ref=refs/heads/main&revision=8146a81f6930168f4e46d2ac8eb6d80a02ac4cc9&path=//&platform=linux&test_suite_type=unit&modifier_id=0
2021-12-28 09:12:37,2021-12-28,e7f97a6,5794559,8861737,65.38852371718998,2545198,5469504,46.53434753864336,https://analysis.chromium.org/coverage/p/chromium/dir?host=chromium.googlesource.com&project=chromium/src&ref=refs/heads/main&revision=e7f97a64a771c79e43c519ed12640a44221f165c&path=//&platform=linux&test_suite_type=unit&modifier_id=0
2021-12-28 15:00:46,2021-12-28,fcf460f,5794597,8862192,65.38559534706538,2545465,5469842,46.53635333525173,https://analysis.chromium.org/coverage/p/chromium/dir?host=chromium.googlesource.com&project=chromium/src&ref=refs/heads/main&revision=fcf460fee0da615486a74c1dd7e0ee2fd0064690&path=//&platform=linux&test_suite_type=unit&modifier_id=0
2021-12-28 21:11:40,2021-12-28,f6aa778,5795509,8861456,65.40131779698505,2545433,5468830,46.544379693645624,https://analysis.chromium.org/coverage/p/chromium/dir?host=chromium.googlesource.com&project=chromium/src&ref=refs/heads/main&revision=f6aa778cf479d2e07184b731b40c95058bf4f562&path=//&platform=linux&test_suite_type=unit&modifier_id=0
2021-12-29 21:11:49,2021-12-29,1f1fa58,5796127,8861580,65.40737656264459,2545506,5468874,46.54534004623255,https://analysis.chromium.org/coverage/p/chromium/dir?host=chromium.googlesource.com&project=chromium/src&ref=refs/heads/main&revision=1f1fa58baa158001baaf73d2b9fce5484dabe455&path=//&platform=linux&test_suite_type=unit&modifier_id=0
2021-12-31 15:11:13,2021-12-31,0bc9c21,5795273,8861780,65.39626350462322,2545408,5468802,46.54416086009331,https://analysis.chromium.org/coverage/p/chromium/dir?host=chromium.googlesource.com&project=chromium/src&ref=refs/heads/main&revision=0bc9c21f7022b992d2813de5a70724df59343684&path=//&platform=linux&test_suite_type=unit&modifier_id=0
2022-01-01 03:03:26,2022-01-01,2450798,5794219,8861780,65.38436973158892,2545160,5468802,46.539626046070055,https://analysis.chromium.org/coverage/p/chromium/dir?host=chromium.googlesource.com&project=chromium/src&ref=refs/heads/main&revision=245079800d74843728a0b3ae8ea2a2120eae9945&path=//&platform=linux&test_suite_type=unit&modifier_id=0
2022-01-01 13:46:05,2022-01-01,06fe0d4,5793670,8861780,65.3781745879496,2544584,5468802,46.52909357479024,https://analysis.chromium.org/coverage/p/chromium/dir?host=chromium.googlesource.com&project=chromium/src&ref=refs/heads/main&revision=06fe0d4ea8eed0657b3cbed751442d15746d0af5&path=//&platform=linux&test_suite_type=unit&modifier_id=0
2022-01-01 21:11:08,2022-01-01,cc3bbf4,5796203,8861780,65.40675801024173,2545566,5468802,46.54704997547909,https://analysis.chromium.org/coverage/p/chromium/dir?host=chromium.googlesource.com&project=chromium/src&ref=refs/heads/main&revision=cc3bbf4647ad3266abb8b41363a674fe616c6ba5&path=//&platform=linux&test_suite_type=unit&modifier_id=0
2022-01-02 09:07:49,2022-01-02,424e759,5796428,8861780,65.40929700353654,2545817,5468802,46.55163964612359,https://analysis.chromium.org/coverage/p/chromium/dir?host=chromium.googlesource.com&project=chromium/src&ref=refs/heads/main&revision=424e7598bd2d80d7060f016577b24d62d5086a11&path=//&platform=linux&test_suite_type=unit&modifier_id=0
2022-01-02 21:05:12,2022-01-02,e54cacd,5795550,8861811,65.39916051019368,2545131,5468828,46.53887450839558,https://analysis.chromium.org/coverage/p/chromium/dir?host=chromium.googlesource.com&project=chromium/src&ref=refs/heads/main&revision=e54cacded8bc0fc90280e9a8c6c2bdd7de3c28fe&path=//&platform=linux&test_suite_type=unit&modifier_id=0
2022-01-03 15:03:30,2022-01-03,04af132,5796118,8861744,65.40606453989191,2545747,5468828,46.550138347741054,https://analysis.chromium.org/coverage/p/chromium/dir?host=chromium.googlesource.com&project=chromium/src&ref=refs/heads/main&revision=04af132515f9ccde71e7430c6792d1e6e822d32a&path=//&platform=linux&test_suite_type=unit&modifier_id=0
2022-01-03 03:08:15,2022-01-03,93d16a2,5794721,8861620,65.39121515027726,2545299,5468810,46.54209965239239,https://analysis.chromium.org/coverage/p/chromium/dir?host=chromium.googlesource.com&project=chromium/src&ref=refs/heads/main&revision=93d16a28742f40a9fbfff21a1f3c4b52eb2021e6&path=//&platform=linux&test_suite_type=unit&modifier_id=0
2022-01-03 09:07:13,2022-01-03,308473b,5796733,8861800,65.4125911214426,2545974,5468852,46.55408484266899,https://analysis.chromium.org/coverage/p/chromium/dir?host=chromium.googlesource.com&project=chromium/src&ref=refs/heads/main&revision=308473bc2579970ee5ae178212b648f9a4911df5&path=//&platform=linux&test_suite_type=unit&modifier_id=0
2022-01-04 21:10:15,2022-01-04,7e85159,5797046,8864569,65.39568928844707,2546142,5470084,46.546670946917814,https://analysis.chromium.org/coverage/p/chromium/dir?host=chromium.googlesource.com&project=chromium/src&ref=refs/heads/main&revision=7e8515933928af824fb91177643b3527c9248f14&path=//&platform=linux&test_suite_type=unit&modifier_id=0
2022-01-05 09:13:35,2022-01-05,91b5336,5798282,8864787,65.40802390401484,2546605,5470396,46.552479930154966,https://analysis.chromium.org/coverage/p/chromium/dir?host=chromium.googlesource.com&project=chromium/src&ref=refs/heads/main&revision=91b533621bb259ddce78dd53b594b6790b2ce84f&path=//&platform=linux&test_suite_type=unit&modifier_id=0
2022-01-05 21:08:32,2022-01-05,18970ee,5801303,8866083,65.43253655531986,2547144,5471546,46.55254657458788,https://analysis.chromium.org/coverage/p/chromium/dir?host=chromium.googlesource.com&project=chromium/src&ref=refs/heads/main&revision=18970ee43cf0d3872acc79d50b976c7d25a85330&path=//&platform=linux&test_suite_type=unit&modifier_id=0
2022-01-06 03:12:52,2022-01-06,0f0da7a,5800704,8866159,65.42521964697453,2547224,5471574,46.55377045069664,https://analysis.chromium.org/coverage/p/chromium/dir?host=chromium.googlesource.com&project=chromium/src&ref=refs/heads/main&revision=0f0da7aab808827c1c9d0f6664b4db8403336d8e&path=//&platform=linux&test_suite_type=unit&modifier_id=0
2022-01-06 21:14:51,2022-01-06,62895a3,5803856,8867032,65.45432564131944,2548860,5472894,46.57243498595076,https://analysis.chromium.org/coverage/p/chromium/dir?host=chromium.googlesource.com&project=chromium/src&ref=refs/heads/main&revision=62895a358e92bb78be02799632832e6793c8fe79&path=//&platform=linux&test_suite_type=unit&modifier_id=0
2022-01-07 21:18:06,2022-01-07,deffdda,5806504,8872945,65.44054989634219,2549831,5475814,46.56533256973301,https://analysis.chromium.org/coverage/p/chromium/dir?host=chromium.googlesource.com&project=chromium/src&ref=refs/heads/main&revision=deffddae870061f13623c6b562520f98cce4bf84&path=//&platform=linux&test_suite_type=unit&modifier_id=0
2022-01-08 02:53:26,2022-01-08,c04550e,5806869,8872915,65.44488479828782,2550065,5475740,46.57023525587409,https://analysis.chromium.org/coverage/p/chromium/dir?host=chromium.googlesource.com&project=chromium/src&ref=refs/heads/main&revision=c04550eaace13078ed4d249d2fa5b193cf6418b6&path=//&platform=linux&test_suite_type=unit&modifier_id=0
2022-01-09 03:15:17,2022-01-09,3b208ca,5805329,8872907,65.42758759896842,2549223,5475734,46.55490935096555,https://analysis.chromium.org/coverage/p/chromium/dir?host=chromium.googlesource.com&project=chromium/src&ref=refs/heads/main&revision=3b208ca097393c9cdd4e0ef0082bd77b3148ae12&path=//&platform=linux&test_suite_type=unit&modifier_id=0
2022-01-09 09:19:03,2022-01-09,8f6b882,5804883,8872907,65.42256106144244,2549255,5475734,46.5554937475049,https://analysis.chromium.org/coverage/p/chromium/dir?host=chromium.googlesource.com&project=chromium/src&ref=refs/heads/main&revision=8f6b882b719b40998efcceb0c3e10d5804b6001b&path=//&platform=linux&test_suite_type=unit&modifier_id=0
2022-01-09 21:09:47,2022-01-09,5980add,5806625,8873010,65.44143419200475,2550256,5475772,46.573451195557446,https://analysis.chromium.org/coverage/p/chromium/dir?host=chromium.googlesource.com&project=chromium/src&ref=refs/heads/main&revision=5980addfaefa47d99540dd7e9f41625004c1db70&path=//&platform=linux&test_suite_type=unit&modifier_id=0
2022-01-10 03:17:21,2022-01-10,617714d,5805508,8875815,65.40816815131906,2549767,5476476,46.55853508716189,https://analysis.chromium.org/coverage/p/chromium/dir?host=chromium.googlesource.com&project=chromium/src&ref=refs/heads/main&revision=617714d39eec193eaf958f484a0d50b5af5bfc58&path=//&platform=linux&test_suite_type=unit&modifier_id=0
2022-01-10 09:16:41,2022-01-10,3fa1dd6,5805518,8875926,65.40746283824357,2549934,5476626,46.56030921227778,https://analysis.chromium.org/coverage/p/chromium/dir?host=chromium.googlesource.com&project=chromium/src&ref=refs/heads/main&revision=3fa1dd67975f2f5808abe21d1bd52f8a6d1a27b0&path=//&platform=linux&test_suite_type=unit&modifier_id=0
2022-01-10 21:16:29,2022-01-10,a45c958,2201534,3620446,60.80836449431921,696096,1381058,50.40309675625499,https://analysis.chromium.org/coverage/p/chromium/dir?host=chromium.googlesource.com&project=chromium/src&ref=refs/heads/main&revision=a45c958425cf75ba2adf80a9f5ebd87c99deade5&path=//&platform=linux&test_suite_type=unit&modifier_id=0
2022-01-11 21:19:07,2022-01-11,2430597,2201443,3619751,60.81752584639109,696026,1380682,50.41175303219713,https://analysis.chromium.org/coverage/p/chromium/dir?host=chromium.googlesource.com&project=chromium/src&ref=refs/heads/main&revision=24305976b056fb64735332245c90558b4443c565&path=//&platform=linux&test_suite_type=unit&modifier_id=0
2022-01-11 15:17:43,2022-01-11,6be0c40,2201212,3619412,60.81683986238649,695845,1380578,50.40244013739173,https://analysis.chromium.org/coverage/p/chromium/dir?host=chromium.googlesource.com&project=chromium/src&ref=refs/heads/main&revision=6be0c4058c135f084df828ef912c1acecfe6c659&path=//&platform=linux&test_suite_type=unit&modifier_id=0
2022-01-11 03:18:21,2022-01-11,6da55d2,2201154,3620588,60.79548404844738,695657,1381140,50.36831892494606,https://analysis.chromium.org/coverage/p/chromium/dir?host=chromium.googlesource.com&project=chromium/src&ref=refs/heads/main&revision=6da55d2fa302bf43fbeb295cdcafee67cca0d078&path=//&platform=linux&test_suite_type=unit&modifier_id=0
2022-01-11 09:18:33,2022-01-11,e4c5bb1,2201585,3620759,60.804516401119216,696319,1381190,50.414425242001464,https://analysis.chromium.org/coverage/p/chromium/dir?host=chromium.googlesource.com&project=chromium/src&ref=refs/heads/main&revision=e4c5bb161439aa51090e53886acd92a647251f89&path=//&platform=linux&test_suite_type=unit&modifier_id=0
2022-01-12 09:20:06,2022-01-12,b0769cd,2201655,3620384,60.81274803998692,696222,1380928,50.41696598229596,https://analysis.chromium.org/coverage/p/chromium/dir?host=chromium.googlesource.com&project=chromium/src&ref=refs/heads/main&revision=b0769cdd230362672a3b64762e327a8d1416cc6e&path=//&platform=linux&test_suite_type=unit&modifier_id=0
2022-01-12 15:19:26,2022-01-12,acafa1e,2201434,3620604,60.802948900238746,696155,1380984,50.410069921157664,https://analysis.chromium.org/coverage/p/chromium/dir?host=chromium.googlesource.com&project=chromium/src&ref=refs/heads/main&revision=acafa1e13a002e3861df8de496883b6b025cc6a9&path=//&platform=linux&test_suite_type=unit&modifier_id=0
2022-01-12 03:09:44,2022-01-12,48a8210,2200839,3619960,60.79732925225693,696074,1380742,50.41303878639167,https://analysis.chromium.org/coverage/p/chromium/dir?host=chromium.googlesource.com&project=chromium/src&ref=refs/heads/main&revision=48a8210f385b90ae704cf133be5f9becb1d28d95&path=//&platform=linux&test_suite_type=unit&modifier_id=0
2022-01-13 03:19:43,2022-01-13,086ec4e,2200785,3620997,60.778426494139595,695911,1381094,50.38838775637284,https://analysis.chromium.org/coverage/p/chromium/dir?host=chromium.googlesource.com&project=chromium/src&ref=refs/heads/main&revision=086ec4e430a8efe365df6e5c7a658b5e8e2021ea&path=//&platform=linux&test_suite_type=unit&modifier_id=0
2022-01-13 09:19:21,2022-01-13,b12d670,2202372,3620970,60.82270772748738,696321,1381050,50.41968067774519,https://analysis.chromium.org/coverage/p/chromium/dir?host=chromium.googlesource.com&project=chromium/src&ref=refs/heads/main&revision=b12d670357a043a0c6aab1928be68c32017e5092&path=//&platform=linux&test_suite_type=unit&modifier_id=0
2022-01-13 15:21:28,2022-01-13,600999f,2200104,3616902,60.82841061217584,695886,1380004,50.42637557572297,https://analysis.chromium.org/coverage/p/chromium/dir?host=chromium.googlesource.com&project=chromium/src&ref=refs/heads/main&revision=600999fb0cf8ba2b154feef08a6936332c76dde2&path=//&platform=linux&test_suite_type=unit&modifier_id=0
2022-01-13 21:20:33,2022-01-13,23a5d07,2199642,3615642,60.83683063754653,695715,1379678,50.425896477293975,https://analysis.chromium.org/coverage/p/chromium/dir?host=chromium.googlesource.com&project=chromium/src&ref=refs/heads/main&revision=23a5d07af82b0861105d7cddbf7dba6b4f938eee&path=//&platform=linux&test_suite_type=unit&modifier_id=0
2022-01-14 03:20:10,2022-01-14,f0ac6c8,2200058,3615869,60.844516214497816,695962,1379790,50.43970459272788,https://analysis.chromium.org/coverage/p/chromium/dir?host=chromium.googlesource.com&project=chromium/src&ref=refs/heads/main&revision=f0ac6c86737874f41ce1c491d22a91a7ded09321&path=//&platform=linux&test_suite_type=unit&modifier_id=0
2022-01-14 09:20:02,2022-01-14,72bc629,2200527,3616152,60.85272411115462,696053,1379902,50.44220531602969,https://analysis.chromium.org/coverage/p/chromium/dir?host=chromium.googlesource.com&project=chromium/src&ref=refs/heads/main&revision=72bc629106be1dae12724f9e4b669ac7feab4906&path=//&platform=linux&test_suite_type=unit&modifier_id=0
2022-01-14 14:04:26,2022-01-14,617b46d,2200535,3616270,60.85095969050983,695891,1379924,50.4296613436682,https://analysis.chromium.org/coverage/p/chromium/dir?host=chromium.googlesource.com&project=chromium/src&ref=refs/heads/main&revision=617b46de5087c9ff3c3e9bc4eedd87572dc0499c&path=//&platform=linux&test_suite_type=unit&modifier_id=0
2022-01-14 21:15:30,2022-01-14,6a58c56,2200532,3616616,60.84505515653307,695993,1380028,50.433252078943326,https://analysis.chromium.org/coverage/p/chromium/dir?host=chromium.googlesource.com&project=chromium/src&ref=refs/heads/main&revision=6a58c56792ba6bb0ff4ac4dcce2b16d315ee33f9&path=//&platform=linux&test_suite_type=unit&modifier_id=0
2022-01-15 21:19:31,2022-01-15,1ca49cb,2200762,3616719,60.84968171428303,696133,1380060,50.44222714954422,https://analysis.chromium.org/coverage/p/chromium/dir?host=chromium.googlesource.com&project=chromium/src&ref=refs/heads/main&revision=1ca49cb2907f4fe00c62d102568cecfd1c48ef65&path=//&platform=linux&test_suite_type=unit&modifier_id=0
2022-01-15 03:09:16,2022-01-15,b37c79b,2200624,3616621,60.847514848805005,695857,1380028,50.42339720643349,https://analysis.chromium.org/coverage/p/chromium/dir?host=chromium.googlesource.com&project=chromium/src&ref=refs/heads/main&revision=b37c79bcb26ce23bb243a2a965c3a3318d2dc1ad&path=//&platform=linux&test_suite_type=unit&modifier_id=0
2022-01-15 09:22:20,2022-01-15,ca3eb77,2200606,3616612,60.84716856549721,695975,1380016,50.43238629117344,https://analysis.chromium.org/coverage/p/chromium/dir?host=chromium.googlesource.com&project=chromium/src&ref=refs/heads/main&revision=ca3eb77785a5529b54060c38197aedd8b47b0d3b&path=//&platform=linux&test_suite_type=unit&modifier_id=0
2022-01-15 15:22:11,2022-01-15,331eb8b,2200260,3616686,60.836356819475064,695954,1380042,50.429914451879,https://analysis.chromium.org/coverage/p/chromium/dir?host=chromium.googlesource.com&project=chromium/src&ref=refs/heads/main&revision=331eb8bdab00e572f9a1f901c4329f029bff7356&path=//&platform=linux&test_suite_type=unit&modifier_id=0
2022-01-16 03:18:15,2022-01-16,e0938f5,2201136,3616653,60.861133207968805,696110,1380060,50.44056055533817,https://analysis.chromium.org/coverage/p/chromium/dir?host=chromium.googlesource.com&project=chromium/src&ref=refs/heads/main&revision=e0938f55d036266f4dec09b7e3630027a10b4693&path=//&platform=linux&test_suite_type=unit&modifier_id=0
2022-01-16 09:13:48,2022-01-16,8c2e7b9,2200310,3616788,60.83602356566102,695825,1380104,50.418301809139024,https://analysis.chromium.org/coverage/p/chromium/dir?host=chromium.googlesource.com&project=chromium/src&ref=refs/heads/main&revision=8c2e7b95ad615a9935233523b5272b3355932548&path=//&platform=linux&test_suite_type=unit&modifier_id=0
2022-01-16 13:42:07,2022-01-16,8b34d83,2199946,3616814,60.82552213080352,695762,1380104,50.41373693576716,https://analysis.chromium.org/coverage/p/chromium/dir?host=chromium.googlesource.com&project=chromium/src&ref=refs/heads/main&revision=8b34d83a786210e8e39a8090724e431eb01d1765&path=//&platform=linux&test_suite_type=unit&modifier_id=0
2022-01-16 21:20:08,2022-01-16,812171e,2201196,3616828,60.85984735796117,696163,1380156,50.44089218899892,https://analysis.chromium.org/coverage/p/chromium/dir?host=chromium.googlesource.com&project=chromium/src&ref=refs/heads/main&revision=812171ec5d7f8edfa2c6b3f351ac154cbd8bb392&path=//&platform=linux&test_suite_type=unit&modifier_id=0
2022-01-17 03:19:36,2022-01-17,b455e6e,2200668,3616801,60.84570315038068,696189,1380212,50.44072939519436,https://analysis.chromium.org/coverage/p/chromium/dir?host=chromium.googlesource.com&project=chromium/src&ref=refs/heads/main&revision=b455e6e292176bb1e7f848faa83448628d76bbfb&path=//&platform=linux&test_suite_type=unit&modifier_id=0
2022-01-17 09:22:33,2022-01-17,67ddcac,2201306,3616499,60.86842551318278,696076,1379886,50.4444570058686,https://analysis.chromium.org/coverage/p/chromium/dir?host=chromium.googlesource.com&project=chromium/src&ref=refs/heads/main&revision=67ddcac3a7da63e0e668bff67ac30eb31843ab17&path=//&platform=linux&test_suite_type=unit&modifier_id=0
2022-01-17 15:15:36,2022-01-17,161cb88,2201649,3616630,60.87570473064704,696257,1379896,50.45720836932638,https://analysis.chromium.org/coverage/p/chromium/dir?host=chromium.googlesource.com&project=chromium/src&ref=refs/heads/main&revision=161cb88e4c25cf79036ed7628949992a3cb10c7a&path=//&platform=linux&test_suite_type=unit&modifier_id=0
2022-01-17 21:18:49,2022-01-17,2840e8a,2201333,3616652,60.866597062697764,696225,1379908,50.454450586560846,https://analysis.chromium.org/coverage/p/chromium/dir?host=chromium.googlesource.com&project=chromium/src&ref=refs/heads/main&revision=2840e8a9ce4d2d033208752088198623a5cd8a30&path=//&platform=linux&test_suite_type=unit&modifier_id=0
2022-01-18 03:12:49,2022-01-18,04a4ce3,2201047,3616810,60.85603059049273,696165,1380008,50.44644668726558,https://analysis.chromium.org/coverage/p/chromium/dir?host=chromium.googlesource.com&project=chromium/src&ref=refs/heads/main&revision=04a4ce383c7c3cc14b2d601275f27af0c8190fc0&path=//&platform=linux&test_suite_type=unit&modifier_id=0
2022-01-18 09:21:28,2022-01-18,827512e,2200250,3617175,60.827855992590905,695343,1380166,50.38111357619301,https://analysis.chromium.org/coverage/p/chromium/dir?host=chromium.googlesource.com&project=chromium/src&ref=refs/heads/main&revision=827512e71e10b191a7b255875aee22c3c3822388&path=//&platform=linux&test_suite_type=unit&modifier_id=0
2022-01-18 15:22:16,2022-01-18,e7ac994,2228131,3836314,58.07999553738302,704895,1484232,47.49223841016768,https://analysis.chromium.org/coverage/p/chromium/dir?host=chromium.googlesource.com&project=chromium/src&ref=refs/heads/main&revision=e7ac994625b7b0ef5f7c28cbbe95ee80a50b4ab5&path=//&platform=linux&test_suite_type=unit&modifier_id=0
2022-01-18 21:20:49,2022-01-18,92efb50,2226806,3836078,58.04902820015651,704441,1484172,47.46356891249801,https://analysis.chromium.org/coverage/p/chromium/dir?host=chromium.googlesource.com&project=chromium/src&ref=refs/heads/main&revision=92efb50467bd48e17e1a7bb60c573e07a5161ad8&path=//&platform=linux&test_suite_type=unit&modifier_id=0
2022-01-19 21:13:37,2022-01-19,e2f6f02,2227492,3837372,58.04733030834644,704735,1484642,47.468345904265135,https://analysis.chromium.org/coverage/p/chromium/dir?host=chromium.googlesource.com&project=chromium/src&ref=refs/heads/main&revision=e2f6f022624c7065de1b545a7e356d90cad42413&path=//&platform=linux&test_suite_type=unit&modifier_id=0
2022-01-19 15:23:09,2022-01-19,fb0a0a0,2226574,3836868,58.03102947508228,704429,1484464,47.45342426626715,https://analysis.chromium.org/coverage/p/chromium/dir?host=chromium.googlesource.com&project=chromium/src&ref=refs/heads/main&revision=fb0a0a0a9da90d1d3c6e1711c51d860a9838b944&path=//&platform=linux&test_suite_type=unit&modifier_id=0
2022-01-19 03:21:07,2022-01-19,de99904,2227299,3836293,58.0586258661682,704593,1484258,47.47105961362512,https://analysis.chromium.org/coverage/p/chromium/dir?host=chromium.googlesource.com&project=chromium/src&ref=refs/heads/main&revision=de99904f3df82b98521b9d8b8f259cf4313ec92b&path=//&platform=linux&test_suite_type=unit&modifier_id=0
2022-01-19 09:22:44,2022-01-19,ce2ccc0,2227575,3836358,58.064836493361675,704681,1484242,47.477500299816334,https://analysis.chromium.org/coverage/p/chromium/dir?host=chromium.googlesource.com&project=chromium/src&ref=refs/heads/main&revision=ce2ccc0c9b82d853a7489816cb21530c99867e6e&path=//&platform=linux&test_suite_type=unit&modifier_id=0
2022-01-20 09:24:15,2022-01-20,0b1b11d,2227706,3837775,58.046810977714955,704981,1484798,47.47992656240108,https://analysis.chromium.org/coverage/p/chromium/dir?host=chromium.googlesource.com&project=chromium/src&ref=refs/heads/main&revision=0b1b11d65bf5759b358ad8c79dff63678ad3cd05&path=//&platform=linux&test_suite_type=unit&modifier_id=0
2022-01-20 21:19:45,2022-01-20,d4ac40c,2227218,3838700,58.020110975069684,704411,1485048,47.43355096939627,https://analysis.chromium.org/coverage/p/chromium/dir?host=chromium.googlesource.com&project=chromium/src&ref=refs/heads/main&revision=d4ac40cd80a51d43f04fb854ee35288b3b63da17&path=//&platform=linux&test_suite_type=unit&modifier_id=0
2022-01-20 02:14:54,2022-01-20,ed67819,2226979,3837497,58.03207142572359,704644,1484678,47.46106563173968,https://analysis.chromium.org/coverage/p/chromium/dir?host=chromium.googlesource.com&project=chromium/src&ref=refs/heads/main&revision=ed678196f26c0e520bbbdb6d3377704dd2659ccd&path=//&platform=linux&test_suite_type=unit&modifier_id=0
2022-01-20 14:19:07,2022-01-20,20cfe33,2227671,3838549,58.0341946917963,704598,1485016,47.44716555242503,https://analysis.chromium.org/coverage/p/chromium/dir?host=chromium.googlesource.com&project=chromium/src&ref=refs/heads/main&revision=20cfe33618f8589ce70921f062ae1be6e873dc31&path=//&platform=linux&test_suite_type=unit&modifier_id=0
2022-01-21 09:23:38,2022-01-21,c51a7aa,2227590,3838963,58.025826245264675,704692,1485120,47.45017237664297,https://analysis.chromium.org/coverage/p/chromium/dir?host=chromium.googlesource.com&project=chromium/src&ref=refs/heads/main&revision=c51a7aa0f18c343118f231190c3b2e08a28d9f69&path=//&platform=linux&test_suite_type=unit&modifier_id=0
2022-01-21 15:18:48,2022-01-21,028cc07,2229284,3839692,58.05892764315471,705102,1485304,47.471898008757805,https://analysis.chromium.org/coverage/p/chromium/dir?host=chromium.googlesource.com&project=chromium/src&ref=refs/heads/main&revision=028cc07ab835e98a2f6df151174a550d540265e4&path=//&platform=linux&test_suite_type=unit&modifier_id=0
2022-01-22 00:18:58,2022-01-22,70f4b2a,2228446,3840216,58.02918377507932,705065,1485454,47.46461351209798,https://analysis.chromium.org/coverage/p/chromium/dir?host=chromium.googlesource.com&project=chromium/src&ref=refs/heads/main&revision=70f4b2a69d47e333b341c98834fa8e6ce5946a86&path=//&platform=linux&test_suite_type=unit&modifier_id=0
2022-01-22 09:19:21,2022-01-22,009b2d3,2228927,3840335,58.03991058071757,704981,1485462,47.458703083619774,https://analysis.chromium.org/coverage/p/chromium/dir?host=chromium.googlesource.com&project=chromium/src&ref=refs/heads/main&revision=009b2d32a18f0b21c6b07ee29c3939712d125076&path=//&platform=linux&test_suite_type=unit&modifier_id=0
2022-01-22 13:10:44,2022-01-22,efbc26f,2229063,3840335,58.04345193843766,705254,1485462,47.47708120436605,https://analysis.chromium.org/coverage/p/chromium/dir?host=chromium.googlesource.com&project=chromium/src&ref=refs/heads/main&revision=efbc26f7f82bb284577cf43d703dc8e637d61b6f&path=//&platform=linux&test_suite_type=unit&modifier_id=0
2022-01-22 20:02:26,2022-01-22,ffb1f8c,2229150,3840335,58.04571736580272,705056,1485462,47.463752017890734,https://analysis.chromium.org/coverage/p/chromium/dir?host=chromium.googlesource.com&project=chromium/src&ref=refs/heads/main&revision=ffb1f8caa9bcb51fda57316d0f3fc7ba29d57527&path=//&platform=linux&test_suite_type=unit&modifier_id=0
2022-01-23 02:47:33,2022-01-23,5122ebc,2228828,3840335,58.0373326806125,704920,1485462,47.4545966170794,https://analysis.chromium.org/coverage/p/chromium/dir?host=chromium.googlesource.com&project=chromium/src&ref=refs/heads/main&revision=5122ebc904423959d5ef43716a508180177a80ad&path=//&platform=linux&test_suite_type=unit&modifier_id=0
2022-01-23 09:06:59,2022-01-23,5f268e4,2229499,3840335,58.05480511465797,705250,1485462,47.4768119278716,https://analysis.chromium.org/coverage/p/chromium/dir?host=chromium.googlesource.com&project=chromium/src&ref=refs/heads/main&revision=5f268e42c5034c132241e248358f1e726eadd446&path=//&platform=linux&test_suite_type=unit&modifier_id=0
2022-01-23 15:08:31,2022-01-23,bf4c756,2228944,3840412,58.03918954528837,705156,1485514,47.46882223930572,https://analysis.chromium.org/coverage/p/chromium/dir?host=chromium.googlesource.com&project=chromium/src&ref=refs/heads/main&revision=bf4c756dc1f6f0fc12f8865df755cbe12fb2b679&path=//&platform=linux&test_suite_type=unit&modifier_id=0
2022-01-23 21:23:09,2022-01-23,6c99f80,2229319,3840429,58.0486971637804,705038,1485530,47.46036768022187,https://analysis.chromium.org/coverage/p/chromium/dir?host=chromium.googlesource.com&project=chromium/src&ref=refs/heads/main&revision=6c99f80b11d455073968f11c7a0a0e9165403dfe&path=//&platform=linux&test_suite_type=unit&modifier_id=0
2022-01-24 21:25:45,2022-01-24,83c71f0,2230068,3841084,58.05829812625811,705402,1485930,47.4720881871959,https://analysis.chromium.org/coverage/p/chromium/dir?host=chromium.googlesource.com&project=chromium/src&ref=refs/heads/main&revision=83c71f0e2f5c6911ca59e2b8f82c0b8891b6b852&path=//&platform=linux&test_suite_type=unit&modifier_id=0
2022-01-24 03:22:13,2022-01-24,6dc0bb1,2229122,3840548,58.04176903921003,705070,1485542,47.46213839797192,https://analysis.chromium.org/coverage/p/chromium/dir?host=chromium.googlesource.com&project=chromium/src&ref=refs/heads/main&revision=6dc0bb19cb9725e10600206c9fc2b6bb60e06e0b&path=//&platform=linux&test_suite_type=unit&modifier_id=0
2022-01-24 09:24:52,2022-01-24,c99db70,2228939,3840767,58.033694832308235,704971,1485752,47.44876668515338,https://analysis.chromium.org/coverage/p/chromium/dir?host=chromium.googlesource.com&project=chromium/src&ref=refs/heads/main&revision=c99db70f146b2778c05ea3c672068f0def22500d&path=//&platform=linux&test_suite_type=unit&modifier_id=0
2022-01-24 15:16:51,2022-01-24,7f20d5f,2228617,3840852,58.024026960684765,704778,1485862,47.432264907508234,https://analysis.chromium.org/coverage/p/chromium/dir?host=chromium.googlesource.com&project=chromium/src&ref=refs/heads/main&revision=7f20d5f6ea7fa7766439a58abe60ee4ec6f07026&path=//&platform=linux&test_suite_type=unit&modifier_id=0
2022-01-25 03:20:10,2022-01-25,ceb4924,2229615,3841222,58.04441919784902,705390,1486034,47.46795833742701,https://analysis.chromium.org/coverage/p/chromium/dir?host=chromium.googlesource.com&project=chromium/src&ref=refs/heads/main&revision=ceb49244e89bde49896528a576fa24023b5f7fa4&path=//&platform=linux&test_suite_type=unit&modifier_id=0
2022-01-25 09:26:04,2022-01-25,0a9b30d,2230210,3841390,58.0573698583065,705593,1486096,47.47963792379496,https://analysis.chromium.org/coverage/p/chromium/dir?host=chromium.googlesource.com&project=chromium/src&ref=refs/heads/main&revision=0a9b30db48787e947680336bdfee5e161e7fc75f&path=//&platform=linux&test_suite_type=unit&modifier_id=0
2022-01-25 15:26:33,2022-01-25,e7c4adc,2230298,3842139,58.04834234263779,705547,1486324,47.4692597307182,https://analysis.chromium.org/coverage/p/chromium/dir?host=chromium.googlesource.com&project=chromium/src&ref=refs/heads/main&revision=e7c4adccd3faf6cfbc97f83a2deb6e6155477507&path=//&platform=linux&test_suite_type=unit&modifier_id=0
2022-01-25 21:24:29,2022-01-25,7d4af22,2230444,3842308,58.04958894497786,705493,1486296,47.46652080070188,https://analysis.chromium.org/coverage/p/chromium/dir?host=chromium.googlesource.com&project=chromium/src&ref=refs/heads/main&revision=7d4af22a5916767b2854ad33c3d5c28add4f9d20&path=//&platform=linux&test_suite_type=unit&modifier_id=0
2022-01-26 03:24:18,2022-01-26,cad43de,2230559,3842412,58.05101066725796,705636,1486324,47.47524765798036,https://analysis.chromium.org/coverage/p/chromium/dir?host=chromium.googlesource.com&project=chromium/src&ref=refs/heads/main&revision=cad43de8e27b6d5fa1d99fb6825f346478377b94&path=//&platform=linux&test_suite_type=unit&modifier_id=0
2022-01-26 09:26:33,2022-01-26,9a3c38f,2230709,3842700,58.05056340593853,705667,1486410,47.4745864196285,https://analysis.chromium.org/coverage/p/chromium/dir?host=chromium.googlesource.com&project=chromium/src&ref=refs/heads/main&revision=9a3c38f14f88c8a063d38a51651695ceef82f4c2&path=//&platform=linux&test_suite_type=unit&modifier_id=0
2022-01-26 15:25:29,2022-01-26,922d37f,2231372,3843545,58.055050740917565,705843,1486702,47.47710032003724,https://analysis.chromium.org/coverage/p/chromium/dir?host=chromium.googlesource.com&project=chromium/src&ref=refs/heads/main&revision=922d37fe47c0c14b6cd8fdbdd90c5f171cf92a52&path=//&platform=linux&test_suite_type=unit&modifier_id=0
2022-01-26 21:19:54,2022-01-26,81b1983,2229927,3842155,58.03844457082028,705507,1486462,47.46216183124762,https://analysis.chromium.org/coverage/p/chromium/dir?host=chromium.googlesource.com&project=chromium/src&ref=refs/heads/main&revision=81b1983f38dcf5cbb86ff4f6b97f591b9c56b4b9&path=//&platform=linux&test_suite_type=unit&modifier_id=0
2022-01-27 03:23:11,2022-01-27,5f5c926,2231014,3842653,58.05921065472214,705876,1486604,47.48244993286713,https://analysis.chromium.org/coverage/p/chromium/dir?host=chromium.googlesource.com&project=chromium/src&ref=refs/heads/main&revision=5f5c926b2f29aecd8336e4981c2cc02a9fc03bba&path=//&platform=linux&test_suite_type=unit&modifier_id=0
2022-01-27 09:25:06,2022-01-27,62f963a,2230467,3842603,58.04573097975513,705898,1486582,47.48463253288416,https://analysis.chromium.org/coverage/p/chromium/dir?host=chromium.googlesource.com&project=chromium/src&ref=refs/heads/main&revision=62f963a48fd4643ff0fd8fcb2bf1e4320b46bae8&path=//&platform=linux&test_suite_type=unit&modifier_id=0
2022-01-27 15:25:14,2022-01-27,c871805,2230408,3841299,58.06389973808339,705810,1486132,47.4930894429297,https://analysis.chromium.org/coverage/p/chromium/dir?host=chromium.googlesource.com&project=chromium/src&ref=refs/heads/main&revision=c8718055561dd2b19e2cf1e83e13da18711935a5&path=//&platform=linux&test_suite_type=unit&modifier_id=0
2022-01-27 21:26:33,2022-01-27,2ff63d5,2230898,3841565,58.072634460174434,705978,1486216,47.50170903825554,https://analysis.chromium.org/coverage/p/chromium/dir?host=chromium.googlesource.com&project=chromium/src&ref=refs/heads/main&revision=2ff63d562217c8253637f94435aac40a8c022c51&path=//&platform=linux&test_suite_type=unit&modifier_id=0
2022-01-28 20:55:39,2022-01-28,2c12eb5,2230469,3841863,58.05696350963061,705714,1486682,47.46906197828453,https://analysis.chromium.org/coverage/p/chromium/dir?host=chromium.googlesource.com&project=chromium/src&ref=refs/heads/main&revision=2c12eb5b89b5f192b36ebbd36f78273d9b0aaa10&path=//&platform=linux&test_suite_type=unit&modifier_id=0
2022-01-28 09:27:08,2022-01-28,1395421,2231346,3841883,58.079488625759815,706069,1486636,47.49441019859602,https://analysis.chromium.org/coverage/p/chromium/dir?host=chromium.googlesource.com&project=chromium/src&ref=refs/heads/main&revision=1395421ed749a2c6baf1281b067a7116eee4ceae&path=//&platform=linux&test_suite_type=unit&modifier_id=0
2022-01-28 03:27:01,2022-01-28,f144eba,2228967,3841746,58.01963482229174,704657,1486284,47.41065637522842,https://analysis.chromium.org/coverage/p/chromium/dir?host=chromium.googlesource.com&project=chromium/src&ref=refs/heads/main&revision=f144ebad11ff51ca4420814ba7301af19f434b9d&path=//&platform=linux&test_suite_type=unit&modifier_id=0
2022-01-28 15:23:19,2022-01-28,34b2d72,2230634,3841799,58.06222553548481,705835,1486648,47.47828672288262,https://analysis.chromium.org/coverage/p/chromium/dir?host=chromium.googlesource.com&project=chromium/src&ref=refs/heads/main&revision=34b2d72ce8a3f5ed8767d7688d0893cce67c2078&path=//&platform=linux&test_suite_type=unit&modifier_id=0
2022-01-29 08:02:17,2022-01-29,92bf4dd,2230498,3841821,58.05835305705289,705834,1486664,47.477708480194586,https://analysis.chromium.org/coverage/p/chromium/dir?host=chromium.googlesource.com&project=chromium/src&ref=refs/heads/main&revision=92bf4ddc4df39e56fbbfcae7b001734bd31df088&path=//&platform=linux&test_suite_type=unit&modifier_id=0
2022-01-30 14:38:13,2022-01-30,c42bf68,2230470,3841796,58.05800203862985,705853,1486628,47.48013625466492,https://analysis.chromium.org/coverage/p/chromium/dir?host=chromium.googlesource.com&project=chromium/src&ref=refs/heads/main&revision=c42bf6857b4d874a29f76b0d4e2b81d0dcde3bc4&path=//&platform=linux&test_suite_type=unit&modifier_id=0
2022-01-30 21:26:34,2022-01-30,84f0720,2230251,3841929,58.05029192366647,705657,1486646,47.46637733529031,https://analysis.chromium.org/coverage/p/chromium/dir?host=chromium.googlesource.com&project=chromium/src&ref=refs/heads/main&revision=84f072047bbc3569dc1d37749e95594c18e816fb&path=//&platform=linux&test_suite_type=unit&modifier_id=0
2022-01-31 03:26:24,2022-01-31,8f494ca,2230555,3841947,58.057932605525274,705755,1486652,47.4727777583456,https://analysis.chromium.org/coverage/p/chromium/dir?host=chromium.googlesource.com&project=chromium/src&ref=refs/heads/main&revision=8f494cac5ce4770b4cbef359295fe0c20bd7d416&path=//&platform=linux&test_suite_type=unit&modifier_id=0
2022-01-31 09:27:52,2022-01-31,39cbf9f,2231423,3842123,58.07786476382979,705931,1486698,47.48314721617975,https://analysis.chromium.org/coverage/p/chromium/dir?host=chromium.googlesource.com&project=chromium/src&ref=refs/heads/main&revision=39cbf9fcbb8aec55f6449cfaa2f396c4d4964cfc&path=//&platform=linux&test_suite_type=unit&modifier_id=0
2022-01-31 15:24:37,2022-01-31,cdccc9c,2230565,3842210,58.05421879595337,705150,1486680,47.43118895794657,https://analysis.chromium.org/coverage/p/chromium/dir?host=chromium.googlesource.com&project=chromium/src&ref=refs/heads/main&revision=cdccc9c1d00ff781c606e5b95343bbee4161b47f&path=//&platform=linux&test_suite_type=unit&modifier_id=0
2022-01-31 21:26:26,2022-01-31,72b5fbc,2231492,3842528,58.07353908676788,706217,1486900,47.49593113188513,https://analysis.chromium.org/coverage/p/chromium/dir?host=chromium.googlesource.com&project=chromium/src&ref=refs/heads/main&revision=72b5fbc93c5fa8263ddcfc8c81573fd9ab0db916&path=//&platform=linux&test_suite_type=unit&modifier_id=0
2022-02-01 03:28:22,2022-02-01,19ea864,2231083,3842856,58.05793919938712,705381,1487024,47.43575086884946,https://analysis.chromium.org/coverage/p/chromium/dir?host=chromium.googlesource.com&project=chromium/src&ref=refs/heads/main&revision=19ea8641f4f83c0343cfa1e5e74ecad619c156d3&path=//&platform=linux&test_suite_type=unit&modifier_id=0
2022-02-01 09:27:48,2022-02-01,492f65c,2231283,3842891,58.06261483867224,705422,1487046,47.43780622791763,https://analysis.chromium.org/coverage/p/chromium/dir?host=chromium.googlesource.com&project=chromium/src&ref=refs/heads/main&revision=492f65c64cd7e9f90e1c667611a47b89424a25be&path=//&platform=linux&test_suite_type=unit&modifier_id=0
2022-02-01 15:28:31,2022-02-01,b91bf80,2231179,3843085,58.05697766247689,705394,1487076,47.43496633662301,https://analysis.chromium.org/coverage/p/chromium/dir?host=chromium.googlesource.com&project=chromium/src&ref=refs/heads/main&revision=b91bf8017136a8548481223f54f1953f2dd4e0a2&path=//&platform=linux&test_suite_type=unit&modifier_id=0
2022-02-01 21:18:53,2022-02-01,541ec6e,2231739,3843278,58.06863307832533,706294,1487114,47.494274144416636,https://analysis.chromium.org/coverage/p/chromium/dir?host=chromium.googlesource.com&project=chromium/src&ref=refs/heads/main&revision=541ec6ea4569ca61e780c8914ce672251e66f400&path=//&platform=linux&test_suite_type=unit&modifier_id=0
2022-02-02 03:26:04,2022-02-02,76efb8f,2232396,3843675,58.0797283849441,705825,1487246,47.458524010150306,https://analysis.chromium.org/coverage/p/chromium/dir?host=chromium.googlesource.com&project=chromium/src&ref=refs/heads/main&revision=76efb8f5ab84d8511514b7897a58550f735b60c0&path=//&platform=linux&test_suite_type=unit&modifier_id=0
2022-02-02 21:28:12,2022-02-02,64e89ed,2231297,3844971,58.0315690287391,705274,1487430,47.41560947405928,https://analysis.chromium.org/coverage/p/chromium/dir?host=chromium.googlesource.com&project=chromium/src&ref=refs/heads/main&revision=64e89ed8cbb9b4fcda812c360aed4517b3ff852a&path=//&platform=linux&test_suite_type=unit&modifier_id=0
2022-02-03 21:25:34,2022-02-03,4025dd1,2232735,3846091,58.052058570637044,705536,1487828,47.42053516938786,https://analysis.chromium.org/coverage/p/chromium/dir?host=chromium.googlesource.com&project=chromium/src&ref=refs/heads/main&revision=4025dd1de5357a685c1b79c4d5016b5132037191&path=//&platform=linux&test_suite_type=unit&modifier_id=0
2022-02-03 03:27:30,2022-02-03,fa9054e,2231688,3845422,58.034930886649114,705524,1487618,47.426422643447445,https://analysis.chromium.org/coverage/p/chromium/dir?host=chromium.googlesource.com&project=chromium/src&ref=refs/heads/main&revision=fa9054ee658a0794aedea772ca99c87e5bf9a0a8&path=//&platform=linux&test_suite_type=unit&modifier_id=0
2022-02-03 09:22:26,2022-02-03,21509e1,2233041,3845509,58.068801815312355,705758,1487642,47.44138710791978,https://analysis.chromium.org/coverage/p/chromium/dir?host=chromium.googlesource.com&project=chromium/src&ref=refs/heads/main&revision=21509e156ff29746c6c1568349139e332c9a3fd9&path=//&platform=linux&test_suite_type=unit&modifier_id=0
2022-02-03 15:29:51,2022-02-03,c92775a,2232126,3846024,58.03723533706498,705639,1487818,47.42777678452607,https://analysis.chromium.org/coverage/p/chromium/dir?host=chromium.googlesource.com&project=chromium/src&ref=refs/heads/main&revision=c92775a7d0c546900884bf4c1ad440056fc25976&path=//&platform=linux&test_suite_type=unit&modifier_id=0
2022-02-04 03:21:30,2022-02-04,a28d80f,2233556,3846457,58.067879089770145,705950,1487930,47.44510830482617,https://analysis.chromium.org/coverage/p/chromium/dir?host=chromium.googlesource.com&project=chromium/src&ref=refs/heads/main&revision=a28d80f1dba4fe980f2b4e8d2415a5c025210c9e&path=//&platform=linux&test_suite_type=unit&modifier_id=0
2022-02-04 09:30:42,2022-02-04,f05adbb,2232064,3846713,58.025228292310864,705524,1488180,47.40851241113306,https://analysis.chromium.org/coverage/p/chromium/dir?host=chromium.googlesource.com&project=chromium/src&ref=refs/heads/main&revision=f05adbb4be3dd50c244daee3014df4aac66683a0&path=//&platform=linux&test_suite_type=unit&modifier_id=0
2022-02-04 15:30:28,2022-02-04,589aad4,2232895,3847544,58.03429408474601,705952,1488674,47.421530838853904,https://analysis.chromium.org/coverage/p/chromium/dir?host=chromium.googlesource.com&project=chromium/src&ref=refs/heads/main&revision=589aad41028b220b6e47cb46c009b8677488ea74&path=//&platform=linux&test_suite_type=unit&modifier_id=0
2022-02-04 21:29:15,2022-02-04,a12333c,2233211,3847791,58.03878121238913,706075,1488916,47.422084254585215,https://analysis.chromium.org/coverage/p/chromium/dir?host=chromium.googlesource.com&project=chromium/src&ref=refs/heads/main&revision=a12333c3ec4a6964e56d33e985f8b7ba74b5e6ed&path=//&platform=linux&test_suite_type=unit&modifier_id=0
2022-02-05 19:42:35,2022-02-05,7b7ecfe,2233290,3847786,58.04090975953444,706081,1488930,47.42204133169457,https://analysis.chromium.org/coverage/p/chromium/dir?host=chromium.googlesource.com&project=chromium/src&ref=refs/heads/main&revision=7b7ecfe3fe7cba6fdddcb4d9ce102e450066251c&path=//&platform=linux&test_suite_type=unit&modifier_id=0
2022-02-06 08:01:48,2022-02-06,36894df,2233408,3847786,58.04397645815022,706101,1488930,47.42338457818702,https://analysis.chromium.org/coverage/p/chromium/dir?host=chromium.googlesource.com&project=chromium/src&ref=refs/heads/main&revision=36894dfa7430da46d0772aa4d34e398bd55be8a9&path=//&platform=linux&test_suite_type=unit&modifier_id=0
2022-02-06 21:31:00,2022-02-06,9ebf5bc,2233502,3847851,58.04543886964438,706290,1488948,47.435504799361695,https://analysis.chromium.org/coverage/p/chromium/dir?host=chromium.googlesource.com&project=chromium/src&ref=refs/heads/main&revision=9ebf5bc2eea66c19d31f70659f2b890f0e1e8994&path=//&platform=linux&test_suite_type=unit&modifier_id=0
2022-02-07 03:30:56,2022-02-07,23da55f,2233668,3848024,58.047143157111286,706063,1488988,47.41898524366886,https://analysis.chromium.org/coverage/p/chromium/dir?host=chromium.googlesource.com&project=chromium/src&ref=refs/heads/main&revision=23da55f7aef2e0ebac737ed2d6c222c0f49b20d7&path=//&platform=linux&test_suite_type=unit&modifier_id=0
2022-02-07 15:31:36,2022-02-07,c2c62f0,2235152,3849509,58.06330105995336,706704,1489588,47.442917101910055,https://analysis.chromium.org/coverage/p/chromium/dir?host=chromium.googlesource.com&project=chromium/src&ref=refs/heads/main&revision=c2c62f01b941f3d6c9fa372a2349b8f269e89b54&path=//&platform=linux&test_suite_type=unit&modifier_id=0
2022-02-07 21:28:57,2022-02-07,bc5d1bc,2234578,3849936,58.04195186621284,706501,1489744,47.424322568172784,https://analysis.chromium.org/coverage/p/chromium/dir?host=chromium.googlesource.com&project=chromium/src&ref=refs/heads/main&revision=bc5d1bc0f7a2ab20ab779a4533b0bd46006f3232&path=//&platform=linux&test_suite_type=unit&modifier_id=0
2022-02-08 21:29:06,2022-02-08,b20ab66,2235960,3852507,58.039089870569995,706650,1490684,47.404413007719945,https://analysis.chromium.org/coverage/p/chromium/dir?host=chromium.googlesource.com&project=chromium/src&ref=refs/heads/main&revision=b20ab66abc26225f845f2287906a3d9319821bba&path=//&platform=linux&test_suite_type=unit&modifier_id=0
2022-02-08 09:29:46,2022-02-08,c8f7da5,2236069,3850818,58.06737685343737,707060,1490100,47.4505066774042,https://analysis.chromium.org/coverage/p/chromium/dir?host=chromium.googlesource.com&project=chromium/src&ref=refs/heads/main&revision=c8f7da5b0d953116a29ac6b51d92dffeb072593b&path=//&platform=linux&test_suite_type=unit&modifier_id=0
2022-02-08 03:31:36,2022-02-08,1f11d1c,2236102,3850478,58.073361281378574,707867,1489948,47.509510399020634,https://analysis.chromium.org/coverage/p/chromium/dir?host=chromium.googlesource.com&project=chromium/src&ref=refs/heads/main&revision=1f11d1c8d854bb2b2eba9ef94b22eaf836eb979b&path=//&platform=linux&test_suite_type=unit&modifier_id=0
2022-02-09 21:32:10,2022-02-09,d52e489,2237073,3853967,58.04598223077676,707465,1491256,47.44088204842093,https://analysis.chromium.org/coverage/p/chromium/dir?host=chromium.googlesource.com&project=chromium/src&ref=refs/heads/main&revision=d52e48934d92438dd830008a34f4095d6f7603dd&path=//&platform=linux&test_suite_type=unit&modifier_id=0
2022-02-10 09:27:42,2022-02-10,612e285,2237435,3854197,58.051910683340786,707368,1491320,47.43234181798675,https://analysis.chromium.org/coverage/p/chromium/dir?host=chromium.googlesource.com&project=chromium/src&ref=refs/heads/main&revision=612e2855d1de1d4dfe8cb3cacdd9c508778f8298&path=//&platform=linux&test_suite_type=unit&modifier_id=0
2022-02-11 21:32:55,2022-02-11,d14aaf6,2239179,3856137,58.0679317150817,708085,1492022,47.45808037683091,https://analysis.chromium.org/coverage/p/chromium/dir?host=chromium.googlesource.com&project=chromium/src&ref=refs/heads/main&revision=d14aaf614d6dd3290ff0b6ff4bd31ce5fde88fb2&path=//&platform=linux&test_suite_type=unit&modifier_id=0
2022-02-12 21:00:12,2022-02-12,b05d322,2238497,3856201,58.049282182126916,707857,1492018,47.44292629177396,https://analysis.chromium.org/coverage/p/chromium/dir?host=chromium.googlesource.com&project=chromium/src&ref=refs/heads/main&revision=b05d322ababe93e302f4d7b6faa4507202edd16e&path=//&platform=linux&test_suite_type=unit&modifier_id=0
2022-02-12 08:02:04,2022-02-12,2fff5a9,2238492,3856150,58.0499202572514,707664,1492022,47.42986363471852,https://analysis.chromium.org/coverage/p/chromium/dir?host=chromium.googlesource.com&project=chromium/src&ref=refs/heads/main&revision=2fff5a99fd071b00c30a2b0afe2aa291dd01a886&path=//&platform=linux&test_suite_type=unit&modifier_id=0
2022-02-13 21:18:26,2022-02-13,ed10fd7,2238482,3856363,58.046454651701616,707782,1492090,47.4356104524526,https://analysis.chromium.org/coverage/p/chromium/dir?host=chromium.googlesource.com&project=chromium/src&ref=refs/heads/main&revision=ed10fd716ab25818e94deba2e8c66ea6ebc2a686&path=//&platform=linux&test_suite_type=unit&modifier_id=0
2022-02-14 21:26:27,2022-02-14,3270d4b,2239424,3858515,58.03849408386387,707725,1492516,47.418252132640454,https://analysis.chromium.org/coverage/p/chromium/dir?host=chromium.googlesource.com&project=chromium/src&ref=refs/heads/main&revision=3270d4bb47abb6ab83249ee9e17be12b6aa6bec0&path=//&platform=linux&test_suite_type=unit&modifier_id=0
2022-02-15 21:29:23,2022-02-15,51cac46,2241487,3861446,58.04786600667211,708670,1494470,47.41948650692218,https://analysis.chromium.org/coverage/p/chromium/dir?host=chromium.googlesource.com&project=chromium/src&ref=refs/heads/main&revision=51cac465c7b9f99f2f4781c799314a6538937b0f&path=//&platform=linux&test_suite_type=unit&modifier_id=0
2022-02-15 09:33:45,2022-02-15,d02f975,2240992,3859769,58.06026215558496,708000,1492854,47.4259371646524,https://analysis.chromium.org/coverage/p/chromium/dir?host=chromium.googlesource.com&project=chromium/src&ref=refs/heads/main&revision=d02f975002dc84d8c69124e9f18943e35be3b54e&path=//&platform=linux&test_suite_type=unit&modifier_id=0
2022-02-16 21:18:52,2022-02-16,7f9d349,2244042,3863847,58.07792078723614,709763,1494842,47.480803991324834,https://analysis.chromium.org/coverage/p/chromium/dir?host=chromium.googlesource.com&project=chromium/src&ref=refs/heads/main&revision=7f9d34944cbb15cd704552e2a0ec255770890928&path=//&platform=linux&test_suite_type=unit&modifier_id=0
2022-02-17 09:34:00,2022-02-17,dfcb2a7,2244233,3864163,58.078114199633916,710057,1494916,47.4981202957223,https://analysis.chromium.org/coverage/p/chromium/dir?host=chromium.googlesource.com&project=chromium/src&ref=refs/heads/main&revision=dfcb2a7c899d6237e6da3163a9724ae93aa142bf&path=//&platform=linux&test_suite_type=unit&modifier_id=0
2022-02-17 20:02:16,2022-02-17,d7b1bdc,2245824,3865738,58.095608134850316,710408,1495534,47.50196250971225,https://analysis.chromium.org/coverage/p/chromium/dir?host=chromium.googlesource.com&project=chromium/src&ref=refs/heads/main&revision=d7b1bdc732f103aeb0c8a5b76e9256139dc74d10&path=//&platform=linux&test_suite_type=unit&modifier_id=0
2022-02-18 09:32:48,2022-02-18,c733208,2245551,3866372,58.079020849519914,710366,1495852,47.489056403975795,https://analysis.chromium.org/coverage/p/chromium/dir?host=chromium.googlesource.com&project=chromium/src&ref=refs/heads/main&revision=c733208bcc179aaff5b3cf0182a285a2d45d7f9c&path=//&platform=linux&test_suite_type=unit&modifier_id=0
2022-02-18 21:13:22,2022-02-18,d587dd8,2246896,3867534,58.09634769855934,710796,1496274,47.50440093191488,https://analysis.chromium.org/coverage/p/chromium/dir?host=chromium.googlesource.com&project=chromium/src&ref=refs/heads/main&revision=d587dd8cdb12e015291a011cefde9ba3769e14e3&path=//&platform=linux&test_suite_type=unit&modifier_id=0
2022-02-19 09:14:42,2022-02-19,e066934,2247256,3867671,58.10359774655083,710738,1496366,47.49760419576494,https://analysis.chromium.org/coverage/p/chromium/dir?host=chromium.googlesource.com&project=chromium/src&ref=refs/heads/main&revision=e066934eef241adeb35bbd6df7fc349f8ec7dd3c&path=//&platform=linux&test_suite_type=unit&modifier_id=0
2022-02-19 21:32:41,2022-02-19,3cb47e3,2246676,3867671,58.0886016416598,710638,1496366,47.49092133876338,https://analysis.chromium.org/coverage/p/chromium/dir?host=chromium.googlesource.com&project=chromium/src&ref=refs/heads/main&revision=3cb47e309134fee88dd2fbbb546b011e6605023d&path=//&platform=linux&test_suite_type=unit&modifier_id=0
2022-02-20 09:27:00,2022-02-20,0583524,2247168,3867674,58.101277408592345,710864,1496368,47.505961100477954,https://analysis.chromium.org/coverage/p/chromium/dir?host=chromium.googlesource.com&project=chromium/src&ref=refs/heads/main&revision=0583524d84d82033c8d05f8d69d067863835619d&path=//&platform=linux&test_suite_type=unit&modifier_id=0
2022-02-20 21:31:56,2022-02-20,14ea747,2246599,3867690,58.08632542939067,710914,1496668,47.4997795102187,https://analysis.chromium.org/coverage/p/chromium/dir?host=chromium.googlesource.com&project=chromium/src&ref=refs/heads/main&revision=14ea7470d6937e516f7e04a4bd4f90ef795de001&path=//&platform=linux&test_suite_type=unit&modifier_id=0
2022-02-21 09:31:06,2022-02-21,5e394a0,2247170,3867814,58.099226074469975,711230,1496752,47.51822613231851,https://analysis.chromium.org/coverage/p/chromium/dir?host=chromium.googlesource.com&project=chromium/src&ref=refs/heads/main&revision=5e394a0e7a77935a5866146c967f185ec4ca8ec1&path=//&platform=linux&test_suite_type=unit&modifier_id=0
2022-02-21 21:32:20,2022-02-21,9d3ad91,2247163,3867778,58.099585860408745,711087,1496684,47.510830609534146,https://analysis.chromium.org/coverage/p/chromium/dir?host=chromium.googlesource.com&project=chromium/src&ref=refs/heads/main&revision=9d3ad916e688bcf82e203839421c215bf5efe7b2&path=//&platform=linux&test_suite_type=unit&modifier_id=0
2022-02-22 09:35:09,2022-02-22,95afef5,2247378,3867989,58.10197495391016,711199,1496722,47.51710738533943,https://analysis.chromium.org/coverage/p/chromium/dir?host=chromium.googlesource.com&project=chromium/src&ref=refs/heads/main&revision=95afef59af5b086879dcd5be99f96754e79d5497&path=//&platform=linux&test_suite_type=unit&modifier_id=0
2022-02-22 21:34:17,2022-02-22,ed09d0f,2246106,3868638,58.059348018605,710999,1496912,47.49771529655718,https://analysis.chromium.org/coverage/p/chromium/dir?host=chromium.googlesource.com&project=chromium/src&ref=refs/heads/main&revision=ed09d0fcf4ed1e11c8fc98f3d9a6be3921caf044&path=//&platform=linux&test_suite_type=unit&modifier_id=0
2022-02-23 21:30:59,2022-02-23,c310b36,2248398,3869794,58.1012322619757,711417,1497190,47.51681483312071,https://analysis.chromium.org/coverage/p/chromium/dir?host=chromium.googlesource.com&project=chromium/src&ref=refs/heads/main&revision=c310b36362cd9fbf2a4a13a1b584c9575c7eca7b&path=//&platform=linux&test_suite_type=unit&modifier_id=0
2022-02-23 09:33:58,2022-02-23,f54ef85,2248335,3868983,58.111782863868875,711483,1496984,47.52776248777542,https://analysis.chromium.org/coverage/p/chromium/dir?host=chromium.googlesource.com&project=chromium/src&ref=refs/heads/main&revision=f54ef853ae762b7757d942caa5eb2417bdc56253&path=//&platform=linux&test_suite_type=unit&modifier_id=0
2022-02-24 09:33:06,2022-02-24,3c80271,2249617,3873543,58.07646901041243,711815,1498640,47.49739764052741,https://analysis.chromium.org/coverage/p/chromium/dir?host=chromium.googlesource.com&project=chromium/src&ref=refs/heads/main&revision=3c80271ae4dfc841500405e87e480b0cb170d1e1&path=//&platform=linux&test_suite_type=unit&modifier_id=0
2022-02-24 21:33:51,2022-02-24,33fdc62,2249174,3874491,58.05082525678857,711687,1499042,47.47612141621115,https://analysis.chromium.org/coverage/p/chromium/dir?host=chromium.googlesource.com&project=chromium/src&ref=refs/heads/main&revision=33fdc626473a97b0b01031c5a978cb0078cacfca&path=//&platform=linux&test_suite_type=unit&modifier_id=0
2022-02-25 21:31:42,2022-02-25,695aee0,2249980,3875867,58.05101155431804,711946,1499376,47.48281951958681,https://analysis.chromium.org/coverage/p/chromium/dir?host=chromium.googlesource.com&project=chromium/src&ref=refs/heads/main&revision=695aee08d5d41125f809faf0171c53221a3a1294&path=//&platform=linux&test_suite_type=unit&modifier_id=0
2022-02-26 09:09:55,2022-02-26,188db39,2250019,3875901,58.0515085395628,711733,1499416,47.46734728721049,https://analysis.chromium.org/coverage/p/chromium/dir?host=chromium.googlesource.com&project=chromium/src&ref=refs/heads/main&revision=188db39c0f9e8f89d95e6e6b5e592263ae29bede&path=//&platform=linux&test_suite_type=unit&modifier_id=0
2022-02-26 21:23:04,2022-02-26,2ef600a,2250478,3876087,58.060564688047506,711926,1499472,47.478445746236005,https://analysis.chromium.org/coverage/p/chromium/dir?host=chromium.googlesource.com&project=chromium/src&ref=refs/heads/main&revision=2ef600a86858947d972923d7e73964856db6c9ab&path=//&platform=linux&test_suite_type=unit&modifier_id=0
2022-02-27 09:14:10,2022-02-27,bce0672,2249977,3876087,58.04763928157443,711908,1499472,47.47724532368727,https://analysis.chromium.org/coverage/p/chromium/dir?host=chromium.googlesource.com&project=chromium/src&ref=refs/heads/main&revision=bce0672d0c07f318821a17811e3fd6c4faa93cc8&path=//&platform=linux&test_suite_type=unit&modifier_id=0
2022-03-01 09:31:44,2022-03-01,5a55bc2,2251181,3877055,58.064200791580205,712416,1499808,47.50048006144787,https://analysis.chromium.org/coverage/p/chromium/dir?host=chromium.googlesource.com&project=chromium/src&ref=refs/heads/main&revision=5a55bc2dd28b5d4dd951ec05377b55d21c64cdee&path=//&platform=linux&test_suite_type=unit&modifier_id=0
2022-03-02 21:32:39,2022-03-02,aeeb3bb,2251251,3876098,58.08034265387511,712518,1499668,47.511715926458386,https://analysis.chromium.org/coverage/p/chromium/dir?host=chromium.googlesource.com&project=chromium/src&ref=refs/heads/main&revision=aeeb3bb576c2cb0ca2b77ac59f0d5d1018f3b60d&path=//&platform=linux&test_suite_type=unit&modifier_id=0
2022-03-03 09:36:44,2022-03-03,c445776,2250911,3876188,58.0702226001422,712378,1499628,47.50364757126434,https://analysis.chromium.org/coverage/p/chromium/dir?host=chromium.googlesource.com&project=chromium/src&ref=refs/heads/main&revision=c445776dec52497fba6fc403e77f66c142537208&path=//&platform=linux&test_suite_type=unit&modifier_id=0
2022-03-03 21:34:39,2022-03-03,527be93,2252240,3876665,58.09735945716228,712718,1499730,47.52308748908137,https://analysis.chromium.org/coverage/p/chromium/dir?host=chromium.googlesource.com&project=chromium/src&ref=refs/heads/main&revision=527be9398ecdc72ab98940ad19e894fa914370cb&path=//&platform=linux&test_suite_type=unit&modifier_id=0
2022-03-04 09:37:20,2022-03-04,1d22624,2251831,3877555,58.073476714063375,712519,1500134,47.49702359922514,https://analysis.chromium.org/coverage/p/chromium/dir?host=chromium.googlesource.com&project=chromium/src&ref=refs/heads/main&revision=1d22624f7576dbfd58f3fbeaa40a27877bc72522&path=//&platform=linux&test_suite_type=unit&modifier_id=0
2022-03-04 21:36:38,2022-03-04,7b1e9f4,2252960,3878545,58.08776229230291,712985,1500604,47.51320135092269,https://analysis.chromium.org/coverage/p/chromium/dir?host=chromium.googlesource.com&project=chromium/src&ref=refs/heads/main&revision=7b1e9f457b2208f830db617d42bf8d3b2e96b670&path=//&platform=linux&test_suite_type=unit&modifier_id=0
2022-03-05 21:24:49,2022-03-05,bf75916,2253689,3878492,58.10735203269724,713262,1500608,47.531533884931974,https://analysis.chromium.org/coverage/p/chromium/dir?host=chromium.googlesource.com&project=chromium/src&ref=refs/heads/main&revision=bf75916c5a4aaf3483c54b80ec7b896d357a36bb&path=//&platform=linux&test_suite_type=unit&modifier_id=0
2022-03-05 09:04:50,2022-03-05,dea83b7,2252687,3878490,58.08154720007013,713095,1500606,47.5204683974341,https://analysis.chromium.org/coverage/p/chromium/dir?host=chromium.googlesource.com&project=chromium/src&ref=refs/heads/main&revision=dea83b7947bcb0f5d1450091fc5d549d167beb4e&path=//&platform=linux&test_suite_type=unit&modifier_id=0
2022-03-06 09:22:21,2022-03-06,25cbde6,2252992,3878492,58.089381130604366,712975,1500608,47.51240830383418,https://analysis.chromium.org/coverage/p/chromium/dir?host=chromium.googlesource.com&project=chromium/src&ref=refs/heads/main&revision=25cbde67b708329cef05e3f5dd099fefe2baf49a&path=//&platform=linux&test_suite_type=unit&modifier_id=0
2022-03-06 21:37:52,2022-03-06,aaaf9b0,2253492,3878744,58.09849786425709,713181,1500728,47.52233582634561,https://analysis.chromium.org/coverage/p/chromium/dir?host=chromium.googlesource.com&project=chromium/src&ref=refs/heads/main&revision=aaaf9b0ad22de148a9da462dc2c4535ca489cc9d&path=//&platform=linux&test_suite_type=unit&modifier_id=0
2022-03-07 09:34:01,2022-03-07,b97843e,2251864,3879275,58.048578664827836,712449,1500944,47.46672760609323,https://analysis.chromium.org/coverage/p/chromium/dir?host=chromium.googlesource.com&project=chromium/src&ref=refs/heads/main&revision=b97843e911ce8c2238f0b4145cf96a51ad81003b&path=//&platform=linux&test_suite_type=unit&modifier_id=0
2022-03-07 21:28:34,2022-03-07,e8c3ab8,2253800,3879965,58.08815285704897,713249,1501254,47.51021479376575,https://analysis.chromium.org/coverage/p/chromium/dir?host=chromium.googlesource.com&project=chromium/src&ref=refs/heads/main&revision=e8c3ab8d93b71e124b139c080e1642dd1873f133&path=//&platform=linux&test_suite_type=unit&modifier_id=0
2022-03-08 09:33:32,2022-03-08,9c853d6,2253974,3880234,58.08861011990514,713259,1501334,47.50834924140798,https://analysis.chromium.org/coverage/p/chromium/dir?host=chromium.googlesource.com&project=chromium/src&ref=refs/heads/main&revision=9c853d64aa8ff034e68421cb70fa0676a893b4b0&path=//&platform=linux&test_suite_type=unit&modifier_id=0
2022-03-09 09:37:47,2022-03-09,801130e,2254668,3881231,58.091569401563575,713682,1501484,47.531775230372084,https://analysis.chromium.org/coverage/p/chromium/dir?host=chromium.googlesource.com&project=chromium/src&ref=refs/heads/main&revision=801130e9bfe3f3bcc1663e76123078da6ab3a9e9&path=//&platform=linux&test_suite_type=unit&modifier_id=0
2022-03-09 21:32:04,2022-03-09,124050d,2256324,3881151,58.13543456567395,714020,1500204,47.59486043231454,https://analysis.chromium.org/coverage/p/chromium/dir?host=chromium.googlesource.com&project=chromium/src&ref=refs/heads/main&revision=124050d7a00ad5fc6184ce1f5c5b5042289874c8&path=//&platform=linux&test_suite_type=unit&modifier_id=0
2022-03-10 09:38:56,2022-03-10,13e8e59,2256107,3881957,58.11777410208305,713748,1500298,47.57374868192852,https://analysis.chromium.org/coverage/p/chromium/dir?host=chromium.googlesource.com&project=chromium/src&ref=refs/heads/main&revision=13e8e59c0d6d3e8abf28eaa9ea58117ce0c1bff3&path=//&platform=linux&test_suite_type=unit&modifier_id=0
2022-03-10 21:37:06,2022-03-10,1ba5e9f,2254932,3884571,58.04841770172305,713664,1500910,47.54875375605466,https://analysis.chromium.org/coverage/p/chromium/dir?host=chromium.googlesource.com&project=chromium/src&ref=refs/heads/main&revision=1ba5e9f71c660f46c83689a89b425a7fcda65880&path=//&platform=linux&test_suite_type=unit&modifier_id=0
2022-03-12 09:36:10,2022-03-12,4fc16e5,2256444,3885185,58.07816101421168,713862,1501128,47.55503861096455,https://analysis.chromium.org/coverage/p/chromium/dir?host=chromium.googlesource.com&project=chromium/src&ref=refs/heads/main&revision=4fc16e5074a21034b62a0835f0b9d1067df71017&path=//&platform=linux&test_suite_type=unit&modifier_id=0
2022-03-12 21:06:50,2022-03-12,857bf89,2256422,3885224,58.0770117758976,713950,1501138,47.56058403691066,https://analysis.chromium.org/coverage/p/chromium/dir?host=chromium.googlesource.com&project=chromium/src&ref=refs/heads/main&revision=857bf89aa8cee6b7ca377219eb1b5d5f7022e755&path=//&platform=linux&test_suite_type=unit&modifier_id=0
2022-03-13 09:32:52,2022-03-13,4eab021,2257366,3885243,58.101024826503775,714141,1501142,47.57318095156887,https://analysis.chromium.org/coverage/p/chromium/dir?host=chromium.googlesource.com&project=chromium/src&ref=refs/heads/main&revision=4eab021f78224697d33874ae33f7bb30f7b3d605&path=//&platform=linux&test_suite_type=unit&modifier_id=0
2022-03-14 09:39:03,2022-03-14,3ccf574,2258272,3885948,58.11379874357557,714585,1501396,47.59470519436578,https://analysis.chromium.org/coverage/p/chromium/dir?host=chromium.googlesource.com&project=chromium/src&ref=refs/heads/main&revision=3ccf5749316b2bf4dc8105c176233ce5f1620cfd&path=//&platform=linux&test_suite_type=unit&modifier_id=0
2022-03-20 21:21:59,2022-03-20,632df7b,2265184,3895047,58.15549850874714,716716,1504820,47.62802195611435,https://analysis.chromium.org/coverage/p/chromium/dir?host=chromium.googlesource.com&project=chromium/src&ref=refs/heads/main&revision=632df7b9bb2ebe888bfd2c8260c0bee04bb006c2&path=//&platform=linux&test_suite_type=unit&modifier_id=0
2022-03-22 21:40:12,2022-03-22,860d35b,2267141,3897140,58.17448179947346,717415,1505776,47.64420471570805,https://analysis.chromium.org/coverage/p/chromium/dir?host=chromium.googlesource.com&project=chromium/src&ref=refs/heads/main&revision=860d35b9034b71187a24e7519b1ca7a2814fa00d&path=//&platform=linux&test_suite_type=unit&modifier_id=0
2022-03-23 09:34:59,2022-03-23,4fde1a9,2266529,3897843,58.148288681714476,717230,1505864,47.629135167584856,https://analysis.chromium.org/coverage/p/chromium/dir?host=chromium.googlesource.com&project=chromium/src&ref=refs/heads/main&revision=4fde1a9894328a55d9e39dbcb194426ce9eb7d9c&path=//&platform=linux&test_suite_type=unit&modifier_id=0
2022-03-25 21:21:28,2022-03-25,6d0e303,2270467,3902182,58.184549054862124,718119,1506936,47.654246762968036,https://analysis.chromium.org/coverage/p/chromium/dir?host=chromium.googlesource.com&project=chromium/src&ref=refs/heads/main&revision=6d0e303add93478c210ea1ed63f36194fd4dd64a&path=//&platform=linux&test_suite_type=unit&modifier_id=0
2022-03-29 21:42:35,2022-03-29,10196ee,2264822,3904878,57.99981459087839,716747,1507986,47.530083170533416,https://analysis.chromium.org/coverage/p/chromium/dir?host=chromium.googlesource.com&project=chromium/src&ref=refs/heads/main&revision=10196ee160fb1efa606b4f381ff2d4bbea824350&path=//&platform=linux&test_suite_type=unit&modifier_id=0
2022-03-30 09:39:28,2022-03-30,974a207,2264083,3905749,57.96795953861859,716753,1508450,47.5158606516623,https://analysis.chromium.org/coverage/p/chromium/dir?host=chromium.googlesource.com&project=chromium/src&ref=refs/heads/main&revision=974a207bcf8b4e3113242816ee35fc8bbbd71b23&path=//&platform=linux&test_suite_type=unit&modifier_id=0
2022-03-30 21:22:36,2022-03-30,45b5705,2266243,3906834,58.00714849927076,717465,1508780,47.55265843926881,https://analysis.chromium.org/coverage/p/chromium/dir?host=chromium.googlesource.com&project=chromium/src&ref=refs/heads/main&revision=45b5705a0e097d3217e1eb402b90d1cf412f32ba&path=//&platform=linux&test_suite_type=unit&modifier_id=0
2022-04-01 21:36:15,2022-04-01,cf4af5c,2267319,3909416,57.996360581733946,717302,1509636,47.5148976309521,https://analysis.chromium.org/coverage/p/chromium/dir?host=chromium.googlesource.com&project=chromium/src&ref=refs/heads/main&revision=cf4af5c6ccc2a3556109ffc547fda7febca1bb9e&path=//&platform=linux&test_suite_type=unit&modifier_id=0
2022-04-02 07:02:04,2022-04-02,7bcf5f9,2267333,3909416,57.99671869148742,717544,1509636,47.53092798528917,https://analysis.chromium.org/coverage/p/chromium/dir?host=chromium.googlesource.com&project=chromium/src&ref=refs/heads/main&revision=7bcf5f930c9e6795b8d6539129b01fa5f43c928c&path=//&platform=linux&test_suite_type=unit&modifier_id=0
2022-04-02 19:42:35,2022-04-02,2dffc18,2266687,3909407,57.9803279627831,717140,1509638,47.504103632791434,https://analysis.chromium.org/coverage/p/chromium/dir?host=chromium.googlesource.com&project=chromium/src&ref=refs/heads/main&revision=2dffc188dd7ce8057e5795551ac559f15018ce44&path=//&platform=linux&test_suite_type=unit&modifier_id=0
2022-04-03 07:02:24,2022-04-03,dcf4414,2266594,3909407,57.97794908537279,717387,1509638,47.52046517112049,https://analysis.chromium.org/coverage/p/chromium/dir?host=chromium.googlesource.com&project=chromium/src&ref=refs/heads/main&revision=dcf441402d745f5c00fdd038a14e33040c095247&path=//&platform=linux&test_suite_type=unit&modifier_id=0
2022-04-04 09:43:31,2022-04-04,e07aff4,2266084,3909449,57.96428089994268,717078,1509578,47.50188463265893,https://analysis.chromium.org/coverage/p/chromium/dir?host=chromium.googlesource.com&project=chromium/src&ref=refs/heads/main&revision=e07aff469001a4a899abda1bf9ff92913585a526&path=//&platform=linux&test_suite_type=unit&modifier_id=0
2022-04-04 21:32:44,2022-04-04,30e62a2,2266101,3909541,57.96335170803938,717090,1509584,47.50249075241921,https://analysis.chromium.org/coverage/p/chromium/dir?host=chromium.googlesource.com&project=chromium/src&ref=refs/heads/main&revision=30e62a28cb5981ac91f13381c76e15bffa4c0876&path=//&platform=linux&test_suite_type=unit&modifier_id=0
2022-04-05 21:34:05,2022-04-05,3ff7ec8,2265783,3910838,57.93599734890579,716978,1509794,47.48846531381103,https://analysis.chromium.org/coverage/p/chromium/dir?host=chromium.googlesource.com&project=chromium/src&ref=refs/heads/main&revision=3ff7ec851b942fc83c793724e6c794f7febf8d91&path=//&platform=linux&test_suite_type=unit&modifier_id=0
2022-04-06 09:44:31,2022-04-06,7895e8f,2268606,3912728,57.980161156103875,717659,1510508,47.51110222521165,https://analysis.chromium.org/coverage/p/chromium/dir?host=chromium.googlesource.com&project=chromium/src&ref=refs/heads/main&revision=7895e8f415a8f3d4f8e80ebb02e1fdfd57d0aea4&path=//&platform=linux&test_suite_type=unit&modifier_id=0
2022-04-06 21:31:48,2022-04-06,f885309,2269307,3913240,57.99048869990085,717840,1510404,47.52635718655406,https://analysis.chromium.org/coverage/p/chromium/dir?host=chromium.googlesource.com&project=chromium/src&ref=refs/heads/main&revision=f8853099a55187fb4a0ca8102dbc71c089ba541b&path=//&platform=linux&test_suite_type=unit&modifier_id=0
2022-04-07 21:40:23,2022-04-07,feb77d2,2269497,3914194,57.981208902777944,718017,1510572,47.53278890380597,https://analysis.chromium.org/coverage/p/chromium/dir?host=chromium.googlesource.com&project=chromium/src&ref=refs/heads/main&revision=feb77d2bcc521c480637af9478c984be95692522&path=//&platform=linux&test_suite_type=unit&modifier_id=0
2022-04-07 09:43:46,2022-04-07,a320a74,2269834,3913519,57.999820621798435,718014,1510458,47.53617776859734,https://analysis.chromium.org/coverage/p/chromium/dir?host=chromium.googlesource.com&project=chromium/src&ref=refs/heads/main&revision=a320a74f9fa1a3d5704018055dabf9572ae765f0&path=//&platform=linux&test_suite_type=unit&modifier_id=0
2022-04-08 21:39:18,2022-04-08,b0d609e,2270794,3931037,57.765775290336876,718363,1516638,47.365488666379186,https://analysis.chromium.org/coverage/p/chromium/dir?host=chromium.googlesource.com&project=chromium/src&ref=refs/heads/main&revision=b0d609ece5f1755aba5d09f10c0a1c8dafef2193&path=//&platform=linux&test_suite_type=unit&modifier_id=0
2022-04-09 21:36:58,2022-04-09,25ed0d5,2271178,3930769,57.77948284419664,718508,1516636,47.37511176050153,https://analysis.chromium.org/coverage/p/chromium/dir?host=chromium.googlesource.com&project=chromium/src&ref=refs/heads/main&revision=25ed0d5a60ffda277a8e483fdc18bcc34648e294&path=//&platform=linux&test_suite_type=unit&modifier_id=0
2022-04-09 09:10:30,2022-04-09,511a6ea,2271642,3930772,57.79124304335128,718652,1516636,47.38460645797673,https://analysis.chromium.org/coverage/p/chromium/dir?host=chromium.googlesource.com&project=chromium/src&ref=refs/heads/main&revision=511a6ea016c432bb05ec1b28c4e565bf225c8c68&path=//&platform=linux&test_suite_type=unit&modifier_id=0
2022-04-10 21:43:22,2022-04-10,d6f1ffc,2271291,3930866,57.78093173361798,718564,1516638,47.37874166412816,https://analysis.chromium.org/coverage/p/chromium/dir?host=chromium.googlesource.com&project=chromium/src&ref=refs/heads/main&revision=d6f1ffcade878df3e387578726e55e961b6deaa0&path=//&platform=linux&test_suite_type=unit&modifier_id=0
2022-04-11 21:42:26,2022-04-11,554a2c3,2270946,3931922,57.75663911949423,717844,1516590,47.332766271701644,https://analysis.chromium.org/coverage/p/chromium/dir?host=chromium.googlesource.com&project=chromium/src&ref=refs/heads/main&revision=554a2c382d0bba2984da14beb4c2fc3b7659823e&path=//&platform=linux&test_suite_type=unit&modifier_id=0
2022-04-12 21:41:22,2022-04-12,c022f09,2271159,3933276,57.742172174035076,718119,1517098,47.335043616167184,https://analysis.chromium.org/coverage/p/chromium/dir?host=chromium.googlesource.com&project=chromium/src&ref=refs/heads/main&revision=c022f09aac32951ea9ca47fe826372fdf7d2def8&path=//&platform=linux&test_suite_type=unit&modifier_id=0
2022-04-13 09:45:48,2022-04-13,1129fcc,2272579,3934202,57.764675021770614,718664,1517524,47.35766946684204,https://analysis.chromium.org/coverage/p/chromium/dir?host=chromium.googlesource.com&project=chromium/src&ref=refs/heads/main&revision=1129fcceb657a0e7b8e16148634fd41487390aff&path=//&platform=linux&test_suite_type=unit&modifier_id=0
2022-04-14 21:32:40,2022-04-14,fae01d9,2274325,3936273,57.77863984535625,719292,1518344,47.37345423698451,https://analysis.chromium.org/coverage/p/chromium/dir?host=chromium.googlesource.com&project=chromium/src&ref=refs/heads/main&revision=fae01d9446a5524ced29914cd8793acc7f75c792&path=//&platform=linux&test_suite_type=unit&modifier_id=0
2022-04-16 09:01:39,2022-04-16,8a0cc67,2275278,3937609,57.7832385084451,719669,1519062,47.375880642133104,https://analysis.chromium.org/coverage/p/chromium/dir?host=chromium.googlesource.com&project=chromium/src&ref=refs/heads/main&revision=8a0cc67e4a32b49da69b4ed8b0f6620b736cec0c&path=//&platform=linux&test_suite_type=unit&modifier_id=0
2022-04-16 19:02:18,2022-04-16,eda6a5e,2274736,3937609,57.76947381012183,719530,1519062,47.366730258541125,https://analysis.chromium.org/coverage/p/chromium/dir?host=chromium.googlesource.com&project=chromium/src&ref=refs/heads/main&revision=eda6a5e7d5cf9431d26355e8a2d8739d1e68f639&path=//&platform=linux&test_suite_type=unit&modifier_id=0
2022-04-17 07:02:22,2022-04-17,c0bf882,2274806,3937609,57.771251538687565,719438,1519062,47.360673889545,https://analysis.chromium.org/coverage/p/chromium/dir?host=chromium.googlesource.com&project=chromium/src&ref=refs/heads/main&revision=c0bf882cdff83dac5ca02c764a2956aaf7a63b46&path=//&platform=linux&test_suite_type=unit&modifier_id=0
2022-04-17 21:33:28,2022-04-17,2798d9a,2274090,3937668,57.75220257269023,719209,1519066,47.3454741268648,https://analysis.chromium.org/coverage/p/chromium/dir?host=chromium.googlesource.com&project=chromium/src&ref=refs/heads/main&revision=2798d9a2b4b39de5ad32cb0323bd20532280ac2c&path=//&platform=linux&test_suite_type=unit&modifier_id=0
2022-04-18 21:46:58,2022-04-18,b7d3508,2274480,3938445,57.75071125786954,719672,1519424,47.36479086811845,https://analysis.chromium.org/coverage/p/chromium/dir?host=chromium.googlesource.com&project=chromium/src&ref=refs/heads/main&revision=b7d3508da72a0196e20ac7ef01c8e0629ef541c9&path=//&platform=linux&test_suite_type=unit&modifier_id=0
2022-04-19 09:46:38,2022-04-19,6b527bc,2276043,3938474,57.78997144579347,720132,1519490,47.39300686414521,https://analysis.chromium.org/coverage/p/chromium/dir?host=chromium.googlesource.com&project=chromium/src&ref=refs/heads/main&revision=6b527bcabc3f1faf5dd5e24024cb015d15eb3d2b&path=//&platform=linux&test_suite_type=unit&modifier_id=0
2022-04-19 21:42:00,2022-04-19,582ee22,2275397,3938935,57.7668075253844,719997,1519690,47.37788627943857,https://analysis.chromium.org/coverage/p/chromium/dir?host=chromium.googlesource.com&project=chromium/src&ref=refs/heads/main&revision=582ee222be83c394944c6727bfce560f11e6f3fc&path=//&platform=linux&test_suite_type=unit&modifier_id=0
2022-04-20 21:36:31,2022-04-20,9fb4e43,2277040,3940775,57.78152774517703,720608,1520414,47.39551201185993,https://analysis.chromium.org/coverage/p/chromium/dir?host=chromium.googlesource.com&project=chromium/src&ref=refs/heads/main&revision=9fb4e433adc1e6409f7b35bc868e38db46ffd7dd&path=//&platform=linux&test_suite_type=unit&modifier_id=0
2022-04-21 21:47:00,2022-04-21,4516487,2278813,3943028,57.79347750003297,720979,1521210,47.39509995332663,https://analysis.chromium.org/coverage/p/chromium/dir?host=chromium.googlesource.com&project=chromium/src&ref=refs/heads/main&revision=4516487695f7fa002fb4ca06000dab2410713fa6&path=//&platform=linux&test_suite_type=unit&modifier_id=0
2022-04-21 09:47:14,2022-04-21,b3c33d6,2279158,3942084,57.816068861038985,721169,1520960,47.41538239006943,https://analysis.chromium.org/coverage/p/chromium/dir?host=chromium.googlesource.com&project=chromium/src&ref=refs/heads/main&revision=b3c33d6da8064774a679f143543f47dc57572593&path=//&platform=linux&test_suite_type=unit&modifier_id=0
2022-04-22 09:41:44,2022-04-22,0705de0,2280293,3943589,57.82278528518058,721408,1521388,47.4177527363171,https://analysis.chromium.org/coverage/p/chromium/dir?host=chromium.googlesource.com&project=chromium/src&ref=refs/heads/main&revision=0705de0b719edfb9234115ccb4a33a49a2550415&path=//&platform=linux&test_suite_type=unit&modifier_id=0
2022-04-22 21:38:40,2022-04-22,c0c92e9,2279661,3944800,57.78901338470899,721184,1521760,47.39144148880244,https://analysis.chromium.org/coverage/p/chromium/dir?host=chromium.googlesource.com&project=chromium/src&ref=refs/heads/main&revision=c0c92e9526f921ccb3ced4e1904ebe71ffccb0ce&path=//&platform=linux&test_suite_type=unit&modifier_id=0
2022-04-23 08:54:12,2022-04-23,235c00b,2279477,3944851,57.78360196620861,720927,1521776,47.37405505146618,https://analysis.chromium.org/coverage/p/chromium/dir?host=chromium.googlesource.com&project=chromium/src&ref=refs/heads/main&revision=235c00b8dbf9d3e1bc2d4bca2b15c7c3878e973a&path=//&platform=linux&test_suite_type=unit&modifier_id=0
2022-04-23 19:02:09,2022-04-23,9451107,2279606,3944851,57.78687205169473,720983,1521776,47.3777349623072,https://analysis.chromium.org/coverage/p/chromium/dir?host=chromium.googlesource.com&project=chromium/src&ref=refs/heads/main&revision=9451107f7d8dc3bdf3a672fd45ea999d0e8bf5d9&path=//&platform=linux&test_suite_type=unit&modifier_id=0
2022-04-24 07:02:16,2022-04-24,f1ae7a3,2280033,3944851,57.79769628814878,721021,1521776,47.3802320446636,https://analysis.chromium.org/coverage/p/chromium/dir?host=chromium.googlesource.com&project=chromium/src&ref=refs/heads/main&revision=f1ae7a3e9cc5a6177fb294ad9ffadbb79fd291a3&path=//&platform=linux&test_suite_type=unit&modifier_id=0
2022-04-24 21:48:00,2022-04-24,d45aec9,2279082,3944959,57.772007262939866,720078,1521564,47.32485784363983,https://analysis.chromium.org/coverage/p/chromium/dir?host=chromium.googlesource.com&project=chromium/src&ref=refs/heads/main&revision=d45aec9a5e1e572423f1aa56d1d8843881bcc622&path=//&platform=linux&test_suite_type=unit&modifier_id=0
2022-04-25 21:47:46,2022-04-25,696ebee,2281011,3948685,57.7663449983982,721516,1523154,47.36986542398208,https://analysis.chromium.org/coverage/p/chromium/dir?host=chromium.googlesource.com&project=chromium/src&ref=refs/heads/main&revision=696ebeed0f0475edfc4bd54dfcd8304db774f7cf&path=//&platform=linux&test_suite_type=unit&modifier_id=0
2022-04-26 09:46:49,2022-04-26,5d7f237,2281849,3949583,57.77442833838408,721815,1523538,47.377551462451216,https://analysis.chromium.org/coverage/p/chromium/dir?host=chromium.googlesource.com&project=chromium/src&ref=refs/heads/main&revision=5d7f23740621c2de3177738b77b6fe2f1760b3ae&path=//&platform=linux&test_suite_type=unit&modifier_id=0
2022-04-26 21:47:52,2022-04-26,3ddaaec,2281831,3950045,57.76721531020533,721917,1523620,47.38169622346779,https://analysis.chromium.org/coverage/p/chromium/dir?host=chromium.googlesource.com&project=chromium/src&ref=refs/heads/main&revision=3ddaaecbfdb0b6abbb1029d2d0b35b946dd35663&path=//&platform=linux&test_suite_type=unit&modifier_id=0
2022-04-27 09:48:23,2022-04-27,4ac066b,2280048,3950546,57.71475639063562,721210,1523822,47.329018743659034,https://analysis.chromium.org/coverage/p/chromium/dir?host=chromium.googlesource.com&project=chromium/src&ref=refs/heads/main&revision=4ac066b137e9d9b88f0cf12741b141c7b0749f07&path=//&platform=linux&test_suite_type=unit&modifier_id=0
2022-04-27 21:43:56,2022-04-27,0fabb4b,2280965,3952132,57.71479798751661,721407,1524418,47.32343753484937,https://analysis.chromium.org/coverage/p/chromium/dir?host=chromium.googlesource.com&project=chromium/src&ref=refs/heads/main&revision=0fabb4b221be07d18acc6486ed0925d69d8de685&path=//&platform=linux&test_suite_type=unit&modifier_id=0
2022-04-28 09:49:19,2022-04-28,c0690d3,2282737,3952615,57.75257645887596,722055,1524604,47.36016696794709,https://analysis.chromium.org/coverage/p/chromium/dir?host=chromium.googlesource.com&project=chromium/src&ref=refs/heads/main&revision=c0690d3beb39cfc0a08c68598ebe4d216b02702d&path=//&platform=linux&test_suite_type=unit&modifier_id=0
2022-04-28 21:44:03,2022-04-28,2ed27b7,2282298,3953075,57.734750795266976,721965,1524806,47.34799049846341,https://analysis.chromium.org/coverage/p/chromium/dir?host=chromium.googlesource.com&project=chromium/src&ref=refs/heads/main&revision=2ed27b7d8c16fa263f755fa41f4a48826782bb34&path=//&platform=linux&test_suite_type=unit&modifier_id=0
2022-04-30 09:45:48,2022-04-30,3e2eddb,2283267,3953651,57.75084851950766,722328,1525062,47.36384487974915,https://analysis.chromium.org/coverage/p/chromium/dir?host=chromium.googlesource.com&project=chromium/src&ref=refs/heads/main&revision=3e2eddbc8a0746155d12e88f09ec574a0bc58e42&path=//&platform=linux&test_suite_type=unit&modifier_id=0
2022-05-01 21:49:37,2022-05-01,9e498d8,2283426,3953764,57.75321946378185,722170,1525074,47.35311204571057,https://analysis.chromium.org/coverage/p/chromium/dir?host=chromium.googlesource.com&project=chromium/src&ref=refs/heads/main&revision=9e498d8dda18ce068fe7b642dd22b0aac7930313&path=//&platform=linux&test_suite_type=unit&modifier_id=0
2022-05-02 09:49:38,2022-05-02,503c930,2283308,3958382,57.682861330715426,722297,1526736,47.30988199662548,https://analysis.chromium.org/coverage/p/chromium/dir?host=chromium.googlesource.com&project=chromium/src&ref=refs/heads/main&revision=503c93090872aaf4bde7e690155d736479ef0a6a&path=//&platform=linux&test_suite_type=unit&modifier_id=0
2022-05-02 21:44:38,2022-05-02,c45d5ae,2283346,3959867,57.66218915938338,721594,1527328,47.24551635274152,https://analysis.chromium.org/coverage/p/chromium/dir?host=chromium.googlesource.com&project=chromium/src&ref=refs/heads/main&revision=c45d5ae0e0031be0492c2d0c146606de4672b7df&path=//&platform=linux&test_suite_type=unit&modifier_id=0
2022-05-03 21:50:18,2022-05-03,9cffd84,2284334,3961348,57.66557242635588,722594,1527642,47.30126561066009,https://analysis.chromium.org/coverage/p/chromium/dir?host=chromium.googlesource.com&project=chromium/src&ref=refs/heads/main&revision=9cffd84c597c6b4a6f64a5cda8a5fa8bcd24ca2b&path=//&platform=linux&test_suite_type=unit&modifier_id=0
2022-05-04 09:40:29,2022-05-04,0817295,2282937,3961241,57.631863347875075,721756,1527626,47.246904674311644,https://analysis.chromium.org/coverage/p/chromium/dir?host=chromium.googlesource.com&project=chromium/src&ref=refs/heads/main&revision=08172958259b17e847fb50a67b1c2fbb26c74e20&path=//&platform=linux&test_suite_type=unit&modifier_id=0
2022-05-04 21:50:35,2022-05-04,b3ac18f,2281180,3961388,57.585371591977356,721481,1527492,47.23304606505304,https://analysis.chromium.org/coverage/p/chromium/dir?host=chromium.googlesource.com&project=chromium/src&ref=refs/heads/main&revision=b3ac18f5dfd1c20b28287c722c3d5eadf0e394b2&path=//&platform=linux&test_suite_type=unit&modifier_id=0
2022-05-05 09:49:07,2022-05-05,b31b694,2283930,3960644,57.66562205540311,722196,1527536,47.278492945501775,https://analysis.chromium.org/coverage/p/chromium/dir?host=chromium.googlesource.com&project=chromium/src&ref=refs/heads/main&revision=b31b694ae2ad0196594f6b18b66f5233f57ea88e&path=//&platform=linux&test_suite_type=unit&modifier_id=0
2022-05-06 09:50:42,2022-05-06,338c158,2283353,3961870,57.63321360872517,722036,1527930,47.25582978277801,https://analysis.chromium.org/coverage/p/chromium/dir?host=chromium.googlesource.com&project=chromium/src&ref=refs/heads/main&revision=338c158307a2156d76fb2f00ecad65653c1218bc&path=//&platform=linux&test_suite_type=unit&modifier_id=0
2022-05-07 21:42:25,2022-05-07,ca898b4,2284802,3962659,57.658304688846556,722431,1528120,47.27580294741251,https://analysis.chromium.org/coverage/p/chromium/dir?host=chromium.googlesource.com&project=chromium/src&ref=refs/heads/main&revision=ca898b47d1bc898deb3cda471a3cdb310e30b693&path=//&platform=linux&test_suite_type=unit&modifier_id=0
2022-05-08 09:42:44,2022-05-08,2e924a0,2284375,3962693,57.64703447882538,722258,1528148,47.26361582778632,https://analysis.chromium.org/coverage/p/chromium/dir?host=chromium.googlesource.com&project=chromium/src&ref=refs/heads/main&revision=2e924a036dc1806ab62d2561abf6736e635469bc&path=//&platform=linux&test_suite_type=unit&modifier_id=0
2022-05-08 21:44:05,2022-05-08,7fe3a54,2282556,3962675,57.60139299841647,721752,1528134,47.2309365539933,https://analysis.chromium.org/coverage/p/chromium/dir?host=chromium.googlesource.com&project=chromium/src&ref=refs/heads/main&revision=7fe3a54ec31f485d3d6a1b2bfc226dc9d6914a45&path=//&platform=linux&test_suite_type=unit&modifier_id=0
2022-05-09 09:51:41,2022-05-09,416cb03,2284144,3962587,57.642747023598474,722429,1528176,47.27393965093026,https://analysis.chromium.org/coverage/p/chromium/dir?host=chromium.googlesource.com&project=chromium/src&ref=refs/heads/main&revision=416cb03dc8710c2b90b3152fe638cf3a95b531b0&path=//&platform=linux&test_suite_type=unit&modifier_id=0
2022-05-09 21:51:00,2022-05-09,80c949d,2285404,3963405,57.66264108765064,722779,1528396,47.29003478156184,https://analysis.chromium.org/coverage/p/chromium/dir?host=chromium.googlesource.com&project=chromium/src&ref=refs/heads/main&revision=80c949d34b59e3ab0455fde2c19a8d1802737f9c&path=//&platform=linux&test_suite_type=unit&modifier_id=0
2022-05-10 09:51:26,2022-05-10,900618c,2285641,3964075,57.65887375995661,722806,1528788,47.279675141353806,https://analysis.chromium.org/coverage/p/chromium/dir?host=chromium.googlesource.com&project=chromium/src&ref=refs/heads/main&revision=900618cb3bcdd271b5cf20ef6257a51f4d81582f&path=//&platform=linux&test_suite_type=unit&modifier_id=0
2022-05-10 21:43:51,2022-05-10,be54aaf,2284541,3964100,57.63076108069927,722371,1528886,47.24819247478229,https://analysis.chromium.org/coverage/p/chromium/dir?host=chromium.googlesource.com&project=chromium/src&ref=refs/heads/main&revision=be54aaf4194e87ced6e84e4cd41200321e30936a&path=//&platform=linux&test_suite_type=unit&modifier_id=0
2022-05-11 09:51:23,2022-05-11,6ce85fc,2285804,3964316,57.659480223070005,723109,1528896,47.296153564402026,https://analysis.chromium.org/coverage/p/chromium/dir?host=chromium.googlesource.com&project=chromium/src&ref=refs/heads/main&revision=6ce85fc071f8159b881d6bfc6e1633cbce5c145a&path=//&platform=linux&test_suite_type=unit&modifier_id=0
2022-05-12 21:47:27,2022-05-12,4dc8fcb,2287541,3966636,57.669546688932385,723457,1529796,47.2910767187259,https://analysis.chromium.org/coverage/p/chromium/dir?host=chromium.googlesource.com&project=chromium/src&ref=refs/heads/main&revision=4dc8fcbbbd05b5907f860fac3dac09b4acbde416&path=//&platform=linux&test_suite_type=unit&modifier_id=0
2022-05-13 09:52:35,2022-05-13,cda4166,2289309,3967323,57.70412441840506,723848,1529944,47.312058480571835,https://analysis.chromium.org/coverage/p/chromium/dir?host=chromium.googlesource.com&project=chromium/src&ref=refs/heads/main&revision=cda41664b59145aff7281dd263780165d1860a44&path=//&platform=linux&test_suite_type=unit&modifier_id=0
2022-05-13 21:29:30,2022-05-13,7e770aa,2286605,3967756,57.62967783301191,722921,1530494,47.23448768828888,https://analysis.chromium.org/coverage/p/chromium/dir?host=chromium.googlesource.com&project=chromium/src&ref=refs/heads/main&revision=7e770aac060293926f3d10d12886a68fd99475b4&path=//&platform=linux&test_suite_type=unit&modifier_id=0
2022-05-14 19:02:04,2022-05-14,d4922b9,2287330,3967822,57.64699122087634,723141,1530494,47.24886213209591,https://analysis.chromium.org/coverage/p/chromium/dir?host=chromium.googlesource.com&project=chromium/src&ref=refs/heads/main&revision=d4922b9e58e0bc2ae7e0b73732781b2e28248d1c&path=//&platform=linux&test_suite_type=unit&modifier_id=0
2022-05-15 07:01:47,2022-05-15,c5f6bf8,2287823,3967822,57.659416173406974,723284,1530494,47.258205520570485,https://analysis.chromium.org/coverage/p/chromium/dir?host=chromium.googlesource.com&project=chromium/src&ref=refs/heads/main&revision=c5f6bf8e22bb43947c7195ebd08dd1900b56fb94&path=//&platform=linux&test_suite_type=unit&modifier_id=0
2022-05-15 21:46:06,2022-05-15,b80b13a,2285392,3968053,57.594795230809666,722168,1530600,47.18202012282765,https://analysis.chromium.org/coverage/p/chromium/dir?host=chromium.googlesource.com&project=chromium/src&ref=refs/heads/main&revision=b80b13afc2b6dbaa372d6fa58a7cb209b5ea28ec&path=//&platform=linux&test_suite_type=unit&modifier_id=0
2022-05-16 21:40:54,2022-05-16,c638d1c,2288578,3969302,57.65693817200102,723589,1530972,47.26337255024912,https://analysis.chromium.org/coverage/p/chromium/dir?host=chromium.googlesource.com&project=chromium/src&ref=refs/heads/main&revision=c638d1cff375d3fa18ef3934f22f6b74ff76646c&path=//&platform=linux&test_suite_type=unit&modifier_id=0
2022-05-17 09:52:18,2022-05-17,abb034c,2282947,3969714,57.50910518994567,721700,1531012,47.13875528082079,https://analysis.chromium.org/coverage/p/chromium/dir?host=chromium.googlesource.com&project=chromium/src&ref=refs/heads/main&revision=abb034c83cb38e9371944351976040be85c319c6&path=//&platform=linux&test_suite_type=unit&modifier_id=0
2022-05-17 21:53:47,2022-05-17,015e2e8,2289103,3970377,57.654550185032804,723476,1531462,47.240871794403,https://analysis.chromium.org/coverage/p/chromium/dir?host=chromium.googlesource.com&project=chromium/src&ref=refs/heads/main&revision=015e2e8f24f028d8bb7e69a0ce09517246655d00&path=//&platform=linux&test_suite_type=unit&modifier_id=0
2022-05-18 09:53:16,2022-05-18,d1b2721,2289244,3971129,57.64718295477181,723903,1531704,47.26128547029975,https://analysis.chromium.org/coverage/p/chromium/dir?host=chromium.googlesource.com&project=chromium/src&ref=refs/heads/main&revision=d1b27214da253ce9aeaca3dadfc7c19730be9e17&path=//&platform=linux&test_suite_type=unit&modifier_id=0
2022-05-18 21:43:43,2022-05-18,656a8da,2288457,3971774,57.61800646260336,723440,1531876,47.2257545649909,https://analysis.chromium.org/coverage/p/chromium/dir?host=chromium.googlesource.com&project=chromium/src&ref=refs/heads/main&revision=656a8dac5632397a9a45043cb7857b3da0149097&path=//&platform=linux&test_suite_type=unit&modifier_id=0
2022-05-19 21:50:04,2022-05-19,e9985e7,2289599,3974413,57.60848205760197,723743,1532638,47.22204460544499,https://analysis.chromium.org/coverage/p/chromium/dir?host=chromium.googlesource.com&project=chromium/src&ref=refs/heads/main&revision=e9985e7806a146ba9ae9bc929de4fddacab7dde7&path=//&platform=linux&test_suite_type=unit&modifier_id=0
2022-05-20 21:36:51,2022-05-20,e0af15d,2292612,3976886,57.648421403077684,724657,1533636,47.25091221124178,https://analysis.chromium.org/coverage/p/chromium/dir?host=chromium.googlesource.com&project=chromium/src&ref=refs/heads/main&revision=e0af15dcb9a2811c44b7c9e8d5809bca52276205&path=//&platform=linux&test_suite_type=unit&modifier_id=0
2022-05-21 09:44:02,2022-05-21,7915a64,2292921,3977577,57.64617504576278,724733,1533848,47.24933630972561,https://analysis.chromium.org/coverage/p/chromium/dir?host=chromium.googlesource.com&project=chromium/src&ref=refs/heads/main&revision=7915a64bf089c323593d69ade5099d059d6b099a&path=//&platform=linux&test_suite_type=unit&modifier_id=0
2022-05-22 21:55:10,2022-05-22,bacf578,2293378,3977748,57.6551857985976,724818,1533892,47.25352241226892,https://analysis.chromium.org/coverage/p/chromium/dir?host=chromium.googlesource.com&project=chromium/src&ref=refs/heads/main&revision=bacf57875948c715b0430081b970aed435d84ac7&path=//&platform=linux&test_suite_type=unit&modifier_id=0
2022-05-22 09:53:45,2022-05-22,3013e12,2292421,3977642,57.63266276854478,724433,1533878,47.22885392449725,https://analysis.chromium.org/coverage/p/chromium/dir?host=chromium.googlesource.com&project=chromium/src&ref=refs/heads/main&revision=3013e12c1b9853cdf2ac54e3d5e8b06a06c19595&path=//&platform=linux&test_suite_type=unit&modifier_id=0
2022-05-23 21:54:22,2022-05-23,9e8b4ac,2300010,3988585,57.66481095426072,727503,1539324,47.26120037107198,https://analysis.chromium.org/coverage/p/chromium/dir?host=chromium.googlesource.com&project=chromium/src&ref=refs/heads/main&revision=9e8b4acff83039203c9302147cea640ce7100c28&path=//&platform=linux&test_suite_type=unit&modifier_id=0
2022-05-24 21:51:34,2022-05-24,dd30ecf,2299994,3989664,57.648814536763,727554,1539642,47.25475142922836,https://analysis.chromium.org/coverage/p/chromium/dir?host=chromium.googlesource.com&project=chromium/src&ref=refs/heads/main&revision=dd30ecf6b63c658f41aace9d78f56b92a08c1333&path=//&platform=linux&test_suite_type=unit&modifier_id=0
2022-05-24 09:49:41,2022-05-24,d3b2c19,2300607,3989046,57.67311281945608,727568,1539394,47.263273729792374,https://analysis.chromium.org/coverage/p/chromium/dir?host=chromium.googlesource.com&project=chromium/src&ref=refs/heads/main&revision=d3b2c1956c04f9b238d3e1ff5b736b898b92789a&path=//&platform=linux&test_suite_type=unit&modifier_id=0
2022-05-25 21:52:03,2022-05-25,df43f41,2302443,3991195,57.6880608439327,728077,1540200,47.27158810544085,https://analysis.chromium.org/coverage/p/chromium/dir?host=chromium.googlesource.com&project=chromium/src&ref=refs/heads/main&revision=df43f41320df7eaeeba3596d53c9e00f3d888b92&path=//&platform=linux&test_suite_type=unit&modifier_id=0
2022-05-26 09:51:28,2022-05-26,a8ae2d8,2301894,3991360,57.67192135011625,728000,1540260,47.264747510160625,https://analysis.chromium.org/coverage/p/chromium/dir?host=chromium.googlesource.com&project=chromium/src&ref=refs/heads/main&revision=a8ae2d8ddb3907fd278407cf3e855f8fc7f8f929&path=//&platform=linux&test_suite_type=unit&modifier_id=0
2022-05-26 21:49:51,2022-05-26,3681ac6,2302162,3991908,57.6707178622353,728260,1540414,47.27690088508674,https://analysis.chromium.org/coverage/p/chromium/dir?host=chromium.googlesource.com&project=chromium/src&ref=refs/heads/main&revision=3681ac63e186235cc63cb9445ebc5096be01532c&path=//&platform=linux&test_suite_type=unit&modifier_id=0
2022-05-27 21:55:55,2022-05-27,868f2c6,2303318,3992999,57.68391126569278,728314,1540732,47.27064797771449,https://analysis.chromium.org/coverage/p/chromium/dir?host=chromium.googlesource.com&project=chromium/src&ref=refs/heads/main&revision=868f2c6bfc2b5a39d6795015c0cf4b0567ead419&path=//&platform=linux&test_suite_type=unit&modifier_id=0
2022-05-28 09:44:15,2022-05-28,3c03316,2302120,3992998,57.653923192548554,728031,1540732,47.25228008505048,https://analysis.chromium.org/coverage/p/chromium/dir?host=chromium.googlesource.com&project=chromium/src&ref=refs/heads/main&revision=3c03316c5989526139f67a6d04830c3fa4738df5&path=//&platform=linux&test_suite_type=unit&modifier_id=0
2022-05-28 21:45:38,2022-05-28,a3ba698,2303084,3993374,57.672634719412706,728193,1540866,47.258684402147885,https://analysis.chromium.org/coverage/p/chromium/dir?host=chromium.googlesource.com&project=chromium/src&ref=refs/heads/main&revision=a3ba698e9a4a2d13321e0ef3c0429a375bd0a669&path=//&platform=linux&test_suite_type=unit&modifier_id=0
2022-05-29 09:36:57,2022-05-29,4869ad8,2302801,3993374,57.66554798022925,728233,1540866,47.26128034494888,https://analysis.chromium.org/coverage/p/chromium/dir?host=chromium.googlesource.com&project=chromium/src&ref=refs/heads/main&revision=4869ad8ebe2a2806f732755d4d6c5f01f8790e49&path=//&platform=linux&test_suite_type=unit&modifier_id=0
2022-05-29 21:53:16,2022-05-29,257d958,2302247,3993536,57.649336327505246,728090,1540932,47.24997598855757,https://analysis.chromium.org/coverage/p/chromium/dir?host=chromium.googlesource.com&project=chromium/src&ref=refs/heads/main&revision=257d95861c590da84627d42439d627be02e6cb3a&path=//&platform=linux&test_suite_type=unit&modifier_id=0
2022-05-30 09:54:14,2022-05-30,49d1786,2302495,3993748,57.65248583536067,728220,1541000,47.25632706035042,https://analysis.chromium.org/coverage/p/chromium/dir?host=chromium.googlesource.com&project=chromium/src&ref=refs/heads/main&revision=49d17861bf521e72d698d2764c45399efedf7945&path=//&platform=linux&test_suite_type=unit&modifier_id=0
2022-05-30 21:56:32,2022-05-30,2e15287,2301748,3994325,57.62545611586438,727950,1541314,47.22918237296229,https://analysis.chromium.org/coverage/p/chromium/dir?host=chromium.googlesource.com&project=chromium/src&ref=refs/heads/main&revision=2e15287305ea1e09b9f2ddbfa5afe5d4f7db048f&path=//&platform=linux&test_suite_type=unit&modifier_id=0
2022-05-31 09:56:52,2022-05-31,e33e51a,2316486,3997263,57.951803521559626,732630,1542346,47.50101468801423,https://analysis.chromium.org/coverage/p/chromium/dir?host=chromium.googlesource.com&project=chromium/src&ref=refs/heads/main&revision=e33e51ad95af3eaefa5e511c453b05e3bc865960&path=//&platform=linux&test_suite_type=unit&modifier_id=0
2022-06-01 21:53:57,2022-06-01,82077a8,2317209,3989204,58.08700181790653,733163,1539338,47.62846106573085,https://analysis.chromium.org/coverage/p/chromium/dir?host=chromium.googlesource.com&project=chromium/src&ref=refs/heads/main&revision=82077a82fa0aaa81266a12e762df41bd3f288b90&path=//&platform=linux&test_suite_type=unit&modifier_id=0
2022-06-02 09:57:05,2022-06-02,115b584,2318570,3990235,58.10610152033652,733364,1539612,47.63304001267852,https://analysis.chromium.org/coverage/p/chromium/dir?host=chromium.googlesource.com&project=chromium/src&ref=refs/heads/main&revision=115b58435c649c4a3a7b7f29d4ba795e04afc1a3&path=//&platform=linux&test_suite_type=unit&modifier_id=0
2022-06-02 21:52:36,2022-06-02,95133d9,2317917,3990355,58.087989665079924,733347,1539608,47.632059589194135,https://analysis.chromium.org/coverage/p/chromium/dir?host=chromium.googlesource.com&project=chromium/src&ref=refs/heads/main&revision=95133d9ba492314b38f0a9285a53eeba7a31dea5&path=//&platform=linux&test_suite_type=unit&modifier_id=0
2022-06-03 19:01:46,2022-06-03,e8bd964,2317373,3990836,58.06735731561006,732944,1539580,47.606749892827914,https://analysis.chromium.org/coverage/p/chromium/dir?host=chromium.googlesource.com&project=chromium/src&ref=refs/heads/main&revision=e8bd9641fddf5246cb63d70839096b832cedd630&path=//&platform=linux&test_suite_type=unit&modifier_id=0
2022-06-04 10:37:34,2022-06-04,769fbd5,2316659,3990848,58.049291779591705,732863,1539578,47.60155055476241,https://analysis.chromium.org/coverage/p/chromium/dir?host=chromium.googlesource.com&project=chromium/src&ref=refs/heads/main&revision=769fbd509b2a043c76a2c9dea1da14bd6715173b&path=//&platform=linux&test_suite_type=unit&modifier_id=0
2022-06-04 07:01:50,2022-06-04,d14ba48,2318161,3990848,58.08692789101464,733094,1539578,47.61655466627868,https://analysis.chromium.org/coverage/p/chromium/dir?host=chromium.googlesource.com&project=chromium/src&ref=refs/heads/main&revision=d14ba48dbe2cd5ed1030b5f4dc0a7369a43c5d63&path=//&platform=linux&test_suite_type=unit&modifier_id=0
2022-06-05 08:54:26,2022-06-05,4490af3,2317065,3990847,58.05947960420432,732801,1539574,47.59764714135209,https://analysis.chromium.org/coverage/p/chromium/dir?host=chromium.googlesource.com&project=chromium/src&ref=refs/heads/main&revision=4490af303a53e474295a7f9530add6195c5b90ad&path=//&platform=linux&test_suite_type=unit&modifier_id=0
2022-06-05 21:48:41,2022-06-05,e53bae7,2317966,3990704,58.08413753563281,733195,1540046,47.608642858719804,https://analysis.chromium.org/coverage/p/chromium/dir?host=chromium.googlesource.com&project=chromium/src&ref=refs/heads/main&revision=e53bae729d800c18931758d5b7c464603748da1b&path=//&platform=linux&test_suite_type=unit&modifier_id=0
2022-06-06 09:57:20,2022-06-06,a03caa5,2317373,3991124,58.06316716794567,732845,1540310,47.57776032097435,https://analysis.chromium.org/coverage/p/chromium/dir?host=chromium.googlesource.com&project=chromium/src&ref=refs/heads/main&revision=a03caa564d740ce381daa4b3a9f5e9dafe1346ba&path=//&platform=linux&test_suite_type=unit&modifier_id=0
2022-06-06 21:56:48,2022-06-06,5dbe55d,2318416,3991456,58.08446842455485,733410,1540326,47.613946658045116,https://analysis.chromium.org/coverage/p/chromium/dir?host=chromium.googlesource.com&project=chromium/src&ref=refs/heads/main&revision=5dbe55d5f16ac23bdf9e7ef0fa83af9447a58bf1&path=//&platform=linux&test_suite_type=unit&modifier_id=0
2022-06-07 09:54:55,2022-06-07,e50991c,2318195,3992396,58.065257053659,733285,1540570,47.59829154144245,https://analysis.chromium.org/coverage/p/chromium/dir?host=chromium.googlesource.com&project=chromium/src&ref=refs/heads/main&revision=e50991ca2c0c0163985dde750489236b832b95e7&path=//&platform=linux&test_suite_type=unit&modifier_id=0
2022-06-08 21:57:47,2022-06-08,4c0c842,2321022,3995069,58.09716928543662,734123,1541632,47.6198599925274,https://analysis.chromium.org/coverage/p/chromium/dir?host=chromium.googlesource.com&project=chromium/src&ref=refs/heads/main&revision=4c0c8429d0a3cf978278dcb8443a2f95351222eb&path=//&platform=linux&test_suite_type=unit&modifier_id=0
2022-06-09 09:57:59,2022-06-09,cbed60f,2320406,3995658,58.0731884460582,733893,1541786,47.60018575859425,https://analysis.chromium.org/coverage/p/chromium/dir?host=chromium.googlesource.com&project=chromium/src&ref=refs/heads/main&revision=cbed60feac368ddda8f56528731b9956699a382c&path=//&platform=linux&test_suite_type=unit&modifier_id=0
2022-06-10 09:57:41,2022-06-10,a81eef6,2322056,3996557,58.101410789336924,734463,1542014,47.63011230767036,https://analysis.chromium.org/coverage/p/chromium/dir?host=chromium.googlesource.com&project=chromium/src&ref=refs/heads/main&revision=a81eef6ee95a5ce0826873f0f08a62917db49747&path=//&platform=linux&test_suite_type=unit&modifier_id=0
2022-06-10 21:37:37,2022-06-10,72464ed,2321125,3997047,58.07099591273258,734293,1542116,47.61593810063575,https://analysis.chromium.org/coverage/p/chromium/dir?host=chromium.googlesource.com&project=chromium/src&ref=refs/heads/main&revision=72464ed9cc6e56e89cc2fae69a5ef5334637bea0&path=//&platform=linux&test_suite_type=unit&modifier_id=0
2022-06-11 09:39:26,2022-06-11,8871329,2322154,3997029,58.0970015478997,734222,1542116,47.6113340371282,https://analysis.chromium.org/coverage/p/chromium/dir?host=chromium.googlesource.com&project=chromium/src&ref=refs/heads/main&revision=88713299b269c3c9349a3b2e5f997bcaae34c4ff&path=//&platform=linux&test_suite_type=unit&modifier_id=0
2022-06-11 21:39:16,2022-06-11,170aa05,2321682,3997046,58.08494573242339,734385,1542120,47.62178040619407,https://analysis.chromium.org/coverage/p/chromium/dir?host=chromium.googlesource.com&project=chromium/src&ref=refs/heads/main&revision=170aa057f516d6ad48ab579de5a3f25a6418ae81&path=//&platform=linux&test_suite_type=unit&modifier_id=0
2022-06-12 09:45:17,2022-06-12,f7ff2c1,2321908,3998872,58.06407406888743,734392,1542802,47.60118278301428,https://analysis.chromium.org/coverage/p/chromium/dir?host=chromium.googlesource.com&project=chromium/src&ref=refs/heads/main&revision=f7ff2c1cc7c2dbfbb52929b01edb657142c57a79&path=//&platform=linux&test_suite_type=unit&modifier_id=0
2022-06-12 21:41:11,2022-06-12,60867a6,2323280,3998955,58.09717788772317,734744,1542840,47.62282543880117,https://analysis.chromium.org/coverage/p/chromium/dir?host=chromium.googlesource.com&project=chromium/src&ref=refs/heads/main&revision=60867a612c6f33897dd5357ada5a8d8d6cb9b4fe&path=//&platform=linux&test_suite_type=unit&modifier_id=0
2022-06-13 21:58:32,2022-06-13,2fb4fc1,2324378,4000444,58.10300056693707,734889,1543546,47.610437265879995,https://analysis.chromium.org/coverage/p/chromium/dir?host=chromium.googlesource.com&project=chromium/src&ref=refs/heads/main&revision=2fb4fc1e4461af2c8c056250b8d993889938034b&path=//&platform=linux&test_suite_type=unit&modifier_id=0
2022-06-13 09:59:50,2022-06-13,ac5dee4,2323703,3998836,58.109484860094284,734821,1542598,47.6352880011513,https://analysis.chromium.org/coverage/p/chromium/dir?host=chromium.googlesource.com&project=chromium/src&ref=refs/heads/main&revision=ac5dee46b0523920167e0f574fe827d77055d903&path=//&platform=linux&test_suite_type=unit&modifier_id=0
2022-06-14 10:00:22,2022-06-14,c95d0c1,2325242,4001658,58.106964663147124,735088,1543996,47.6094497654139,https://analysis.chromium.org/coverage/p/chromium/dir?host=chromium.googlesource.com&project=chromium/src&ref=refs/heads/main&revision=c95d0c1cceeee14ab993d5261ebb60ae97b3718c&path=//&platform=linux&test_suite_type=unit&modifier_id=0
2022-06-14 21:43:19,2022-06-14,7b27d48,2325459,4001021,58.121639451529994,735113,1543900,47.61402940604962,https://analysis.chromium.org/coverage/p/chromium/dir?host=chromium.googlesource.com&project=chromium/src&ref=refs/heads/main&revision=7b27d487d21806748b9dbe0fcb31e8bdc0640ed0&path=//&platform=linux&test_suite_type=unit&modifier_id=0
2022-06-16 09:58:32,2022-06-16,9e5c3d7,2324059,4001972,58.072845087371924,734834,1544536,47.57635950214174,https://analysis.chromium.org/coverage/p/chromium/dir?host=chromium.googlesource.com&project=chromium/src&ref=refs/heads/main&revision=9e5c3d7ac9e36f2801cba23317d3a89719ce1488&path=//&platform=linux&test_suite_type=unit&modifier_id=0
2022-06-16 21:58:50,2022-06-16,cb75ebe,2322851,4001752,58.045850917298225,734821,1544608,47.573300151235784,https://analysis.chromium.org/coverage/p/chromium/dir?host=chromium.googlesource.com&project=chromium/src&ref=refs/heads/main&revision=cb75ebe7a82ec19bbecefab3b137d34b896c314a&path=//&platform=linux&test_suite_type=unit&modifier_id=0
2022-06-18 09:58:24,2022-06-18,8694cac,2322651,4003680,58.012903129121206,734909,1545298,47.55775261470603,https://analysis.chromium.org/coverage/p/chromium/dir?host=chromium.googlesource.com&project=chromium/src&ref=refs/heads/main&revision=8694cac922ddb3106b884411f5cbae10993d26c9&path=//&platform=linux&test_suite_type=unit&modifier_id=0
2022-06-18 21:58:34,2022-06-18,20a6edc,2322906,4003643,58.01980845944556,735028,1545274,47.56619214456465,https://analysis.chromium.org/coverage/p/chromium/dir?host=chromium.googlesource.com&project=chromium/src&ref=refs/heads/main&revision=20a6edcd9a0423453cbfbda44d5a8f3dd28de9cd&path=//&platform=linux&test_suite_type=unit&modifier_id=0
2022-06-19 10:00:42,2022-06-19,9192429,2323426,4003643,58.0327966304688,734985,1545274,47.56340946654121,https://analysis.chromium.org/coverage/p/chromium/dir?host=chromium.googlesource.com&project=chromium/src&ref=refs/heads/main&revision=9192429a54688c3c585c42f612456d3cc197f6c8&path=//&platform=linux&test_suite_type=unit&modifier_id=0
2022-06-20 09:58:57,2022-06-20,c2285d2,2322533,4003855,58.007420348639,734767,1545260,47.54973273106144,https://analysis.chromium.org/coverage/p/chromium/dir?host=chromium.googlesource.com&project=chromium/src&ref=refs/heads/main&revision=c2285d20ad9d27240e6ece47f6e3b5014c4512f8&path=//&platform=linux&test_suite_type=unit&modifier_id=0
2022-06-21 10:02:16,2022-06-21,b468cc4,2324040,4004874,58.030290091523476,735007,1547256,47.50390368497521,https://analysis.chromium.org/coverage/p/chromium/dir?host=chromium.googlesource.com&project=chromium/src&ref=refs/heads/main&revision=b468cc4fc110f0966914788707b402f383fc2066&path=//&platform=linux&test_suite_type=unit&modifier_id=0
2022-06-21 22:02:17,2022-06-21,570b7d1,2323820,4005401,58.01716232656855,735350,1547886,47.506728531687735,https://analysis.chromium.org/coverage/p/chromium/dir?host=chromium.googlesource.com&project=chromium/src&ref=refs/heads/main&revision=570b7d1cb60e966aebb4d136d316b9cb7900b1c2&path=//&platform=linux&test_suite_type=unit&modifier_id=0
2022-06-22 09:59:12,2022-06-22,23a5e4c,2323199,4005109,58.0058869808537,735165,1547842,47.496126865662,https://analysis.chromium.org/coverage/p/chromium/dir?host=chromium.googlesource.com&project=chromium/src&ref=refs/heads/main&revision=23a5e4c4c317048dcf36a0651cc0fc37664f95e5&path=//&platform=linux&test_suite_type=unit&modifier_id=0
2022-06-22 22:02:42,2022-06-22,a6cc0fd,2324518,4006771,58.01474553948803,735381,1548296,47.4961506068607,https://analysis.chromium.org/coverage/p/chromium/dir?host=chromium.googlesource.com&project=chromium/src&ref=refs/heads/main&revision=a6cc0fdd1707eb86e8a98c6e5f28e20e851ef922&path=//&platform=linux&test_suite_type=unit&modifier_id=0
2022-07-22 21:07:36,2022-07-22,6980311,2339630,4032061,58.02565983004721,740163,1558662,47.48707545317715,https://analysis.chromium.org/coverage/p/chromium/dir?host=chromium.googlesource.com&project=chromium/src&ref=refs/heads/main&revision=698031198e2261ab35cb8733008780bcbc8d891c&path=//&platform=linux&test_suite_type=unit&modifier_id=0
2022-07-23 21:07:58,2022-07-23,1c299a7,2339344,4032076,58.018350844577334,740164,1558676,47.48671308212868,https://analysis.chromium.org/coverage/p/chromium/dir?host=chromium.googlesource.com&project=chromium/src&ref=refs/heads/main&revision=1c299a7d4ed4fca070415a1f3c49c38ef2ce68c9&path=//&platform=linux&test_suite_type=unit&modifier_id=0
2022-07-23 10:06:57,2022-07-23,2d1a474,2339029,4032077,58.010524104574394,740142,1558674,47.48536255817445,https://analysis.chromium.org/coverage/p/chromium/dir?host=chromium.googlesource.com&project=chromium/src&ref=refs/heads/main&revision=2d1a47451c754a69801cfd05e437fd98ed38e709&path=//&platform=linux&test_suite_type=unit&modifier_id=0
2022-07-24 22:06:44,2022-07-24,d31cae7,2337595,4032051,57.975333149307886,739815,1558668,47.46456589857494,https://analysis.chromium.org/coverage/p/chromium/dir?host=chromium.googlesource.com&project=chromium/src&ref=refs/heads/main&revision=d31cae7f79dc845b3d783e0fa0c9eea9288d9096&path=//&platform=linux&test_suite_type=unit&modifier_id=0
2022-07-24 07:08:54,2022-07-24,bb3814b,2339867,4032036,58.03189753266092,740308,1558656,47.496561139853824,https://analysis.chromium.org/coverage/p/chromium/dir?host=chromium.googlesource.com&project=chromium/src&ref=refs/heads/main&revision=bb3814b547b3cf1fe0f5ee83940a90beb8f09006&path=//&platform=linux&test_suite_type=unit&modifier_id=0
2022-07-25 10:10:17,2022-07-25,6455f35,2337813,4032531,57.97383826683539,739250,1558770,47.42521346959462,https://analysis.chromium.org/coverage/p/chromium/dir?host=chromium.googlesource.com&project=chromium/src&ref=refs/heads/main&revision=6455f3575f3803589f20dc7fd6ca440ccb951c06&path=//&platform=linux&test_suite_type=unit&modifier_id=0
2022-07-25 21:56:56,2022-07-25,93fbe4b,2339558,4033357,58.00522988666761,739712,1558966,47.44888599238213,https://analysis.chromium.org/coverage/p/chromium/dir?host=chromium.googlesource.com&project=chromium/src&ref=refs/heads/main&revision=93fbe4b7ae49ce36d49d1a3b99d33c78ab1cde9f&path=//&platform=linux&test_suite_type=unit&modifier_id=0
2022-07-26 22:10:18,2022-07-26,e43533a,2341225,4035037,58.02239235972309,740182,1559668,47.4576640669681,https://analysis.chromium.org/coverage/p/chromium/dir?host=chromium.googlesource.com&project=chromium/src&ref=refs/heads/main&revision=e43533a25f4d5d56ef7f7200fc7cef283a13e108&path=//&platform=linux&test_suite_type=unit&modifier_id=0
2022-07-27 10:10:29,2022-07-27,916778a,2341115,4035091,58.018889784641786,740195,1560082,47.445903484560425,https://analysis.chromium.org/coverage/p/chromium/dir?host=chromium.googlesource.com&project=chromium/src&ref=refs/heads/main&revision=916778a8c382a526cd1c10b1ba2811ffcdc0f07d&path=//&platform=linux&test_suite_type=unit&modifier_id=0
2022-07-27 22:06:36,2022-07-27,829dbcd,2340826,4035084,58.01182825438082,740107,1560020,47.44214817758747,https://analysis.chromium.org/coverage/p/chromium/dir?host=chromium.googlesource.com&project=chromium/src&ref=refs/heads/main&revision=829dbcd0883d5f17d03def09308dda159edad6d6&path=//&platform=linux&test_suite_type=unit&modifier_id=0
2022-07-28 10:09:13,2022-07-28,05a0d99,2340160,4035289,57.992376754180434,739964,1560250,47.42598942477167,https://analysis.chromium.org/coverage/p/chromium/dir?host=chromium.googlesource.com&project=chromium/src&ref=refs/heads/main&revision=05a0d99c971514184d92dd261304cf8c4fe98cac&path=//&platform=linux&test_suite_type=unit&modifier_id=0
2022-07-28 22:06:03,2022-07-28,5610bfe,2341946,4036192,58.023651996733555,740276,1560606,47.435163007190795,https://analysis.chromium.org/coverage/p/chromium/dir?host=chromium.googlesource.com&project=chromium/src&ref=refs/heads/main&revision=5610bfe7ff1ca92003f6eda26769987cf699a720&path=//&platform=linux&test_suite_type=unit&modifier_id=0
2022-07-29 10:08:46,2022-07-29,70d4a5f,2342623,4036726,58.03274733038606,740847,1560764,47.46694567532311,https://analysis.chromium.org/coverage/p/chromium/dir?host=chromium.googlesource.com&project=chromium/src&ref=refs/heads/main&revision=70d4a5f22c0732ff4def62033a5d2034cea86b5d&path=//&platform=linux&test_suite_type=unit&modifier_id=0
2022-07-29 20:02:37,2022-07-29,12d2580,2342984,4037492,58.030678450879904,740911,1561016,47.46338282246947,https://analysis.chromium.org/coverage/p/chromium/dir?host=chromium.googlesource.com&project=chromium/src&ref=refs/heads/main&revision=12d2580734a1cb3cdfbea641b94f83afc1f9b90b&path=//&platform=linux&test_suite_type=unit&modifier_id=0
2022-07-30 09:51:23,2022-07-30,5eeaad5,2342070,4037518,58.0076670865616,740590,1561034,47.44227223750411,https://analysis.chromium.org/coverage/p/chromium/dir?host=chromium.googlesource.com&project=chromium/src&ref=refs/heads/main&revision=5eeaad56dd81373bc47752d4d351cb6793f4e318&path=//&platform=linux&test_suite_type=unit&modifier_id=0
2022-07-30 21:49:06,2022-07-30,5897d21,2343439,4037567,58.04086966234864,741054,1561056,47.47132710165427,https://analysis.chromium.org/coverage/p/chromium/dir?host=chromium.googlesource.com&project=chromium/src&ref=refs/heads/main&revision=5897d216cd98db41e72dbd3733eb452b32bbeba8&path=//&platform=linux&test_suite_type=unit&modifier_id=0
2022-07-31 08:14:58,2022-07-31,7aa28b4,2343517,4037675,58.04124898611206,740979,1561098,47.46524561558595,https://analysis.chromium.org/coverage/p/chromium/dir?host=chromium.googlesource.com&project=chromium/src&ref=refs/heads/main&revision=7aa28b4038aa366512590aadafdfbfef2674f28f&path=//&platform=linux&test_suite_type=unit&modifier_id=0
2022-08-01 22:09:03,2022-08-01,c6c24bd,2343948,4039281,58.02884226177877,740972,1561544,47.45124056702853,https://analysis.chromium.org/coverage/p/chromium/dir?host=chromium.googlesource.com&project=chromium/src&ref=refs/heads/main&revision=c6c24bda4e68b8bac382f2a7ae138735e897840f&path=//&platform=linux&test_suite_type=unit&modifier_id=0
2022-08-01 10:12:08,2022-08-01,0c89927,2342625,4037938,58.0153781459745,740832,1561170,47.45364053882665,https://analysis.chromium.org/coverage/p/chromium/dir?host=chromium.googlesource.com&project=chromium/src&ref=refs/heads/main&revision=0c89927ced1a599243750cb9b752b273cfe63953&path=//&platform=linux&test_suite_type=unit&modifier_id=0
2022-08-02 22:12:46,2022-08-02,04a587c,2332056,4021487,57.98989279338712,737957,1557910,47.36839740421462,https://analysis.chromium.org/coverage/p/chromium/dir?host=chromium.googlesource.com&project=chromium/src&ref=refs/heads/main&revision=04a587c5464c048ce1e11f7876e93d1c345144a4&path=//&platform=linux&test_suite_type=unit&modifier_id=0
2022-08-03 10:12:37,2022-08-03,b9b0401,2327167,4021194,57.872537360793835,736038,1557888,47.24588673896968,https://analysis.chromium.org/coverage/p/chromium/dir?host=chromium.googlesource.com&project=chromium/src&ref=refs/heads/main&revision=b9b040185ac689d4efe62593f3e8b1a2d7cc42fe&path=//&platform=linux&test_suite_type=unit&modifier_id=0
2022-08-05 22:08:34,2022-08-05,fc0a00c,2333651,4024289,57.98915038159536,738377,1558556,47.375711876891174,https://analysis.chromium.org/coverage/p/chromium/dir?host=chromium.googlesource.com&project=chromium/src&ref=refs/heads/main&revision=fc0a00cb32e273e0a350c5fd26037daa7b2d44d3&path=//&platform=linux&test_suite_type=unit&modifier_id=0
2022-08-06 22:11:05,2022-08-06,2ac28b3,2346268,4043745,58.022155205137814,741582,1562720,47.454566397051295,https://analysis.chromium.org/coverage/p/chromium/dir?host=chromium.googlesource.com&project=chromium/src&ref=refs/heads/main&revision=2ac28b3a17a282a54288c6ce7736e2d1f64f11a9&path=//&platform=linux&test_suite_type=unit&modifier_id=0
2022-08-06 10:15:05,2022-08-06,41cdc3b,2334173,4024669,57.99664518995227,738464,1558676,47.37764615609658,https://analysis.chromium.org/coverage/p/chromium/dir?host=chromium.googlesource.com&project=chromium/src&ref=refs/heads/main&revision=41cdc3be2e432068fd0d577f5419fa747d67a333&path=//&platform=linux&test_suite_type=unit&modifier_id=0
2022-08-07 09:59:08,2022-08-07,fb12731,2346696,4043771,58.03236632341446,741819,1562726,47.46955000428738,https://analysis.chromium.org/coverage/p/chromium/dir?host=chromium.googlesource.com&project=chromium/src&ref=refs/heads/main&revision=fb12731ac1afb55f25b8b58d2c99f45f1c79f091&path=//&platform=linux&test_suite_type=unit&modifier_id=0
2022-08-07 22:15:06,2022-08-07,08d82ec,2346229,4043796,58.02045899446955,741659,1562742,47.45882557709462,https://analysis.chromium.org/coverage/p/chromium/dir?host=chromium.googlesource.com&project=chromium/src&ref=refs/heads/main&revision=08d82ec75ada8464ca544e99c434faafa86d0f8a&path=//&platform=linux&test_suite_type=unit&modifier_id=0
2022-08-08 22:11:08,2022-08-08,427ff7a,2346343,4045459,57.99942602310393,741652,1563426,47.43761457209999,https://analysis.chromium.org/coverage/p/chromium/dir?host=chromium.googlesource.com&project=chromium/src&ref=refs/heads/main&revision=427ff7a6d396c65ca40aca2e96de08dd0f02557a&path=//&platform=linux&test_suite_type=unit&modifier_id=0
2022-09-01 22:10:04,2022-09-01,59909d2,2367602,4077668,58.06264757209268,748226,1574898,47.509489503447206,https://analysis.chromium.org/coverage/p/chromium/dir?host=chromium.googlesource.com&project=chromium/src&ref=refs/heads/main&revision=59909d2726a40e90baca469509b11f8b8e02807d&path=//&platform=linux&test_suite_type=unit&modifier_id=0
2022-09-02 10:22:54,2022-09-02,f3577de,2367893,4078112,58.063461719540804,748262,1575060,47.50688862646502,https://analysis.chromium.org/coverage/p/chromium/dir?host=chromium.googlesource.com&project=chromium/src&ref=refs/heads/main&revision=f3577de456bdb6da84c8c9e6c351025d6c43c100&path=//&platform=linux&test_suite_type=unit&modifier_id=0
2022-09-02 22:10:47,2022-09-02,a4a0f24,2369023,4078747,58.082126692339585,748770,1575624,47.522124567790286,https://analysis.chromium.org/coverage/p/chromium/dir?host=chromium.googlesource.com&project=chromium/src&ref=refs/heads/main&revision=a4a0f2475a2a3e837c16817d8e31e2034fd75f9c&path=//&platform=linux&test_suite_type=unit&modifier_id=0
2022-09-03 10:21:52,2022-09-03,769372d,2368736,4079132,58.06960892660497,748775,1575768,47.51809911103665,https://analysis.chromium.org/coverage/p/chromium/dir?host=chromium.googlesource.com&project=chromium/src&ref=refs/heads/main&revision=769372d59f83a991f4374f644f1c9fab3537158b&path=//&platform=linux&test_suite_type=unit&modifier_id=0
2022-09-03 21:54:27,2022-09-03,55e5da7,2368388,4079117,58.061291205915396,748715,1575764,47.51441205662777,https://analysis.chromium.org/coverage/p/chromium/dir?host=chromium.googlesource.com&project=chromium/src&ref=refs/heads/main&revision=55e5da78920327de3bbe1e9f576a08c9ad330306&path=//&platform=linux&test_suite_type=unit&modifier_id=0
2022-09-04 10:07:13,2022-09-04,7c5678c,2368959,4079095,58.07560255399788,748808,1575742,47.52097741889218,https://analysis.chromium.org/coverage/p/chromium/dir?host=chromium.googlesource.com&project=chromium/src&ref=refs/heads/main&revision=7c5678c61f1d16957abc6a072cd5ab123169ffcf&path=//&platform=linux&test_suite_type=unit&modifier_id=0
2022-09-04 22:20:44,2022-09-04,edeff4c,2368272,4078986,58.06031204814138,748665,1575722,47.512505378486814,https://analysis.chromium.org/coverage/p/chromium/dir?host=chromium.googlesource.com&project=chromium/src&ref=refs/heads/main&revision=edeff4cb270639b18215151c6cf699fc07344d6b&path=//&platform=linux&test_suite_type=unit&modifier_id=0
2022-09-05 10:12:59,2022-09-05,2975b7f,2368581,4079610,58.059005640245026,748782,1575856,47.515889776730866,https://analysis.chromium.org/coverage/p/chromium/dir?host=chromium.googlesource.com&project=chromium/src&ref=refs/heads/main&revision=2975b7fb968b1a79902dda113a30f89cdd907d09&path=//&platform=linux&test_suite_type=unit&modifier_id=0
2022-09-06 22:16:15,2022-09-06,f710e46,2369352,4080417,58.06641821166807,749290,1576424,47.53099419953008,https://analysis.chromium.org/coverage/p/chromium/dir?host=chromium.googlesource.com&project=chromium/src&ref=refs/heads/main&revision=f710e46096e81eb71969f205416a6aee2b785235&path=//&platform=linux&test_suite_type=unit&modifier_id=0
2022-09-07 22:23:37,2022-09-07,04b40a8,2369489,4082223,58.04408529372354,748925,1577002,47.490428040040534,https://analysis.chromium.org/coverage/p/chromium/dir?host=chromium.googlesource.com&project=chromium/src&ref=refs/heads/main&revision=04b40a86afa878f2116741c5712018c11b9171b1&path=//&platform=linux&test_suite_type=unit&modifier_id=0
2022-09-08 21:54:09,2022-09-08,c9d907c,2370397,4083639,58.04619360330333,749355,1577486,47.5031157170333,https://analysis.chromium.org/coverage/p/chromium/dir?host=chromium.googlesource.com&project=chromium/src&ref=refs/heads/main&revision=c9d907cc06639789558b874847410c5f77683e9f&path=//&platform=linux&test_suite_type=unit&modifier_id=0
2022-09-09 22:14:29,2022-09-09,216a2d7,2372806,4085807,58.07435348757296,749901,1578178,47.516883393381484,https://analysis.chromium.org/coverage/p/chromium/dir?host=chromium.googlesource.com&project=chromium/src&ref=refs/heads/main&revision=216a2d7f68e5030b9ff49ae7952c45ee999fbdc1&path=//&platform=linux&test_suite_type=unit&modifier_id=0
2022-09-10 10:21:22,2022-09-10,3f4385c,2372981,4086143,58.073860851174324,749812,1578258,47.50883569099602,https://analysis.chromium.org/coverage/p/chromium/dir?host=chromium.googlesource.com&project=chromium/src&ref=refs/heads/main&revision=3f4385c4d9e9826c98f99a3c0a6a4883de4247ae&path=//&platform=linux&test_suite_type=unit&modifier_id=0
2022-09-10 21:41:52,2022-09-10,7fd7a1b,2371704,4086038,58.04410042197356,749508,1578202,47.49125904035098,https://analysis.chromium.org/coverage/p/chromium/dir?host=chromium.googlesource.com&project=chromium/src&ref=refs/heads/main&revision=7fd7a1bac3756c644c678088214d3bea31758e63&path=//&platform=linux&test_suite_type=unit&modifier_id=0
2022-09-11 09:45:35,2022-09-11,69308da,2372280,4086020,58.05845296890372,749745,1578204,47.506215926458175,https://analysis.chromium.org/coverage/p/chromium/dir?host=chromium.googlesource.com&project=chromium/src&ref=refs/heads/main&revision=69308da6198bdc56702ceec01cc0006ae23f44ac&path=//&platform=linux&test_suite_type=unit&modifier_id=0
2022-09-11 22:21:00,2022-09-11,f6154bf,2372572,4086117,58.06422087277481,749803,1578244,47.50868686971089,https://analysis.chromium.org/coverage/p/chromium/dir?host=chromium.googlesource.com&project=chromium/src&ref=refs/heads/main&revision=f6154bf237276647f5b260eb4324b05f9cde4bdf&path=//&platform=linux&test_suite_type=unit&modifier_id=0
2022-09-12 22:22:27,2022-09-12,83f3995,2373766,4087825,58.069168812265694,750139,1578712,47.515886368127944,https://analysis.chromium.org/coverage/p/chromium/dir?host=chromium.googlesource.com&project=chromium/src&ref=refs/heads/main&revision=83f3995be893e28832f10487107108d8a1187a9c&path=//&platform=linux&test_suite_type=unit&modifier_id=0
2022-09-13 10:24:36,2022-09-13,5b83587,2373685,4088069,58.06372152720514,750395,1579006,47.523251969910184,https://analysis.chromium.org/coverage/p/chromium/dir?host=chromium.googlesource.com&project=chromium/src&ref=refs/heads/main&revision=5b835870ab0e1f125ce68c24764c71bd56da3382&path=//&platform=linux&test_suite_type=unit&modifier_id=0
2022-09-13 22:24:27,2022-09-13,952b4d9,2374627,4089208,58.07058481740229,750632,1579506,47.52321295392357,https://analysis.chromium.org/coverage/p/chromium/dir?host=chromium.googlesource.com&project=chromium/src&ref=refs/heads/main&revision=952b4d903e152f69aeb23d0d89bca72be2cd6122&path=//&platform=linux&test_suite_type=unit&modifier_id=0
2022-09-14 22:08:16,2022-09-14,13538c6,2376371,4090279,58.09801727461623,751017,1579832,47.53777616860527,https://analysis.chromium.org/coverage/p/chromium/dir?host=chromium.googlesource.com&project=chromium/src&ref=refs/heads/main&revision=13538c617d5b145e84ad523c50a75150b48b6261&path=//&platform=linux&test_suite_type=unit&modifier_id=0
2022-09-15 10:21:50,2022-09-15,0d0afd2,2377049,4092054,58.08938493969043,751127,1580412,47.52729035213603,https://analysis.chromium.org/coverage/p/chromium/dir?host=chromium.googlesource.com&project=chromium/src&ref=refs/heads/main&revision=0d0afd29ba1073ff47deedf6ed74a546adb0c23c&path=//&platform=linux&test_suite_type=unit&modifier_id=0
2022-09-15 22:24:38,2022-09-15,7cecc89,2376710,4092713,58.07174849543567,751033,1580674,47.51346577472648,https://analysis.chromium.org/coverage/p/chromium/dir?host=chromium.googlesource.com&project=chromium/src&ref=refs/heads/main&revision=7cecc89744232af53a4d1e56de0f8b05697a18e9&path=//&platform=linux&test_suite_type=unit&modifier_id=0
2022-09-16 10:21:27,2022-09-16,52f1457,2377602,4093176,58.0869720725422,751319,1580722,47.53011598497395,https://analysis.chromium.org/coverage/p/chromium/dir?host=chromium.googlesource.com&project=chromium/src&ref=refs/heads/main&revision=52f1457286092f06cc4205e1eb216785cdb49a47&path=//&platform=linux&test_suite_type=unit&modifier_id=0
2022-09-16 22:19:02,2022-09-16,49d9159,2375833,4091702,58.06466355565483,750642,1580390,47.497263333734075,https://analysis.chromium.org/coverage/p/chromium/dir?host=chromium.googlesource.com&project=chromium/src&ref=refs/heads/main&revision=49d91599d78f694848e7a0f63949a7639f02aa45&path=//&platform=linux&test_suite_type=unit&modifier_id=0
2022-09-17 19:01:47,2022-09-17,06c0785,2376774,4091765,58.08676695753544,751082,1580426,47.5240220041938,https://analysis.chromium.org/coverage/p/chromium/dir?host=chromium.googlesource.com&project=chromium/src&ref=refs/heads/main&revision=06c0785f9dd80f448d9e71756b65f60cc5210216&path=//&platform=linux&test_suite_type=unit&modifier_id=0
2022-09-17 09:47:30,2022-09-17,b074c28,2376463,4091760,58.079237296420125,750841,1580408,47.50931405054897,https://analysis.chromium.org/coverage/p/chromium/dir?host=chromium.googlesource.com&project=chromium/src&ref=refs/heads/main&revision=b074c284f7362e968d840b73785a69f13654a0a2&path=//&platform=linux&test_suite_type=unit&modifier_id=0
2022-09-18 22:17:33,2022-09-18,053fd7b,2376829,4091859,58.08677669489589,751027,1580486,47.518737907200695,https://analysis.chromium.org/coverage/p/chromium/dir?host=chromium.googlesource.com&project=chromium/src&ref=refs/heads/main&revision=053fd7b88a681fd267e2bcb324b50be0449c00ea&path=//&platform=linux&test_suite_type=unit&modifier_id=0
2022-09-19 10:23:55,2022-09-19,30b4f36,2377442,4092259,58.09607847401643,751125,1580556,47.52283373698876,https://analysis.chromium.org/coverage/p/chromium/dir?host=chromium.googlesource.com&project=chromium/src&ref=refs/heads/main&revision=30b4f365ab7db8057e5214ebe9818babc6a449b3&path=//&platform=linux&test_suite_type=unit&modifier_id=0
2022-09-20 22:22:41,2022-09-20,394c650,2377361,4094144,58.06735180785043,751214,1581528,47.4992538861152,https://analysis.chromium.org/coverage/p/chromium/dir?host=chromium.googlesource.com&project=chromium/src&ref=refs/heads/main&revision=394c6504fce121e0af8645848232b3dfcb37885f&path=//&platform=linux&test_suite_type=unit&modifier_id=0
2022-09-21 22:25:20,2022-09-21,0c02c43,2387247,4095735,58.286168416657816,753676,1582076,47.63841939325292,https://analysis.chromium.org/coverage/p/chromium/dir?host=chromium.googlesource.com&project=chromium/src&ref=refs/heads/main&revision=0c02c4351051045e4f79580d9e412d6ed82db0f5&path=//&platform=linux&test_suite_type=unit&modifier_id=0
2022-09-22 22:24:28,2022-09-22,ba15c7a,2378576,4096525,58.0632609345726,751480,1582502,47.486827820754726,https://analysis.chromium.org/coverage/p/chromium/dir?host=chromium.googlesource.com&project=chromium/src&ref=refs/heads/main&revision=ba15c7ad0cd9aa5490b89ba301bcd77626ad20af&path=//&platform=linux&test_suite_type=unit&modifier_id=0
2022-09-23 22:02:12,2022-09-23,c4be4c7,2380522,4097795,58.092754762012255,751891,1582964,47.49893238254313,https://analysis.chromium.org/coverage/p/chromium/dir?host=chromium.googlesource.com&project=chromium/src&ref=refs/heads/main&revision=c4be4c7e0a43171d0470b17481f6da6b76de6725&path=//&platform=linux&test_suite_type=unit&modifier_id=0
2022-09-24 10:27:14,2022-09-24,2f4a95b,2380132,4097789,58.08332249415477,751966,1582962,47.50373034854911,https://analysis.chromium.org/coverage/p/chromium/dir?host=chromium.googlesource.com&project=chromium/src&ref=refs/heads/main&revision=2f4a95b23c409777161654507d248de6382e324e&path=//&platform=linux&test_suite_type=unit&modifier_id=0
2022-09-25 10:02:39,2022-09-25,67aacac,2380097,4097855,58.081532899529144,751796,1582984,47.49233093954203,https://analysis.chromium.org/coverage/p/chromium/dir?host=chromium.googlesource.com&project=chromium/src&ref=refs/heads/main&revision=67aacac5158836027fa275a629502e166c78f70b&path=//&platform=linux&test_suite_type=unit&modifier_id=0
2022-09-25 22:14:20,2022-09-25,fc5ab19,2380906,4097824,58.10171447089968,752026,1582956,47.507700782586504,https://analysis.chromium.org/coverage/p/chromium/dir?host=chromium.googlesource.com&project=chromium/src&ref=refs/heads/main&revision=fc5ab1968681d0f930d05addd94c5e4e37ed4c64&path=//&platform=linux&test_suite_type=unit&modifier_id=0
2022-09-26 22:24:08,2022-09-26,fdef341,2379288,4090764,58.16243616106918,751451,1581226,47.5233141878517,https://analysis.chromium.org/coverage/p/chromium/dir?host=chromium.googlesource.com&project=chromium/src&ref=refs/heads/main&revision=fdef3416c5b077a018100e6e693a690546813952&path=//&platform=linux&test_suite_type=unit&modifier_id=0
2022-09-28 10:27:58,2022-09-28,4972fa0,2379277,4100289,58.02705614165245,751187,1583596,47.43552017054855,https://analysis.chromium.org/coverage/p/chromium/dir?host=chromium.googlesource.com&project=chromium/src&ref=refs/heads/main&revision=4972fa03ed093b7b43053476f3e6b97ccf019fbc&path=//&platform=linux&test_suite_type=unit&modifier_id=0
2022-09-28 22:23:27,2022-09-28,80fb0b9,2381802,4101192,58.07584721710176,751969,1584086,47.470213107116656,https://analysis.chromium.org/coverage/p/chromium/dir?host=chromium.googlesource.com&project=chromium/src&ref=refs/heads/main&revision=80fb0b9c503877e4fc56c2747ed04a21009d4b0a&path=//&platform=linux&test_suite_type=unit&modifier_id=0
2022-09-29 10:20:27,2022-09-29,78b55db,2382205,4101840,58.076497376787,752156,1584352,47.47404617155784,https://analysis.chromium.org/coverage/p/chromium/dir?host=chromium.googlesource.com&project=chromium/src&ref=refs/heads/main&revision=78b55dba42a54b42e0ecf194a6c8f9caffbddff1&path=//&platform=linux&test_suite_type=unit&modifier_id=0
2022-10-01 19:46:32,2022-10-01,499cad3,2383561,4103153,58.090960780648444,752485,1584806,47.48120590154252,https://analysis.chromium.org/coverage/p/chromium/dir?host=chromium.googlesource.com&project=chromium/src&ref=refs/heads/main&revision=499cad3c11e8ad3402fabe9c8990b4e2ef755223&path=//&platform=linux&test_suite_type=unit&modifier_id=0
2022-10-02 22:24:48,2022-10-02,34801c7,2383845,4103108,58.09851946378209,752621,1584796,47.49008705221366,https://analysis.chromium.org/coverage/p/chromium/dir?host=chromium.googlesource.com&project=chromium/src&ref=refs/heads/main&revision=34801c7ce64b7baecbb20db0609cc25aedf8dcb4&path=//&platform=linux&test_suite_type=unit&modifier_id=0
2022-10-02 10:11:50,2022-10-02,cb7af92,2384093,4103168,58.10371400829798,752622,1584814,47.48961076820371,https://analysis.chromium.org/coverage/p/chromium/dir?host=chromium.googlesource.com&project=chromium/src&ref=refs/heads/main&revision=cb7af92f2494e66f3d7406c313678eac7e692931&path=//&platform=linux&test_suite_type=unit&modifier_id=0
2022-10-03 20:27:18,2022-10-03,2318c6c,2384495,4104063,58.10083812066238,752700,1585124,47.48524405661639,https://analysis.chromium.org/coverage/p/chromium/dir?host=chromium.googlesource.com&project=chromium/src&ref=refs/heads/main&revision=2318c6cf40448ae010e6ecced06a667f55cddeee&path=//&platform=linux&test_suite_type=unit&modifier_id=0
2022-10-11 22:31:20,2022-10-11,9d00121,2389414,4105086,58.206186179777966,754026,1587258,47.504942485720655,https://analysis.chromium.org/coverage/p/chromium/dir?host=chromium.googlesource.com&project=chromium/src&ref=refs/heads/main&revision=9d00121ca6608949c132232eb47d312b60e50ea9&path=//&platform=linux&test_suite_type=unit&modifier_id=0
2022-10-13 22:29:47,2022-10-13,d5506bb,2391410,4107132,58.22578870121535,754650,1588346,47.511688259359104,https://analysis.chromium.org/coverage/p/chromium/dir?host=chromium.googlesource.com&project=chromium/src&ref=refs/heads/main&revision=d5506bbc1e7f3ddcbf6d8e48cf1c39ca96f53dc8&path=//&platform=linux&test_suite_type=unit&modifier_id=0
2022-10-15 10:16:55,2022-10-15,4dbb94c,2392088,4109084,58.2146288564556,754746,1588784,47.50463247364022,https://analysis.chromium.org/coverage/p/chromium/dir?host=chromium.googlesource.com&project=chromium/src&ref=refs/heads/main&revision=4dbb94c478cffe7827deb1bcd33436d954a57630&path=//&platform=linux&test_suite_type=unit&modifier_id=0
2022-10-16 22:28:30,2022-10-16,08de4cb,2392216,4109318,58.21442876895874,754849,1588966,47.50567350088045,https://analysis.chromium.org/coverage/p/chromium/dir?host=chromium.googlesource.com&project=chromium/src&ref=refs/heads/main&revision=08de4cb235231fe880318adffa0d51f366d4920c&path=//&platform=linux&test_suite_type=unit&modifier_id=0
2022-10-17 10:32:22,2022-10-17,54bc836,2393025,4110054,58.22368757198811,755225,1589302,47.519288341674525,https://analysis.chromium.org/coverage/p/chromium/dir?host=chromium.googlesource.com&project=chromium/src&ref=refs/heads/main&revision=54bc83608997a496a1ce4b7329d7955620e8c8d5&path=//&platform=linux&test_suite_type=unit&modifier_id=0
2022-10-18 22:30:23,2022-10-18,3f7076b,2393645,4112815,58.19967589108676,755542,1590408,47.50617451622477,https://analysis.chromium.org/coverage/p/chromium/dir?host=chromium.googlesource.com&project=chromium/src&ref=refs/heads/main&revision=3f7076bfca4bd235f783b597db91577ab1c0a55c&path=//&platform=linux&test_suite_type=unit&modifier_id=0
2022-10-21 10:33:14,2022-10-21,864d260,2397083,4116807,58.22675194635065,756337,1591902,47.51153023238868,https://analysis.chromium.org/coverage/p/chromium/dir?host=chromium.googlesource.com&project=chromium/src&ref=refs/heads/main&revision=864d260f12edd643c7a38f4dcf81a936722f6fe1&path=//&platform=linux&test_suite_type=unit&modifier_id=0
2022-10-21 22:32:26,2022-10-21,4142768,2398328,4117722,58.24404852974533,756658,1592206,47.52261956053425,https://analysis.chromium.org/coverage/p/chromium/dir?host=chromium.googlesource.com&project=chromium/src&ref=refs/heads/main&revision=4142768409aecfcb59700a33563a82a030507801&path=//&platform=linux&test_suite_type=unit&modifier_id=0
2022-10-22 10:19:38,2022-10-22,8e565ce,2398089,4117739,58.23800391428403,756561,1592200,47.51670644391408,https://analysis.chromium.org/coverage/p/chromium/dir?host=chromium.googlesource.com&project=chromium/src&ref=refs/heads/main&revision=8e565ce0e1d30a553d9a9d2e4631e30064882fee&path=//&platform=linux&test_suite_type=unit&modifier_id=0
2022-10-22 22:02:34,2022-10-22,b2b452f,2398059,4117739,58.23727535912305,756592,1592200,47.51865343549805,https://analysis.chromium.org/coverage/p/chromium/dir?host=chromium.googlesource.com&project=chromium/src&ref=refs/heads/main&revision=b2b452f4bd0de15fcb668616bc54f812c0070bc1&path=//&platform=linux&test_suite_type=unit&modifier_id=0
2022-10-23 09:39:25,2022-10-23,e284547,2397144,4117739,58.2150544267133,756466,1592200,47.51073985680191,https://analysis.chromium.org/coverage/p/chromium/dir?host=chromium.googlesource.com&project=chromium/src&ref=refs/heads/main&revision=e284547ef73e1023552a0a441a86dedcd9fc24dd&path=//&platform=linux&test_suite_type=unit&modifier_id=0
2022-10-24 10:34:27,2022-10-24,55a5d13,2396525,4119005,58.18213379202016,756123,1592566,47.47828347459383,https://analysis.chromium.org/coverage/p/chromium/dir?host=chromium.googlesource.com&project=chromium/src&ref=refs/heads/main&revision=55a5d13691b5e54e5f58b60e8da8872405e9eb62&path=//&platform=linux&test_suite_type=unit&modifier_id=0
2022-10-24 22:34:26,2022-10-24,476b51f,2399625,4120094,58.24199642047002,757125,1592942,47.52997912039484,https://analysis.chromium.org/coverage/p/chromium/dir?host=chromium.googlesource.com&project=chromium/src&ref=refs/heads/main&revision=476b51fc0321bf359b4c03baa28fcec798a8a82d&path=//&platform=linux&test_suite_type=unit&modifier_id=0
2022-10-26 22:32:59,2022-10-26,3cdcea2,2401796,4124135,58.23756981767086,757807,1594544,47.524997742301245,https://analysis.chromium.org/coverage/p/chromium/dir?host=chromium.googlesource.com&project=chromium/src&ref=refs/heads/main&revision=3cdcea241b3af301f57891c3626dc14a674e2915&path=//&platform=linux&test_suite_type=unit&modifier_id=0
2022-10-26 10:34:50,2022-10-26,4e3d5c4,2400730,4123668,58.21831437448407,757391,1594388,47.503556223453764,https://analysis.chromium.org/coverage/p/chromium/dir?host=chromium.googlesource.com&project=chromium/src&ref=refs/heads/main&revision=4e3d5c481ee5b1dbcf467f1068b8d1df2113883d&path=//&platform=linux&test_suite_type=unit&modifier_id=0
2022-10-27 22:32:12,2022-10-27,2bad4b2,2402105,4126841,58.20687058212323,757904,1595464,47.50367291270753,https://analysis.chromium.org/coverage/p/chromium/dir?host=chromium.googlesource.com&project=chromium/src&ref=refs/heads/main&revision=2bad4b22bb22cf4a51725b8326c9dd57bdad8850&path=//&platform=linux&test_suite_type=unit&modifier_id=0
2022-10-28 22:36:09,2022-10-28,2f62239,2401222,4126550,58.189577249760696,757827,1595538,47.49664376530048,https://analysis.chromium.org/coverage/p/chromium/dir?host=chromium.googlesource.com&project=chromium/src&ref=refs/heads/main&revision=2f622392fddf14f378cc93c5e4a84d602a40b266&path=//&platform=linux&test_suite_type=unit&modifier_id=0
2022-10-28 10:35:26,2022-10-28,dc587ef,2401584,4126481,58.19932286129513,757917,1595464,47.50448772269384,https://analysis.chromium.org/coverage/p/chromium/dir?host=chromium.googlesource.com&project=chromium/src&ref=refs/heads/main&revision=dc587effbb3dfa92036fabe3e9ee71dde78a9067&path=//&platform=linux&test_suite_type=unit&modifier_id=0
2022-10-30 22:35:51,2022-10-30,423deeb,2401355,4126913,58.18768168846787,757804,1595678,47.4910351587225,https://analysis.chromium.org/coverage/p/chromium/dir?host=chromium.googlesource.com&project=chromium/src&ref=refs/heads/main&revision=423deeb208274974383aa2701380bacc77b72f08&path=//&platform=linux&test_suite_type=unit&modifier_id=0
2022-10-31 10:35:43,2022-10-31,6d91518,2401945,4127419,58.19484283034991,758076,1595948,47.50004386107818,https://analysis.chromium.org/coverage/p/chromium/dir?host=chromium.googlesource.com&project=chromium/src&ref=refs/heads/main&revision=6d91518e55b72f7d76d55e2d9667123ca9006972&path=//&platform=linux&test_suite_type=unit&modifier_id=0
2022-11-04 22:34:32,2022-11-04,00fe1d4,2408572,4132924,58.277674595516395,766304,1615758,47.426904276506754,https://analysis.chromium.org/coverage/p/chromium/dir?host=chromium.googlesource.com&project=chromium/src&ref=refs/heads/main&revision=00fe1d4ad94f8bc302ca8d954f60a7b67a6939c1&path=//&platform=linux&test_suite_type=unit&modifier_id=0
2022-11-05 10:37:04,2022-11-05,9922354,2408275,4132855,58.27146125378219,766247,1615718,47.42455057132495,https://analysis.chromium.org/coverage/p/chromium/dir?host=chromium.googlesource.com&project=chromium/src&ref=refs/heads/main&revision=992235407619bb82d1e67a7386a229552dd7da6a&path=//&platform=linux&test_suite_type=unit&modifier_id=0
2022-11-05 21:42:57,2022-11-05,165a8ca,2406570,4132924,58.22923431449502,765742,1615766,47.39188719158591,https://analysis.chromium.org/coverage/p/chromium/dir?host=chromium.googlesource.com&project=chromium/src&ref=refs/heads/main&revision=165a8ca53bf239494cb1324400b547ebc0a35fd4&path=//&platform=linux&test_suite_type=unit&modifier_id=0
2022-11-06 22:35:18,2022-11-06,55fdf4d,2407553,4133010,58.25180679456377,766191,1615798,47.4187367480341,https://analysis.chromium.org/coverage/p/chromium/dir?host=chromium.googlesource.com&project=chromium/src&ref=refs/heads/main&revision=55fdf4da7255536a8c69911ec73e176b039615a1&path=//&platform=linux&test_suite_type=unit&modifier_id=0
2022-11-07 22:19:03,2022-11-07,dbedf28,2408535,4133953,58.26227342207326,766494,1616294,47.422931719105556,https://analysis.chromium.org/coverage/p/chromium/dir?host=chromium.googlesource.com&project=chromium/src&ref=refs/heads/main&revision=dbedf281d16581980d52d9acdc2aec86e9dd7586&path=//&platform=linux&test_suite_type=unit&modifier_id=0
2022-11-08 10:38:00,2022-11-08,413c0a0,2407860,4134689,58.23557708935303,766189,1616540,47.39684758805845,https://analysis.chromium.org/coverage/p/chromium/dir?host=chromium.googlesource.com&project=chromium/src&ref=refs/heads/main&revision=413c0a00679a92df046590d0b714e5606e5df2da&path=//&platform=linux&test_suite_type=unit&modifier_id=0
2022-11-09 10:35:45,2022-11-09,387e194,2409238,4135894,58.25192812001468,766360,1616764,47.400857515382576,https://analysis.chromium.org/coverage/p/chromium/dir?host=chromium.googlesource.com&project=chromium/src&ref=refs/heads/main&revision=387e19416e02d7236da5f06d7de9e1e031d5557c&path=//&platform=linux&test_suite_type=unit&modifier_id=0
2022-11-09 22:33:01,2022-11-09,712b365,2409659,4137632,58.23763447305125,766827,1617470,47.40904004401936,https://analysis.chromium.org/coverage/p/chromium/dir?host=chromium.googlesource.com&project=chromium/src&ref=refs/heads/main&revision=712b365aec0cc137f188edb4c47f577335f41d92&path=//&platform=linux&test_suite_type=unit&modifier_id=0
2022-11-10 22:39:36,2022-11-10,4c0be8c,2410729,4137294,58.26825456445687,766833,1617086,47.42066903058959,https://analysis.chromium.org/coverage/p/chromium/dir?host=chromium.googlesource.com&project=chromium/src&ref=refs/heads/main&revision=4c0be8c1f4d7be16c42967ed5a560c65763b512e&path=//&platform=linux&test_suite_type=unit&modifier_id=0
2022-11-11 10:37:19,2022-11-11,5955c79,2410997,4137917,58.26595845204242,766842,1617238,47.41676858940985,https://analysis.chromium.org/coverage/p/chromium/dir?host=chromium.googlesource.com&project=chromium/src&ref=refs/heads/main&revision=5955c791c4ad6e89481c786469cc284e6b362cab&path=//&platform=linux&test_suite_type=unit&modifier_id=0
2022-11-11 22:05:35,2022-11-11,e77ce72,2411225,4141489,58.22120981125388,766988,1618540,47.38764565596155,https://analysis.chromium.org/coverage/p/chromium/dir?host=chromium.googlesource.com&project=chromium/src&ref=refs/heads/main&revision=e77ce728a5786a0be11a7beaf716b84c2bf969a5&path=//&platform=linux&test_suite_type=unit&modifier_id=0
2022-11-13 10:09:28,2022-11-13,048a444,2412263,4141362,58.24805945483636,767395,1618464,47.4150181900864,https://analysis.chromium.org/coverage/p/chromium/dir?host=chromium.googlesource.com&project=chromium/src&ref=refs/heads/main&revision=048a444e9c8c1bd4acde7295a7713f4cb4491589&path=//&platform=linux&test_suite_type=unit&modifier_id=0
2022-11-14 22:38:07,2022-11-14,f3b9b0f,2417597,4149093,58.26808413308643,769872,1623310,47.42606156556665,https://analysis.chromium.org/coverage/p/chromium/dir?host=chromium.googlesource.com&project=chromium/src&ref=refs/heads/main&revision=f3b9b0f2515dd1a79cfe2232f8e001ca41a98e68&path=//&platform=linux&test_suite_type=unit&modifier_id=0
2022-11-15 10:40:32,2022-11-15,31c7552,2418719,4150375,58.2771195373912,770477,1623874,47.44684624545993,https://analysis.chromium.org/coverage/p/chromium/dir?host=chromium.googlesource.com&project=chromium/src&ref=refs/heads/main&revision=31c75523db83496571386484cc03510cef35038a&path=//&platform=linux&test_suite_type=unit&modifier_id=0
2022-11-16 22:39:23,2022-11-16,34ade48,2420293,4141358,58.44201346514839,770879,1619714,47.59352577059901,https://analysis.chromium.org/coverage/p/chromium/dir?host=chromium.googlesource.com&project=chromium/src&ref=refs/heads/main&revision=34ade488751cbfdad049ab57714ddd92f3f7ef80&path=//&platform=linux&test_suite_type=unit&modifier_id=0
2022-11-16 10:40:20,2022-11-16,3c66f97,2419138,4140451,58.426920159180725,770620,1619412,47.586407906079494,https://analysis.chromium.org/coverage/p/chromium/dir?host=chromium.googlesource.com&project=chromium/src&ref=refs/heads/main&revision=3c66f97488d8383822589a80fe2140cc6140029a&path=//&platform=linux&test_suite_type=unit&modifier_id=0
2022-11-17 10:40:19,2022-11-17,ec04551,2420456,4141464,58.44445345897007,770907,1619922,47.58914318096797,https://analysis.chromium.org/coverage/p/chromium/dir?host=chromium.googlesource.com&project=chromium/src&ref=refs/heads/main&revision=ec045517951ea55f50bcbbc28b71b87017dbde5d&path=//&platform=linux&test_suite_type=unit&modifier_id=0
2022-11-17 22:33:39,2022-11-17,61b15de,2420218,4142126,58.429366948277284,770955,1620184,47.58441016575895,https://analysis.chromium.org/coverage/p/chromium/dir?host=chromium.googlesource.com&project=chromium/src&ref=refs/heads/main&revision=61b15de775872c883abc0ba9e029adfc8828337e&path=//&platform=linux&test_suite_type=unit&modifier_id=0
2022-11-18 22:14:15,2022-11-18,5b151c5,2421031,4143228,58.433448509230004,771047,1620644,47.57658066793201,https://analysis.chromium.org/coverage/p/chromium/dir?host=chromium.googlesource.com&project=chromium/src&ref=refs/heads/main&revision=5b151c53f144bdc43f649630c54516ce6f73990d&path=//&platform=linux&test_suite_type=unit&modifier_id=0
2022-11-19 10:17:54,2022-11-19,0226580,2421250,4143261,58.43826879359036,771148,1620658,47.58240171584628,https://analysis.chromium.org/coverage/p/chromium/dir?host=chromium.googlesource.com&project=chromium/src&ref=refs/heads/main&revision=0226580488eef78bdebd349d71c560128de38dc1&path=//&platform=linux&test_suite_type=unit&modifier_id=0
2022-11-21 10:42:36,2022-11-21,3392a90,2420672,4144723,58.40370997048536,770859,1621240,47.547494510374776,https://analysis.chromium.org/coverage/p/chromium/dir?host=chromium.googlesource.com&project=chromium/src&ref=refs/heads/main&revision=3392a90f8d8876d0ce1c94c0738adf5a9f9a79ac&path=//&platform=linux&test_suite_type=unit&modifier_id=0
2022-11-21 22:33:16,2022-11-21,6d1b849,2422324,4146053,58.42481994320864,771622,1621916,47.57472026911381,https://analysis.chromium.org/coverage/p/chromium/dir?host=chromium.googlesource.com&project=chromium/src&ref=refs/heads/main&revision=6d1b849561d25ac3ce12a1d1dfb31d3b27d6aaf4&path=//&platform=linux&test_suite_type=unit&modifier_id=0
2022-11-22 10:41:26,2022-11-22,113ea42,2422112,4147044,58.40574635812882,771465,1622342,47.55255057195092,https://analysis.chromium.org/coverage/p/chromium/dir?host=chromium.googlesource.com&project=chromium/src&ref=refs/heads/main&revision=113ea426eceff5dea3a29fdd2c880881bf753fb8&path=//&platform=linux&test_suite_type=unit&modifier_id=0
2022-11-22 22:40:15,2022-11-22,1c11db5,2423103,4147648,58.42113409816841,771719,1622606,47.560467544185094,https://analysis.chromium.org/coverage/p/chromium/dir?host=chromium.googlesource.com&project=chromium/src&ref=refs/heads/main&revision=1c11db595964f90b3debe0a2c9b25930ce4d5d48&path=//&platform=linux&test_suite_type=unit&modifier_id=0
2022-11-23 22:43:18,2022-11-23,b4e073b,2429948,4146849,58.597455562042406,773763,1622358,47.69372727844286,https://analysis.chromium.org/coverage/p/chromium/dir?host=chromium.googlesource.com&project=chromium/src&ref=refs/heads/main&revision=b4e073b2302a3e27e73fa8b080e0ab84cb716416&path=//&platform=linux&test_suite_type=unit&modifier_id=0
2022-11-24 10:20:40,2022-11-24,d2c72f5,2430467,4147057,58.60703144422659,773949,1622426,47.70319262635091,https://analysis.chromium.org/coverage/p/chromium/dir?host=chromium.googlesource.com&project=chromium/src&ref=refs/heads/main&revision=d2c72f533433e619866fb13fb410044191f74904&path=//&platform=linux&test_suite_type=unit&modifier_id=0
2022-11-24 22:32:56,2022-11-24,3030e0a,2430558,4147314,58.605593885584746,774060,1622502,47.70779943568637,https://analysis.chromium.org/coverage/p/chromium/dir?host=chromium.googlesource.com&project=chromium/src&ref=refs/heads/main&revision=3030e0a3161dd1e52dadd9dbd1d395ed32074fe3&path=//&platform=linux&test_suite_type=unit&modifier_id=0
2022-11-25 22:22:51,2022-11-25,f4c9912,2430412,4146276,58.616744278480255,773901,1622026,47.71199721829367,https://analysis.chromium.org/coverage/p/chromium/dir?host=chromium.googlesource.com&project=chromium/src&ref=refs/heads/main&revision=f4c99129a0009800545fa7b5420907c3ccfd0bb1&path=//&platform=linux&test_suite_type=unit&modifier_id=0
2022-11-26 22:36:42,2022-11-26,6c3b378,2430621,4146580,58.61748718220799,773817,1622480,47.69346925693999,https://analysis.chromium.org/coverage/p/chromium/dir?host=chromium.googlesource.com&project=chromium/src&ref=refs/heads/main&revision=6c3b378c60fa2569cac644a6c62af980ec6380a2&path=//&platform=linux&test_suite_type=unit&modifier_id=0
2022-11-26 10:35:15,2022-11-26,a5f7265,2430823,4146308,58.62620432442549,773925,1622058,47.71253555668169,https://analysis.chromium.org/coverage/p/chromium/dir?host=chromium.googlesource.com&project=chromium/src&ref=refs/heads/main&revision=a5f7265fc7ca0211518251959aef9e45451257a2&path=//&platform=linux&test_suite_type=unit&modifier_id=0
2022-11-27 22:37:54,2022-11-27,1ca6eda,2431142,4146784,58.62716746278562,774186,1622552,47.714094833324296,https://analysis.chromium.org/coverage/p/chromium/dir?host=chromium.googlesource.com&project=chromium/src&ref=refs/heads/main&revision=1ca6eda298ab4394b723a649cb3111b8fe672c05&path=//&platform=linux&test_suite_type=unit&modifier_id=0
2022-11-28 10:42:59,2022-11-28,e4f6c11,2430529,4147976,58.59554153640233,773797,1623346,47.66679438640931,https://analysis.chromium.org/coverage/p/chromium/dir?host=chromium.googlesource.com&project=chromium/src&ref=refs/heads/main&revision=e4f6c11b3abe5fcc9c56dc1077972b8612e4f623&path=//&platform=linux&test_suite_type=unit&modifier_id=0
2022-11-29 22:37:53,2022-11-29,a1c5039,2432379,4148330,58.63513751316795,774426,1623998,47.686388776340856,https://analysis.chromium.org/coverage/p/chromium/dir?host=chromium.googlesource.com&project=chromium/src&ref=refs/heads/main&revision=a1c5039f9a4f0a6e8d5becdc4523b3f0c6824138&path=//&platform=linux&test_suite_type=unit&modifier_id=0
2022-11-30 10:41:25,2022-11-30,c88b470,2432298,4149257,58.62008547554417,774505,1624308,47.68215141463318,https://analysis.chromium.org/coverage/p/chromium/dir?host=chromium.googlesource.com&project=chromium/src&ref=refs/heads/main&revision=c88b47002c3c39b8d67576437a364ebd8c9ffa96&path=//&platform=linux&test_suite_type=unit&modifier_id=0
2022-11-30 22:24:10,2022-11-30,439d4a7,2432107,4148867,58.620992188951824,774447,1624450,47.67441287820493,https://analysis.chromium.org/coverage/p/chromium/dir?host=chromium.googlesource.com&project=chromium/src&ref=refs/heads/main&revision=439d4a7a5e9c74a4bb4862a26e4df9e19fd35ccb&path=//&platform=linux&test_suite_type=unit&modifier_id=0
2022-12-01 10:44:41,2022-12-01,9912625,2432595,4148816,58.63347518906599,774404,1624248,47.67769453925755,https://analysis.chromium.org/coverage/p/chromium/dir?host=chromium.googlesource.com&project=chromium/src&ref=refs/heads/main&revision=9912625be95d911f0042c7d4d004805cbad5912d&path=//&platform=linux&test_suite_type=unit&modifier_id=0
2022-12-01 22:40:08,2022-12-01,9ffd439,2432920,4149996,58.624634818925124,774483,1624724,47.66858863413109,https://analysis.chromium.org/coverage/p/chromium/dir?host=chromium.googlesource.com&project=chromium/src&ref=refs/heads/main&revision=9ffd43927379cfba16697336053c3c1048f9af8e&path=//&platform=linux&test_suite_type=unit&modifier_id=0
2022-12-03 21:54:13,2022-12-03,0b451d9,2432422,4149133,58.62482595761573,774746,1624630,47.68753500797104,https://analysis.chromium.org/coverage/p/chromium/dir?host=chromium.googlesource.com&project=chromium/src&ref=refs/heads/main&revision=0b451d9cbf727ed07aab2960c4b794425f9a7ec8&path=//&platform=linux&test_suite_type=unit&modifier_id=0
2022-12-07 10:45:20,2022-12-07,494e8d7,2416339,4127941,58.53618062855065,769560,1617576,47.57488983516076,https://analysis.chromium.org/coverage/p/chromium/dir?host=chromium.googlesource.com&project=chromium/src&ref=refs/heads/main&revision=494e8d784215dc670512ac75f2631da4459b597b&path=//&platform=linux&test_suite_type=unit&modifier_id=0
2022-12-07 22:46:11,2022-12-07,95fac42,2417361,4128802,58.54872672508878,769858,1617990,47.58113461764288,https://analysis.chromium.org/coverage/p/chromium/dir?host=chromium.googlesource.com&project=chromium/src&ref=refs/heads/main&revision=95fac42cb34a14ed00d74d8f31764da8f1a2f834&path=//&platform=linux&test_suite_type=unit&modifier_id=0
2022-12-08 10:45:53,2022-12-08,86944a7,2417618,4129408,58.54635821890208,769937,1617954,47.58707602317495,https://analysis.chromium.org/coverage/p/chromium/dir?host=chromium.googlesource.com&project=chromium/src&ref=refs/heads/main&revision=86944a7839d53f563b4ac25c04ad6b41315b09a1&path=//&platform=linux&test_suite_type=unit&modifier_id=0
2022-12-08 22:45:48,2022-12-08,7332405,2416007,4130210,58.49598446568092,769085,1618152,47.52860052702095,https://analysis.chromium.org/coverage/p/chromium/dir?host=chromium.googlesource.com&project=chromium/src&ref=refs/heads/main&revision=733240551554cf06bacf3eb804dec83b6c3e2907&path=//&platform=linux&test_suite_type=unit&modifier_id=0
2022-12-09 10:45:37,2022-12-09,e913713,2418077,4130812,58.537570821426876,769997,1618434,47.57666979314572,https://analysis.chromium.org/coverage/p/chromium/dir?host=chromium.googlesource.com&project=chromium/src&ref=refs/heads/main&revision=e9137131202521beddf246cdcb01a47aca11e394&path=//&platform=linux&test_suite_type=unit&modifier_id=0
2022-12-09 20:07:19,2022-12-09,6af88ef,2417823,4130411,58.537104418906495,770006,1618304,47.58104781301906,https://analysis.chromium.org/coverage/p/chromium/dir?host=chromium.googlesource.com&project=chromium/src&ref=refs/heads/main&revision=6af88ef002cb62086078a7c7d39822d02c9ab6a8&path=//&platform=linux&test_suite_type=unit&modifier_id=0
2022-12-10 20:05:01,2022-12-10,795b7f3,2417080,4130411,58.51911589427783,769705,1618304,47.56244809380685,https://analysis.chromium.org/coverage/p/chromium/dir?host=chromium.googlesource.com&project=chromium/src&ref=refs/heads/main&revision=795b7f3d49c738db563067858968ec791ee0b3a8&path=//&platform=linux&test_suite_type=unit&modifier_id=0
2022-12-11 20:05:17,2022-12-11,1c9a081,2418367,4130411,58.550275021057224,770193,1618304,47.59260312030373,https://analysis.chromium.org/coverage/p/chromium/dir?host=chromium.googlesource.com&project=chromium/src&ref=refs/heads/main&revision=1c9a08119fdd52444b7008dbf1afd1474f2866a2&path=//&platform=linux&test_suite_type=unit&modifier_id=0
2022-12-11 08:05:27,2022-12-11,5463693,2418230,4130411,58.54695815985382,770180,1618304,47.591799810171636,https://analysis.chromium.org/coverage/p/chromium/dir?host=chromium.googlesource.com&project=chromium/src&ref=refs/heads/main&revision=54636934c042a230b283124ef625ffccbec49a65&path=//&platform=linux&test_suite_type=unit&modifier_id=0
2022-12-12 10:40:01,2022-12-12,d95e5fb,2418823,4130512,58.55988313313216,770134,1618356,47.587428229635506,https://analysis.chromium.org/coverage/p/chromium/dir?host=chromium.googlesource.com&project=chromium/src&ref=refs/heads/main&revision=d95e5fb80ec0eb9d173f4bd51f3220b738434d90&path=//&platform=linux&test_suite_type=unit&modifier_id=0
2022-12-12 22:46:58,2022-12-12,a5320c1,2418079,4133057,58.50582268766194,769679,1619580,47.52337025648625,https://analysis.chromium.org/coverage/p/chromium/dir?host=chromium.googlesource.com&project=chromium/src&ref=refs/heads/main&revision=a5320c18e1bc941f86831bfcea861b5e18dd2545&path=//&platform=linux&test_suite_type=unit&modifier_id=0
2022-12-13 10:46:47,2022-12-13,0cf32b5,2419075,4133410,58.52492252159839,769906,1619594,47.53697531603599,https://analysis.chromium.org/coverage/p/chromium/dir?host=chromium.googlesource.com&project=chromium/src&ref=refs/heads/main&revision=0cf32b5139d35ac0eead5052e46b61e6d0ba1f08&path=//&platform=linux&test_suite_type=unit&modifier_id=0
2022-12-13 22:39:47,2022-12-13,8b97760,2419260,4134227,58.51783174944192,770178,1620076,47.53962159799911,https://analysis.chromium.org/coverage/p/chromium/dir?host=chromium.googlesource.com&project=chromium/src&ref=refs/heads/main&revision=8b97760c1b47e6dabea0412fd1c404cadead5af2&path=//&platform=linux&test_suite_type=unit&modifier_id=0
2022-12-14 10:42:17,2022-12-14,28bf4ad,2419624,4134886,58.5173085787613,770186,1620366,47.531607056677316,https://analysis.chromium.org/coverage/p/chromium/dir?host=chromium.googlesource.com&project=chromium/src&ref=refs/heads/main&revision=28bf4adf3e259f665c1df7b446e3c1f3b8104a92&path=//&platform=linux&test_suite_type=unit&modifier_id=0
2022-12-14 22:46:54,2022-12-14,a4ba004,2419836,4135782,58.509757042319926,770205,1620670,47.5238635872818,https://analysis.chromium.org/coverage/p/chromium/dir?host=chromium.googlesource.com&project=chromium/src&ref=refs/heads/main&revision=a4ba004f7896f37a8cebf4c41bf2040e0c880b96&path=//&platform=linux&test_suite_type=unit&modifier_id=0
2022-12-15 10:47:23,2022-12-15,eb8c5fe,2421280,4136101,58.54015653873056,770562,1620696,47.54512875949592,https://analysis.chromium.org/coverage/p/chromium/dir?host=chromium.googlesource.com&project=chromium/src&ref=refs/heads/main&revision=eb8c5fe054c9e5fab73bb273428a86aa5fba9813&path=//&platform=linux&test_suite_type=unit&modifier_id=0
2022-12-17 10:48:27,2022-12-17,fd07a8a,2420551,4139051,58.48082084516475,770925,1659048,46.46791412906679,https://analysis.chromium.org/coverage/p/chromium/dir?host=chromium.googlesource.com&project=chromium/src&ref=refs/heads/main&revision=fd07a8aefafa6842ce023e013d7dd7a7ca3fd728&path=//&platform=linux&test_suite_type=unit&modifier_id=0
2022-12-17 22:24:55,2022-12-17,e0603db,2420916,4139065,58.489441455981,770998,1659050,46.4722582200657,https://analysis.chromium.org/coverage/p/chromium/dir?host=chromium.googlesource.com&project=chromium/src&ref=refs/heads/main&revision=e0603db2fde3d03f9b60371c0281102dba9cabcf&path=//&platform=linux&test_suite_type=unit&modifier_id=0
2022-12-18 10:19:39,2022-12-18,4e7dc16,2420688,4139149,58.48274609104432,771018,1659052,46.473407705123165,https://analysis.chromium.org/coverage/p/chromium/dir?host=chromium.googlesource.com&project=chromium/src&ref=refs/heads/main&revision=4e7dc16b8f8763e7e91b430551d3edad7842f4b3&path=//&platform=linux&test_suite_type=unit&modifier_id=0
2022-12-19 10:47:48,2022-12-19,71f985f,2420639,4138439,58.491595502555434,771084,1658876,46.48231694231516,https://analysis.chromium.org/coverage/p/chromium/dir?host=chromium.googlesource.com&project=chromium/src&ref=refs/heads/main&revision=71f985f8d974d241be5547325ba6b725ad683dbd&path=//&platform=linux&test_suite_type=unit&modifier_id=0
2022-12-19 22:47:36,2022-12-19,3260312,2420018,4139167,58.466304935268376,770769,1658924,46.46198379190367,https://analysis.chromium.org/coverage/p/chromium/dir?host=chromium.googlesource.com&project=chromium/src&ref=refs/heads/main&revision=3260312ac22ebd073369a8421f4080a35a6f726f&path=//&platform=linux&test_suite_type=unit&modifier_id=0
2022-12-20 22:45:45,2022-12-20,6bbac30,2421565,4141323,58.473222204595004,771079,1659272,46.470922187561776,https://analysis.chromium.org/coverage/p/chromium/dir?host=chromium.googlesource.com&project=chromium/src&ref=refs/heads/main&revision=6bbac3081733a454688a3a807e01d8203c086cbd&path=//&platform=linux&test_suite_type=unit&modifier_id=0
2022-12-21 21:04:12,2022-12-21,77dbba3,2425613,4147097,58.489420430725396,771364,1659828,46.47252606896618,https://analysis.chromium.org/coverage/p/chromium/dir?host=chromium.googlesource.com&project=chromium/src&ref=refs/heads/main&revision=77dbba30e477c1455627aa4749670613763d0357&path=//&platform=linux&test_suite_type=unit&modifier_id=0
2022-12-21 10:48:54,2022-12-21,a87ae45,2424276,4146039,58.472098308771336,771186,1659384,46.4742338120652,https://analysis.chromium.org/coverage/p/chromium/dir?host=chromium.googlesource.com&project=chromium/src&ref=refs/heads/main&revision=a87ae45d0475d8eafbab6093b451be55e0aa92ef&path=//&platform=linux&test_suite_type=unit&modifier_id=0
2022-12-23 22:29:40,2022-12-23,5666d0d,2426390,4148927,58.482349773808984,771555,1660264,46.4718261674047,https://analysis.chromium.org/coverage/p/chromium/dir?host=chromium.googlesource.com&project=chromium/src&ref=refs/heads/main&revision=5666d0dd765c300049e92937f9b76f3e2b95055e&path=//&platform=linux&test_suite_type=unit&modifier_id=0
2022-12-24 21:46:21,2022-12-24,cb5c90c,2426680,4148922,58.4894100202414,771700,1660240,46.481231629162046,https://analysis.chromium.org/coverage/p/chromium/dir?host=chromium.googlesource.com&project=chromium/src&ref=refs/heads/main&revision=cb5c90c0a306b04b4a5edfd8a1b77dfcf896f95a&path=//&platform=linux&test_suite_type=unit&modifier_id=0
2022-12-24 10:30:37,2022-12-24,33e6323,2425348,4148918,58.45736165429155,771237,1660238,46.45340005469095,https://analysis.chromium.org/coverage/p/chromium/dir?host=chromium.googlesource.com&project=chromium/src&ref=refs/heads/main&revision=33e6323636432acf6cd65b985aa50550b5d73702&path=//&platform=linux&test_suite_type=unit&modifier_id=0
2022-12-25 22:30:47,2022-12-25,1aa5413,2426570,4148926,58.486702341762665,771531,1660244,46.470940415987045,https://analysis.chromium.org/coverage/p/chromium/dir?host=chromium.googlesource.com&project=chromium/src&ref=refs/heads/main&revision=1aa541308ec5b2a9cf381dd05983cd451ecc2710&path=//&platform=linux&test_suite_type=unit&modifier_id=0
2022-12-25 10:24:14,2022-12-25,5e5ab44,2425377,4148922,58.45800427195305,771142,1660240,46.4476220305498,https://analysis.chromium.org/coverage/p/chromium/dir?host=chromium.googlesource.com&project=chromium/src&ref=refs/heads/main&revision=5e5ab449064685af811e0f6c633766e8f9b2f49c&path=//&platform=linux&test_suite_type=unit&modifier_id=0
2022-12-26 10:16:23,2022-12-26,44f6b32,2427108,4149069,58.49765332897573,771752,1660278,46.48329978473485,https://analysis.chromium.org/coverage/p/chromium/dir?host=chromium.googlesource.com&project=chromium/src&ref=refs/heads/main&revision=44f6b32b1e08872c8113d7495c462e6f7bdf7c77&path=//&platform=linux&test_suite_type=unit&modifier_id=0
2022-12-27 22:47:44,2022-12-27,96973bb,2426968,4149401,58.489598860172826,771632,1660382,46.47316099548176,https://analysis.chromium.org/coverage/p/chromium/dir?host=chromium.googlesource.com&project=chromium/src&ref=refs/heads/main&revision=96973bb0453a8788e55520720b4904e24bcdb8ec&path=//&platform=linux&test_suite_type=unit&modifier_id=0
2022-12-28 10:47:35,2022-12-28,b642c80,2426743,4149527,58.48240052420432,771682,1660412,46.47533262828744,https://analysis.chromium.org/coverage/p/chromium/dir?host=chromium.googlesource.com&project=chromium/src&ref=refs/heads/main&revision=b642c80ca09fb3f97436c850cc7bcbdaa2ee5f50&path=//&platform=linux&test_suite_type=unit&modifier_id=0
2022-12-28 22:46:53,2022-12-28,3538d37,2426702,4149626,58.480017235288194,771693,1660444,46.475099431236465,https://analysis.chromium.org/coverage/p/chromium/dir?host=chromium.googlesource.com&project=chromium/src&ref=refs/heads/main&revision=3538d37cf59c11261ab96042856bdc5cc3e7b5be&path=//&platform=linux&test_suite_type=unit&modifier_id=0
2022-12-31 09:28:50,2022-12-31,ef81669,2427582,4150220,58.49285098139376,771914,1660686,46.48163469795013,https://analysis.chromium.org/coverage/p/chromium/dir?host=chromium.googlesource.com&project=chromium/src&ref=refs/heads/main&revision=ef81669b83914a0c363d21782861fa4ad209f60a&path=//&platform=linux&test_suite_type=unit&modifier_id=0
2022-12-31 22:51:14,2022-12-31,0a33cb5,2426882,4150220,58.47598440564597,771812,1660686,46.475492657853444,https://analysis.chromium.org/coverage/p/chromium/dir?host=chromium.googlesource.com&project=chromium/src&ref=refs/heads/main&revision=0a33cb54788c73e01fe8c2b77ab36cddb270dd8b&path=//&platform=linux&test_suite_type=unit&modifier_id=0
2023-01-01 10:42:12,2023-01-01,1347507,2427342,4150220,58.48706815542309,771700,1660686,46.46874845696296,https://analysis.chromium.org/coverage/p/chromium/dir?host=chromium.googlesource.com&project=chromium/src&ref=refs/heads/main&revision=1347507da94a61d7d66944d24ae93c67dc42046b&path=//&platform=linux&test_suite_type=unit&modifier_id=0
2023-01-01 22:26:51,2023-01-01,0527f4c,2427268,4150220,58.485285117415465,771804,1660686,46.475010929218406,https://analysis.chromium.org/coverage/p/chromium/dir?host=chromium.googlesource.com&project=chromium/src&ref=refs/heads/main&revision=0527f4c37ce4cc4aef61f88af38e844c0a2d2bb3&path=//&platform=linux&test_suite_type=unit&modifier_id=0
2023-01-02 10:49:12,2023-01-02,d7f7102,2427925,4150467,58.497634121654265,772061,1660786,46.48768715535897,https://analysis.chromium.org/coverage/p/chromium/dir?host=chromium.googlesource.com&project=chromium/src&ref=refs/heads/main&revision=d7f710207198dccb7719d89ca62cabfac3659ff7&path=//&platform=linux&test_suite_type=unit&modifier_id=0
2023-01-02 22:45:41,2023-01-02,4b76872,2427304,4150289,58.48518018865674,771931,1660742,46.481090982223606,https://analysis.chromium.org/coverage/p/chromium/dir?host=chromium.googlesource.com&project=chromium/src&ref=refs/heads/main&revision=4b76872ae9ccde8d32ca871259aef400d185447a&path=//&platform=linux&test_suite_type=unit&modifier_id=0
2023-01-03 22:52:40,2023-01-03,a50fe30,2426707,4150771,58.46400584373361,771749,1660832,46.4676138224697,https://analysis.chromium.org/coverage/p/chromium/dir?host=chromium.googlesource.com&project=chromium/src&ref=refs/heads/main&revision=a50fe303ea91bb49d021ac70f1eba585b7e67a3a&path=//&platform=linux&test_suite_type=unit&modifier_id=0
2023-01-03 10:41:56,2023-01-03,05321f7,2427887,4150540,58.49568971748254,771961,1660830,46.480434481554404,https://analysis.chromium.org/coverage/p/chromium/dir?host=chromium.googlesource.com&project=chromium/src&ref=refs/heads/main&revision=05321f71e09602ec345f52e6f884668643d72740&path=//&platform=linux&test_suite_type=unit&modifier_id=0
2023-01-04 22:41:55,2023-01-04,f676f87,2426538,4148856,58.486917839520096,771729,1660424,46.47782735012262,https://analysis.chromium.org/coverage/p/chromium/dir?host=chromium.googlesource.com&project=chromium/src&ref=refs/heads/main&revision=f676f874381af25fee761c44e1ff6277ff2b0dd1&path=//&platform=linux&test_suite_type=unit&modifier_id=0
2023-01-05 10:49:36,2023-01-05,af852d0,2426548,4148786,58.48814568888345,771648,1660386,46.47401266934315,https://analysis.chromium.org/coverage/p/chromium/dir?host=chromium.googlesource.com&project=chromium/src&ref=refs/heads/main&revision=af852d0fe9f39f637c8c068bed7c0c62c141e7be&path=//&platform=linux&test_suite_type=unit&modifier_id=0
2023-01-06 22:33:29,2023-01-06,f16bd7d,2429167,4150916,58.521227603738545,772449,1661090,46.502537490443025,https://analysis.chromium.org/coverage/p/chromium/dir?host=chromium.googlesource.com&project=chromium/src&ref=refs/heads/main&revision=f16bd7db168b000492324ce3f57bc80f16de25f7&path=//&platform=linux&test_suite_type=unit&modifier_id=0
2023-01-07 22:50:11,2023-01-07,ae4ec72,2428878,4150916,58.51426528505997,772349,1661088,46.49657333025102,https://analysis.chromium.org/coverage/p/chromium/dir?host=chromium.googlesource.com&project=chromium/src&ref=refs/heads/main&revision=ae4ec72f55f39f8f305fa284926aabf212fb64e8&path=//&platform=linux&test_suite_type=unit&modifier_id=0
2023-01-08 09:26:50,2023-01-08,52e5c13,2427040,4150916,58.46998590190695,771819,1661088,46.46466653181529,https://analysis.chromium.org/coverage/p/chromium/dir?host=chromium.googlesource.com&project=chromium/src&ref=refs/heads/main&revision=52e5c1338a5e88e581b519f2c1993aa0ecd186e7&path=//&platform=linux&test_suite_type=unit&modifier_id=0
2023-01-09 10:54:08,2023-01-09,d567e70,2426448,4150785,58.457568869503,764629,1638038,46.679564210354094,https://analysis.chromium.org/coverage/p/chromium/dir?host=chromium.googlesource.com&project=chromium/src&ref=refs/heads/main&revision=d567e70f77ce1de7874f90a89c82b44c66bae947&path=//&platform=linux&test_suite_type=unit&modifier_id=0
2023-01-10 10:52:48,2023-01-10,24976f0,2428022,4151499,58.48542899805588,771779,1661082,46.46242629803947,https://analysis.chromium.org/coverage/p/chromium/dir?host=chromium.googlesource.com&project=chromium/src&ref=refs/heads/main&revision=24976f02eddc24db9bbf15a285f08cc38b0e66fe&path=//&platform=linux&test_suite_type=unit&modifier_id=0
2023-02-07 02:55:54,2023-02-07,8260b84,2477332,4498540,55.06968927696541,779301,1758912,44.30585498308045,https://analysis.chromium.org/coverage/p/chromium/dir?host=chromium.googlesource.com&project=chromium/src&ref=refs/heads/main&revision=8260b84624e927985fcf8058e8e8ae93e15c1ff8&path=//&platform=linux&test_suite_type=unit&modifier_id=0
2023-02-07 14:56:14,2023-02-07,f75f454,2476602,4497967,55.060475099083654,778741,1758690,44.279605842985404,https://analysis.chromium.org/coverage/p/chromium/dir?host=chromium.googlesource.com&project=chromium/src&ref=refs/heads/main&revision=f75f4542e4a63c7364d9440a9330b9f7d017e3b3&path=//&platform=linux&test_suite_type=unit&modifier_id=0
2023-02-08 02:52:56,2023-02-08,6ca81f7,2476787,4498494,55.05813723437221,778950,1758774,44.28937430278137,https://analysis.chromium.org/coverage/p/chromium/dir?host=chromium.googlesource.com&project=chromium/src&ref=refs/heads/main&revision=6ca81f7f10d5483878858877dc9ca6208fb15443&path=//&platform=linux&test_suite_type=unit&modifier_id=0
2023-02-08 14:56:08,2023-02-08,4455136,2477966,4499105,55.07686528765166,779207,1758864,44.30171974638176,https://analysis.chromium.org/coverage/p/chromium/dir?host=chromium.googlesource.com&project=chromium/src&ref=refs/heads/main&revision=445513696b02b29c3b42145add9a1b564554e246&path=//&platform=linux&test_suite_type=unit&modifier_id=0
2023-02-09 02:54:22,2023-02-09,9190f10,2477858,4499915,55.06455121930081,779354,1759176,44.30221876605866,https://analysis.chromium.org/coverage/p/chromium/dir?host=chromium.googlesource.com&project=chromium/src&ref=refs/heads/main&revision=9190f10547d2c6db7f8a4c18e9662328fa9d2226&path=//&platform=linux&test_suite_type=unit&modifier_id=0
2023-02-09 14:57:19,2023-02-09,c9edadc,2478515,4501355,55.06153147219004,779512,1759862,44.29392759204983,https://analysis.chromium.org/coverage/p/chromium/dir?host=chromium.googlesource.com&project=chromium/src&ref=refs/heads/main&revision=c9edadcc386b521b85e8f785ff339dce0e381f54&path=//&platform=linux&test_suite_type=unit&modifier_id=0
2023-02-10 14:53:22,2023-02-10,93225ab,2478859,4501762,55.064194864144305,779605,1760338,44.287233474480466,https://analysis.chromium.org/coverage/p/chromium/dir?host=chromium.googlesource.com&project=chromium/src&ref=refs/heads/main&revision=93225ab6c9c31ae88a3d059d08971c7fa7dea465&path=//&platform=linux&test_suite_type=unit&modifier_id=0
2023-02-10 02:57:11,2023-02-10,9d65379,2477328,4500134,55.05009406386566,779156,1759628,44.279586367118505,https://analysis.chromium.org/coverage/p/chromium/dir?host=chromium.googlesource.com&project=chromium/src&ref=refs/heads/main&revision=9d65379efbd9dc042ea26e0ebbdcd6c75b2ab020&path=//&platform=linux&test_suite_type=unit&modifier_id=0
2023-02-11 02:27:27,2023-02-11,b31e365,2479434,4502393,55.06924873061947,779717,1760586,44.28735659604246,https://analysis.chromium.org/coverage/p/chromium/dir?host=chromium.googlesource.com&project=chromium/src&ref=refs/heads/main&revision=b31e36529f30b945802f6e41c3951094ebfc235a&path=//&platform=linux&test_suite_type=unit&modifier_id=0
2023-02-11 14:17:11,2023-02-11,0dd8137,2481245,4502411,55.1092514654926,786867,1783704,44.11421401757242,https://analysis.chromium.org/coverage/p/chromium/dir?host=chromium.googlesource.com&project=chromium/src&ref=refs/heads/main&revision=0dd81376f8bd1e8187804a116a6f38e02916face&path=//&platform=linux&test_suite_type=unit&modifier_id=0
2023-02-12 02:07:04,2023-02-12,ffef068,2481032,4502411,55.10452066681607,786930,1783704,44.117745993729905,https://analysis.chromium.org/coverage/p/chromium/dir?host=chromium.googlesource.com&project=chromium/src&ref=refs/heads/main&revision=ffef06881576c284b79bd4fc56972d2baf30e130&path=//&platform=linux&test_suite_type=unit&modifier_id=0
2023-02-12 14:10:43,2023-02-12,54819e2,2481165,4502411,55.107474639698594,786954,1783704,44.11909150845656,https://analysis.chromium.org/coverage/p/chromium/dir?host=chromium.googlesource.com&project=chromium/src&ref=refs/heads/main&revision=54819e2831460e69ea2e57e6a8150a41402ad73d&path=//&platform=linux&test_suite_type=unit&modifier_id=0
2023-02-13 02:56:06,2023-02-13,b7ea588,2481158,4501481,55.11870426644031,786838,1783340,44.1215920688147,https://analysis.chromium.org/coverage/p/chromium/dir?host=chromium.googlesource.com&project=chromium/src&ref=refs/heads/main&revision=b7ea5880ef55cc82daa927c13fcaa0642c6d6941&path=//&platform=linux&test_suite_type=unit&modifier_id=0
2023-02-13 14:33:36,2023-02-13,a87d6be,2482123,4502573,55.126768627626916,787218,1783874,44.12968628950251,https://analysis.chromium.org/coverage/p/chromium/dir?host=chromium.googlesource.com&project=chromium/src&ref=refs/heads/main&revision=a87d6be71e67e4cad7266fc27e8c8d82846d38a0&path=//&platform=linux&test_suite_type=unit&modifier_id=0
2023-02-14 02:53:31,2023-02-14,5ad8254,2480961,4503398,55.090866940918836,786859,1784074,44.10461673674971,https://analysis.chromium.org/coverage/p/chromium/dir?host=chromium.googlesource.com&project=chromium/src&ref=refs/heads/main&revision=5ad825417696ebecb896d324493cc9b5a6dafef4&path=//&platform=linux&test_suite_type=unit&modifier_id=0
2023-02-14 14:58:39,2023-02-14,016eae4,2483019,4504511,55.122942312717186,787679,1784664,44.13598301977291,https://analysis.chromium.org/coverage/p/chromium/dir?host=chromium.googlesource.com&project=chromium/src&ref=refs/heads/main&revision=016eae4ad9e0bdf8c8b937407fbb5be0f8711918&path=//&platform=linux&test_suite_type=unit&modifier_id=0
2023-02-15 14:57:53,2023-02-15,af489d9,2482862,4507639,55.08120770097162,787335,1786306,44.07615492530395,https://analysis.chromium.org/coverage/p/chromium/dir?host=chromium.googlesource.com&project=chromium/src&ref=refs/heads/main&revision=af489d944bea0e4593cf66fbd30da65e6d2ba40c&path=//&platform=linux&test_suite_type=unit&modifier_id=0
2023-02-16 02:52:48,2023-02-16,c77791f,2484140,4507897,55.106405492405884,787743,1786358,44.09771165690192,https://analysis.chromium.org/coverage/p/chromium/dir?host=chromium.googlesource.com&project=chromium/src&ref=refs/heads/main&revision=c77791f7d0fc8e82ec6014746ebc81ff0116d171&path=//&platform=linux&test_suite_type=unit&modifier_id=0
2023-02-16 14:58:17,2023-02-16,ec7e191,2488596,4514993,55.11849077063907,788856,1788442,44.10855929350798,https://analysis.chromium.org/coverage/p/chromium/dir?host=chromium.googlesource.com&project=chromium/src&ref=refs/heads/main&revision=ec7e19186694725efd00466310fb8c8c77e783e7&path=//&platform=linux&test_suite_type=unit&modifier_id=0
2023-02-17 02:58:13,2023-02-17,07afa77,2489135,4515372,55.12580137361883,789114,1788538,44.120616950827994,https://analysis.chromium.org/coverage/p/chromium/dir?host=chromium.googlesource.com&project=chromium/src&ref=refs/heads/main&revision=07afa77a5b050344345505a2510e72ce7f5f0a89&path=//&platform=linux&test_suite_type=unit&modifier_id=0
2023-02-17 14:55:41,2023-02-17,3b95e54,2489379,4517233,55.108492300485715,788760,1789240,44.08352149515996,https://analysis.chromium.org/coverage/p/chromium/dir?host=chromium.googlesource.com&project=chromium/src&ref=refs/heads/main&revision=3b95e54db6f17a64513f19e494da9da279306646&path=//&platform=linux&test_suite_type=unit&modifier_id=0
2023-02-18 02:35:18,2023-02-18,f0fffb6,2490758,4517219,55.13919072774643,789435,1789272,44.12045792925838,https://analysis.chromium.org/coverage/p/chromium/dir?host=chromium.googlesource.com&project=chromium/src&ref=refs/heads/main&revision=f0fffb6bb3565b3d6584f3da61c35e6d09e01f98&path=//&platform=linux&test_suite_type=unit&modifier_id=0
2023-02-18 14:39:53,2023-02-18,d47f8e3,2490839,4516533,55.14935903269167,789416,1788822,44.130494817259624,https://analysis.chromium.org/coverage/p/chromium/dir?host=chromium.googlesource.com&project=chromium/src&ref=refs/heads/main&revision=d47f8e3f0231fb645ea8a16f2b83ac5c53dfbbac&path=//&platform=linux&test_suite_type=unit&modifier_id=0
2023-02-19 14:18:56,2023-02-19,9dfc746,2490714,4516580,55.1460175619606,789351,1788900,44.12493711219185,https://analysis.chromium.org/coverage/p/chromium/dir?host=chromium.googlesource.com&project=chromium/src&ref=refs/heads/main&revision=9dfc746220e41fe301b03e61fe5d0cbbbe76f4a4&path=//&platform=linux&test_suite_type=unit&modifier_id=0
2023-02-19 02:43:14,2023-02-19,649093e,2491484,4516585,55.163004792337574,789477,1788896,44.13207922651736,https://analysis.chromium.org/coverage/p/chromium/dir?host=chromium.googlesource.com&project=chromium/src&ref=refs/heads/main&revision=649093e14224308d8956c1d826fcc07dd87e0652&path=//&platform=linux&test_suite_type=unit&modifier_id=0
2023-02-20 02:53:13,2023-02-20,fcf3c09,2490391,4516921,55.13470348496244,789249,1789014,44.11642390724723,https://analysis.chromium.org/coverage/p/chromium/dir?host=chromium.googlesource.com&project=chromium/src&ref=refs/heads/main&revision=fcf3c09c0d6182422c2ec5772a83f6f03d276aa4&path=//&platform=linux&test_suite_type=unit&modifier_id=0
2023-02-20 14:57:53,2023-02-20,c7cefdc,2491082,4517782,55.13949101572409,789489,1789460,44.118840320543626,https://analysis.chromium.org/coverage/p/chromium/dir?host=chromium.googlesource.com&project=chromium/src&ref=refs/heads/main&revision=c7cefdc9cd12ffb45eb26d27fee6ed11efbce905&path=//&platform=linux&test_suite_type=unit&modifier_id=0
2023-02-21 02:58:02,2023-02-21,aa3136e,2490311,4518123,55.118264819262336,789299,1789586,44.10511704941813,https://analysis.chromium.org/coverage/p/chromium/dir?host=chromium.googlesource.com&project=chromium/src&ref=refs/heads/main&revision=aa3136e51a669d1fd79fadfa5586bcd5b15558f7&path=//&platform=linux&test_suite_type=unit&modifier_id=0
2023-02-21 15:00:14,2023-02-21,4b8ec21,2489654,4518016,55.105028401847186,789169,1789662,44.095980134796406,https://analysis.chromium.org/coverage/p/chromium/dir?host=chromium.googlesource.com&project=chromium/src&ref=refs/heads/main&revision=4b8ec21e79b2bd8a96bcb4649f4870561ca564fe&path=//&platform=linux&test_suite_type=unit&modifier_id=0
2023-02-22 03:00:10,2023-02-22,89a0507,2490274,4519411,55.10173781494978,789112,1790286,44.07742673516969,https://analysis.chromium.org/coverage/p/chromium/dir?host=chromium.googlesource.com&project=chromium/src&ref=refs/heads/main&revision=89a0507a363160f7f265508f6af38b6fa1cece62&path=//&platform=linux&test_suite_type=unit&modifier_id=0
2023-02-22 15:00:09,2023-02-22,bf33a39,2489907,4521605,55.06688443594697,789170,1790434,44.07702266601282,https://analysis.chromium.org/coverage/p/chromium/dir?host=chromium.googlesource.com&project=chromium/src&ref=refs/heads/main&revision=bf33a39373d178f7ecc136c5495120c6cc1493a3&path=//&platform=linux&test_suite_type=unit&modifier_id=0
2023-02-23 02:59:51,2023-02-23,6474764,2489817,4521244,55.069290664250815,788899,1790200,44.06764607306446,https://analysis.chromium.org/coverage/p/chromium/dir?host=chromium.googlesource.com&project=chromium/src&ref=refs/heads/main&revision=64747640f1040a62d40f3cf9d3c1cdecc2ecce0d&path=//&platform=linux&test_suite_type=unit&modifier_id=0
2023-02-23 14:59:31,2023-02-23,b669662,2490622,4522773,55.068472373033096,789180,1790786,44.068917224056925,https://analysis.chromium.org/coverage/p/chromium/dir?host=chromium.googlesource.com&project=chromium/src&ref=refs/heads/main&revision=b669662f6e21e8c63189c7dc07a1d27caa6db5ab&path=//&platform=linux&test_suite_type=unit&modifier_id=0
2023-02-24 02:58:30,2023-02-24,023c437,2490098,4523310,55.050350296574855,789170,1791136,44.05974755685777,https://analysis.chromium.org/coverage/p/chromium/dir?host=chromium.googlesource.com&project=chromium/src&ref=refs/heads/main&revision=023c4377a62e93598371dd3a2be54485d3e3f120&path=//&platform=linux&test_suite_type=unit&modifier_id=0
2023-02-24 15:00:33,2023-02-24,01fd002,2491828,4524343,55.076018772228366,790139,1792046,44.091446313320084,https://analysis.chromium.org/coverage/p/chromium/dir?host=chromium.googlesource.com&project=chromium/src&ref=refs/heads/main&revision=01fd002b804e0eb2a6c04813d0adf913c46ee419&path=//&platform=linux&test_suite_type=unit&modifier_id=0
2023-02-25 02:13:38,2023-02-25,3452b27,2492490,4524882,55.08408838064727,790179,1792200,44.08988952125879,https://analysis.chromium.org/coverage/p/chromium/dir?host=chromium.googlesource.com&project=chromium/src&ref=refs/heads/main&revision=3452b2736160c06f5f7a50dd4757f1186e10b77b&path=//&platform=linux&test_suite_type=unit&modifier_id=0
2023-02-25 14:28:23,2023-02-25,2f02542,2491873,4524877,55.07051351893101,790062,1792198,44.08341042674972,https://analysis.chromium.org/coverage/p/chromium/dir?host=chromium.googlesource.com&project=chromium/src&ref=refs/heads/main&revision=2f025428523f41acfa0d327e0f6b15ebb9273405&path=//&platform=linux&test_suite_type=unit&modifier_id=0
2023-02-26 02:23:07,2023-02-26,21b8055,2493067,4524878,55.096888800095826,790283,1792198,44.09574165354498,https://analysis.chromium.org/coverage/p/chromium/dir?host=chromium.googlesource.com&project=chromium/src&ref=refs/heads/main&revision=21b8055863abc719d42b205b6aacdf155ee52236&path=//&platform=linux&test_suite_type=unit&modifier_id=0
2023-02-27 02:51:45,2023-02-27,faded51,2492994,4525174,55.091671613069465,790231,1792280,44.09082286249917,https://analysis.chromium.org/coverage/p/chromium/dir?host=chromium.googlesource.com&project=chromium/src&ref=refs/heads/main&revision=faded51cb5c18ac8b88966901b49f7682fb69da0&path=//&platform=linux&test_suite_type=unit&modifier_id=0
2023-03-24 15:10:18,2023-03-24,36c73c1,2504834,4566299,54.85479597371964,794364,1809924,43.889356680169996,https://analysis.chromium.org/coverage/p/chromium/dir?host=chromium.googlesource.com&project=chromium/src&ref=refs/heads/main&revision=36c73c1ea0c5bd305f8d57d5490e70766bc7948a&path=//&platform=linux&test_suite_type=unit&modifier_id=0
2023-03-24 03:07:08,2023-03-24,664b12c,2504947,4569719,54.81621517646928,794466,1811820,43.84905785342915,https://analysis.chromium.org/coverage/p/chromium/dir?host=chromium.googlesource.com&project=chromium/src&ref=refs/heads/main&revision=664b12c89fe634b36b1f1de369e7154d27336c07&path=//&platform=linux&test_suite_type=unit&modifier_id=0
2023-03-25 02:58:38,2023-03-25,8d29fcc,2504942,4566540,54.85426603073662,794604,1810052,43.89951227920524,https://analysis.chromium.org/coverage/p/chromium/dir?host=chromium.googlesource.com&project=chromium/src&ref=refs/heads/main&revision=8d29fcc54c0f5d4d410453721915a86acb3af44f&path=//&platform=linux&test_suite_type=unit&modifier_id=0
2023-03-25 14:56:36,2023-03-25,bf7cc09,2505032,4566587,54.85567229968464,794630,1810072,43.90046362796618,https://analysis.chromium.org/coverage/p/chromium/dir?host=chromium.googlesource.com&project=chromium/src&ref=refs/heads/main&revision=bf7cc098236a6ff8dfdb27a84f3175fb90be47d0&path=//&platform=linux&test_suite_type=unit&modifier_id=0
2023-03-26 03:00:07,2023-03-26,db45ba0,2503409,4566608,54.81987943786723,794130,1810078,43.87269498883474,https://analysis.chromium.org/coverage/p/chromium/dir?host=chromium.googlesource.com&project=chromium/src&ref=refs/heads/main&revision=db45ba07c6d69a9ddd5ee0f869d96be70dd40409&path=//&platform=linux&test_suite_type=unit&modifier_id=0
2023-03-31 15:07:10,2023-03-31,1826444,2503169,4551746,54.99360025801088,788256,1781048,44.25798743211862,https://analysis.chromium.org/coverage/p/chromium/dir?host=chromium.googlesource.com&project=chromium/src&ref=refs/heads/main&revision=1826444aaec6a478b3ffdea981b20ef2eb749222&path=//&platform=linux&test_suite_type=unit&modifier_id=0
2023-03-31 03:05:53,2023-03-31,49b7cb8,2502916,4553280,54.969516480427295,788328,1782156,44.234511456909495,https://analysis.chromium.org/coverage/p/chromium/dir?host=chromium.googlesource.com&project=chromium/src&ref=refs/heads/main&revision=49b7cb8875811fdc25e200f53de8ba48a2dc2eb9&path=//&platform=linux&test_suite_type=unit&modifier_id=0
2023-04-01 14:59:58,2023-04-01,b9fde2e,2503106,4552156,54.98726317815119,788347,1781226,44.258673520373044,https://analysis.chromium.org/coverage/p/chromium/dir?host=chromium.googlesource.com&project=chromium/src&ref=refs/heads/main&revision=b9fde2e41e1846d4e86aacecc0f86d8df90932db&path=//&platform=linux&test_suite_type=unit&modifier_id=0
2023-04-02 03:08:03,2023-04-02,388387f,2503267,4552156,54.99079996379737,788308,1781226,44.256484017188164,https://analysis.chromium.org/coverage/p/chromium/dir?host=chromium.googlesource.com&project=chromium/src&ref=refs/heads/main&revision=388387f210899feef264dc9c201bb5036a25716a&path=//&platform=linux&test_suite_type=unit&modifier_id=0
2023-04-02 14:58:52,2023-04-02,f77d7ca,2503485,4552421,54.99238756696712,788555,1781496,44.26364134412876,https://analysis.chromium.org/coverage/p/chromium/dir?host=chromium.googlesource.com&project=chromium/src&ref=refs/heads/main&revision=f77d7caf91d3b1d06c349a31e345ff23e256c7c1&path=//&platform=linux&test_suite_type=unit&modifier_id=0
2023-04-03 03:10:59,2023-04-03,f730f43,2503246,4550838,55.00626478024487,788439,1780896,44.27204059080373,https://analysis.chromium.org/coverage/p/chromium/dir?host=chromium.googlesource.com&project=chromium/src&ref=refs/heads/main&revision=f730f431196dbc777d29f7b374acabf86ec4314f&path=//&platform=linux&test_suite_type=unit&modifier_id=0
2023-04-03 15:12:27,2023-04-03,bca8b7b,2502764,4550056,55.00512521164575,788366,1780612,44.27500207793725,https://analysis.chromium.org/coverage/p/chromium/dir?host=chromium.googlesource.com&project=chromium/src&ref=refs/heads/main&revision=bca8b7b9d806806f3df6f61c27b8252a043e8124&path=//&platform=linux&test_suite_type=unit&modifier_id=0
2023-04-05 03:03:45,2023-04-05,c1efcb2,2504890,4545487,55.10718653468814,789530,1777696,44.41310550285313,https://analysis.chromium.org/coverage/p/chromium/dir?host=chromium.googlesource.com&project=chromium/src&ref=refs/heads/main&revision=c1efcb23d9afb1fdc3fa6a87e5590d2521c93cef&path=//&platform=linux&test_suite_type=unit&modifier_id=0
2023-04-06 03:14:40,2023-04-06,4becfc6,2505821,4542159,55.168059946822645,789736,1775742,44.47357780578485,https://analysis.chromium.org/coverage/p/chromium/dir?host=chromium.googlesource.com&project=chromium/src&ref=refs/heads/main&revision=4becfc6178100bd5592eac4f9d3e9fc987b9edfc&path=//&platform=linux&test_suite_type=unit&modifier_id=0
2023-04-07 15:13:01,2023-04-07,ef76672,2505706,4543604,55.147983847183866,790295,1776932,44.47525285154412,https://analysis.chromium.org/coverage/p/chromium/dir?host=chromium.googlesource.com&project=chromium/src&ref=refs/heads/main&revision=ef766729111d85e6785710a3317de8ddc6577d4c&path=//&platform=linux&test_suite_type=unit&modifier_id=0
2023-04-08 03:03:10,2023-04-08,c71241c,2506153,4543543,55.158562381824055,790547,1776900,44.490235803928186,https://analysis.chromium.org/coverage/p/chromium/dir?host=chromium.googlesource.com&project=chromium/src&ref=refs/heads/main&revision=c71241c664a336387c8a9eb8610226e91f50b431&path=//&platform=linux&test_suite_type=unit&modifier_id=0
2023-04-08 15:03:02,2023-04-08,07844e3,2505260,4543530,55.1390658804938,790233,1776900,44.47256457876076,https://analysis.chromium.org/coverage/p/chromium/dir?host=chromium.googlesource.com&project=chromium/src&ref=refs/heads/main&revision=07844e34eb9851761bd3354516ee50437803110f&path=//&platform=linux&test_suite_type=unit&modifier_id=0
2023-04-09 03:12:12,2023-04-09,1b2c4a2,2505654,4543530,55.14773755207955,790329,1776900,44.47796724632787,https://analysis.chromium.org/coverage/p/chromium/dir?host=chromium.googlesource.com&project=chromium/src&ref=refs/heads/main&revision=1b2c4a208e202bc66bf5746ec89877eb1e9c9da1&path=//&platform=linux&test_suite_type=unit&modifier_id=0
2023-04-10 03:07:04,2023-04-10,1c4aaf2,2506635,4543687,55.167422403875975,790485,1776972,44.484944050891066,https://analysis.chromium.org/coverage/p/chromium/dir?host=chromium.googlesource.com&project=chromium/src&ref=refs/heads/main&revision=1c4aaf21e9ba577eb98f60e3f04223f719fc6691&path=//&platform=linux&test_suite_type=unit&modifier_id=0
2023-04-10 15:08:59,2023-04-10,6603be4,2506054,4543949,55.15145526501288,790459,1777110,44.480026559976594,https://analysis.chromium.org/coverage/p/chromium/dir?host=chromium.googlesource.com&project=chromium/src&ref=refs/heads/main&revision=6603be492a5366132525237cc3fe6601646a5506&path=//&platform=linux&test_suite_type=unit&modifier_id=0
2023-04-11 15:10:30,2023-04-11,065a157,2501479,4540146,55.0968845495277,788493,1775990,44.39737836361691,https://analysis.chromium.org/coverage/p/chromium/dir?host=chromium.googlesource.com&project=chromium/src&ref=refs/heads/main&revision=065a157d98446920b9e85b7da6cd2a2bc05a361b&path=//&platform=linux&test_suite_type=unit&modifier_id=0
2023-04-11 03:14:21,2023-04-11,434a3f6,2504557,4543740,55.121045658422354,789220,1776852,44.41675502517936,https://analysis.chromium.org/coverage/p/chromium/dir?host=chromium.googlesource.com&project=chromium/src&ref=refs/heads/main&revision=434a3f62ec6e85610b1ea7c4e8106d9a7df76f9b&path=//&platform=linux&test_suite_type=unit&modifier_id=0
2023-04-12 03:13:43,2023-04-12,90795cd,2501428,4540895,55.0866734421298,788477,1776260,44.38972898111763,https://analysis.chromium.org/coverage/p/chromium/dir?host=chromium.googlesource.com&project=chromium/src&ref=refs/heads/main&revision=90795cd016628a3cc40a9d44d46d48cb822a4efe&path=//&platform=linux&test_suite_type=unit&modifier_id=0
2023-04-12 15:14:11,2023-04-12,bb190ba,2502002,4541836,55.08789837413768,788827,1776520,44.40293382568167,https://analysis.chromium.org/coverage/p/chromium/dir?host=chromium.googlesource.com&project=chromium/src&ref=refs/heads/main&revision=bb190ba9a45d923676b0002989807e06c28dc5e4&path=//&platform=linux&test_suite_type=unit&modifier_id=0
2023-04-14 03:15:13,2023-04-14,e66b5fe,2503202,4543440,55.09486204285739,788974,1777022,44.3986624813874,https://analysis.chromium.org/coverage/p/chromium/dir?host=chromium.googlesource.com&project=chromium/src&ref=refs/heads/main&revision=e66b5fed09a938dd8a8214e49deb2301c5087a92&path=//&platform=linux&test_suite_type=unit&modifier_id=0
2023-04-15 02:55:41,2023-04-15,6547fa0,2503152,4543375,55.09454975651361,789308,1777286,44.41086015419015,https://analysis.chromium.org/coverage/p/chromium/dir?host=chromium.googlesource.com&project=chromium/src&ref=refs/heads/main&revision=6547fa03d5d3696be3de9e69835bdab99e126f4f&path=//&platform=linux&test_suite_type=unit&modifier_id=0
2023-04-15 15:05:38,2023-04-15,086d4a5,2504050,4543524,55.11250738413619,789511,1777350,44.42068247672096,https://analysis.chromium.org/coverage/p/chromium/dir?host=chromium.googlesource.com&project=chromium/src&ref=refs/heads/main&revision=086d4a5182fcfe4da376c5754ed9452b1112eb0c&path=//&platform=linux&test_suite_type=unit&modifier_id=0
2023-04-16 03:11:33,2023-04-16,f4a44f5,2503405,4543574,55.097705022521914,789513,1777356,44.42064504803765,https://analysis.chromium.org/coverage/p/chromium/dir?host=chromium.googlesource.com&project=chromium/src&ref=refs/heads/main&revision=f4a44f58945123134d808006762096f082be5bd3&path=//&platform=linux&test_suite_type=unit&modifier_id=0
2023-04-16 15:15:56,2023-04-16,a34ccc8,2502620,4543583,55.080318770450546,789135,1777362,44.39922761935948,https://analysis.chromium.org/coverage/p/chromium/dir?host=chromium.googlesource.com&project=chromium/src&ref=refs/heads/main&revision=a34ccc82dc8fa15f652af582e451395cf8595272&path=//&platform=linux&test_suite_type=unit&modifier_id=0
2023-04-17 03:16:40,2023-04-17,4c62f60,2503311,4543659,55.09460547105318,789490,1777518,44.41530268610501,https://analysis.chromium.org/coverage/p/chromium/dir?host=chromium.googlesource.com&project=chromium/src&ref=refs/heads/main&revision=4c62f6069aad01e8ff049410487bf21cefd28049&path=//&platform=linux&test_suite_type=unit&modifier_id=0
2023-04-17 15:16:14,2023-04-17,dae3489,2505341,4545195,55.120649389080114,790199,1778372,44.43384173839894,https://analysis.chromium.org/coverage/p/chromium/dir?host=chromium.googlesource.com&project=chromium/src&ref=refs/heads/main&revision=dae3489166c96e63cfca8c0d5a2c6019db686383&path=//&platform=linux&test_suite_type=unit&modifier_id=0
2023-04-18 03:14:54,2023-04-18,52330fb,2504759,4545919,55.099067977234085,790203,1778810,44.42312557271434,https://analysis.chromium.org/coverage/p/chromium/dir?host=chromium.googlesource.com&project=chromium/src&ref=refs/heads/main&revision=52330fbf9bc251d27bfca15c34aa6db4f1cf83c1&path=//&platform=linux&test_suite_type=unit&modifier_id=0
2023-04-18 15:17:20,2023-04-18,bafcff6,2505731,4546997,55.10738186103927,790513,1779290,44.42856420257518,https://analysis.chromium.org/coverage/p/chromium/dir?host=chromium.googlesource.com&project=chromium/src&ref=refs/heads/main&revision=bafcff61e7d7d07357664aeb576c5dcfed1b0bba&path=//&platform=linux&test_suite_type=unit&modifier_id=0
2023-04-19 15:16:43,2023-04-19,e3f3503,2506335,4547455,55.11511383839972,790765,1779326,44.44182797306396,https://analysis.chromium.org/coverage/p/chromium/dir?host=chromium.googlesource.com&project=chromium/src&ref=refs/heads/main&revision=e3f350318ae3774e49d7f2ad8894e534c51d014c&path=//&platform=linux&test_suite_type=unit&modifier_id=0
2023-04-20 03:15:35,2023-04-20,fef1e1b,2506853,4548170,55.11783860321844,790875,1779566,44.44201563752061,https://analysis.chromium.org/coverage/p/chromium/dir?host=chromium.googlesource.com&project=chromium/src&ref=refs/heads/main&revision=fef1e1b148e7bb3230a2650ed0cec3490dc84892&path=//&platform=linux&test_suite_type=unit&modifier_id=0
2023-04-21 15:17:56,2023-04-21,5d438d2,2508037,4550894,55.11086393135063,791438,1780884,44.44073841979601,https://analysis.chromium.org/coverage/p/chromium/dir?host=chromium.googlesource.com&project=chromium/src&ref=refs/heads/main&revision=5d438d269420b4c5fd0e4d862cbbd448262ac616&path=//&platform=linux&test_suite_type=unit&modifier_id=0
2023-04-22 14:57:53,2023-04-22,713a030,2508443,4551097,55.1173266577267,791542,1781006,44.44353359842696,https://analysis.chromium.org/coverage/p/chromium/dir?host=chromium.googlesource.com&project=chromium/src&ref=refs/heads/main&revision=713a0306354a5f8b91569e4dbe6028f0c5f126d3&path=//&platform=linux&test_suite_type=unit&modifier_id=0
2023-04-23 15:16:47,2023-04-23,49fd2a6,2508184,4551051,55.112192766022616,791635,1780996,44.44900493880952,https://analysis.chromium.org/coverage/p/chromium/dir?host=chromium.googlesource.com&project=chromium/src&ref=refs/heads/main&revision=49fd2a6d4f59f4ddb7f6986901f5ddecd8b62629&path=//&platform=linux&test_suite_type=unit&modifier_id=0
2023-04-24 03:13:18,2023-04-24,c0f2c6d,2507828,4550950,55.105593337654774,791286,1780896,44.43190394048838,https://analysis.chromium.org/coverage/p/chromium/dir?host=chromium.googlesource.com&project=chromium/src&ref=refs/heads/main&revision=c0f2c6d18f9011a103ed9ac71c45122f26ebd580&path=//&platform=linux&test_suite_type=unit&modifier_id=0
2023-04-25 03:11:41,2023-04-25,a955454,2510293,4552948,55.13555173483203,791998,1781592,44.45451034804826,https://analysis.chromium.org/coverage/p/chromium/dir?host=chromium.googlesource.com&project=chromium/src&ref=refs/heads/main&revision=a955454619d9c5a90016d6eba00eb6feb11c0d08&path=//&platform=linux&test_suite_type=unit&modifier_id=0
2023-04-26 03:13:38,2023-04-26,d851ab0,2510879,4554846,55.12544222131769,792339,1782546,44.4498486995567,https://analysis.chromium.org/coverage/p/chromium/dir?host=chromium.googlesource.com&project=chromium/src&ref=refs/heads/main&revision=d851ab07c71b8503faa45680d15a5b7565ff31ab&path=//&platform=linux&test_suite_type=unit&modifier_id=0
2023-05-01 03:09:28,2023-05-01,484293c,2514132,4559218,55.14393038455279,793860,1786772,44.429843315207535,https://analysis.chromium.org/coverage/p/chromium/dir?host=chromium.googlesource.com&project=chromium/src&ref=refs/heads/main&revision=484293c835960b33753c40933acd6cdacb8af416&path=//&platform=linux&test_suite_type=unit&modifier_id=0
2023-05-01 15:21:14,2023-05-01,06eff37,2514402,4560503,55.134313035206866,793998,1787280,44.424936215925875,https://analysis.chromium.org/coverage/p/chromium/dir?host=chromium.googlesource.com&project=chromium/src&ref=refs/heads/main&revision=06eff373c5f18ed378dcaf775c09d5fca16a091f&path=//&platform=linux&test_suite_type=unit&modifier_id=0
2023-05-02 03:20:31,2023-05-02,56b96a7,2514264,4560389,55.13266521781365,793874,1787284,44.41789889015959,https://analysis.chromium.org/coverage/p/chromium/dir?host=chromium.googlesource.com&project=chromium/src&ref=refs/heads/main&revision=56b96a7893c535da892ac09a18f716524c7f4c16&path=//&platform=linux&test_suite_type=unit&modifier_id=0
2023-05-03 15:22:17,2023-05-03,ca03bbf,2517025,4563389,55.15692394402493,794874,1789352,44.42245013837412,https://analysis.chromium.org/coverage/p/chromium/dir?host=chromium.googlesource.com&project=chromium/src&ref=refs/heads/main&revision=ca03bbf5a28e74d85d3646d40bf728dd27d54929&path=//&platform=linux&test_suite_type=unit&modifier_id=0
2023-05-04 03:20:35,2023-05-04,53a6bbc,2516802,4563911,55.145729178329724,794891,1789136,44.42876338076032,https://analysis.chromium.org/coverage/p/chromium/dir?host=chromium.googlesource.com&project=chromium/src&ref=refs/heads/main&revision=53a6bbc939e999a3c26784d1a4ed9df09caeeb06&path=//&platform=linux&test_suite_type=unit&modifier_id=0
2023-05-04 15:18:30,2023-05-04,fbe155b,2517168,4565061,55.13985464816352,795083,1790156,44.41417396025821,https://analysis.chromium.org/coverage/p/chromium/dir?host=chromium.googlesource.com&project=chromium/src&ref=refs/heads/main&revision=fbe155b81d6941a6fe7ca0aa113160925cdca762&path=//&platform=linux&test_suite_type=unit&modifier_id=0
2023-05-05 15:20:07,2023-05-05,46565cc,2518186,4566487,55.14492869463989,795527,1790934,44.41967152335039,https://analysis.chromium.org/coverage/p/chromium/dir?host=chromium.googlesource.com&project=chromium/src&ref=refs/heads/main&revision=46565cce302c95abfced265a3a15a87d354c9271&path=//&platform=linux&test_suite_type=unit&modifier_id=0
2023-05-06 15:15:58,2023-05-06,3cc12ae,2518878,4567019,55.15365712295044,795557,1791160,44.41574175394716,https://analysis.chromium.org/coverage/p/chromium/dir?host=chromium.googlesource.com&project=chromium/src&ref=refs/heads/main&revision=3cc12aef79c65bee8a7b9bbe2b4c41389fe12a6b&path=//&platform=linux&test_suite_type=unit&modifier_id=0
2023-05-07 03:14:27,2023-05-07,ee1b06d,2518113,4567033,55.136737571197756,795560,1791172,44.41561167771716,https://analysis.chromium.org/coverage/p/chromium/dir?host=chromium.googlesource.com&project=chromium/src&ref=refs/heads/main&revision=ee1b06d808856e7599cb0c9a6169a5199de42078&path=//&platform=linux&test_suite_type=unit&modifier_id=0
2023-05-08 03:22:41,2023-05-08,03d4e64,2519159,4567235,55.15720123882393,795625,1791268,44.416860012013835,https://analysis.chromium.org/coverage/p/chromium/dir?host=chromium.googlesource.com&project=chromium/src&ref=refs/heads/main&revision=03d4e64771cbc97f3ca5e4bbe85490d7cf909a0a&path=//&platform=linux&test_suite_type=unit&modifier_id=0
2023-05-17 15:23:07,2023-05-17,9944589,2527773,4586938,55.10806991505008,799055,1800586,44.37749710372068,https://analysis.chromium.org/coverage/p/chromium/dir?host=chromium.googlesource.com&project=chromium/src&ref=refs/heads/main&revision=99445894f4dc0948459b6a8fd56febc39a33f9ef&path=//&platform=linux&test_suite_type=unit&modifier_id=0
2023-05-20 03:23:57,2023-05-20,85ab029,2530006,4590941,55.10865855169997,799941,1802320,44.38396067291047,https://analysis.chromium.org/coverage/p/chromium/dir?host=chromium.googlesource.com&project=chromium/src&ref=refs/heads/main&revision=85ab0293e02e156696f51e29f375bf8f6fc4223a&path=//&platform=linux&test_suite_type=unit&modifier_id=0
2023-05-21 14:35:50,2023-05-21,ff049a6,2531496,4590979,55.14065736305916,800280,1802346,44.4021292249102,https://analysis.chromium.org/coverage/p/chromium/dir?host=chromium.googlesource.com&project=chromium/src&ref=refs/heads/main&revision=ff049a6a2f6f394aa086d9f92effd9815957d8a9&path=//&platform=linux&test_suite_type=unit&modifier_id=0
2023-05-21 01:53:48,2023-05-21,ab750d4,2530925,4590944,55.12864020994375,800238,1802322,44.40039016335594,https://analysis.chromium.org/coverage/p/chromium/dir?host=chromium.googlesource.com&project=chromium/src&ref=refs/heads/main&revision=ab750d47c53b61a27a40f48d4f6def3fa787689c&path=//&platform=linux&test_suite_type=unit&modifier_id=0
2023-05-22 03:24:47,2023-05-22,5c9e76f,2531228,4591345,55.13042474481878,800377,1802518,44.40327364275974,https://analysis.chromium.org/coverage/p/chromium/dir?host=chromium.googlesource.com&project=chromium/src&ref=refs/heads/main&revision=5c9e76f914814491d0dcc3b06050444da471ecda&path=//&platform=linux&test_suite_type=unit&modifier_id=0
2023-05-22 14:03:28,2023-05-22,4c2d1fd,2532185,4592693,55.135080877385015,800831,1803660,44.40033043921803,https://analysis.chromium.org/coverage/p/chromium/dir?host=chromium.googlesource.com&project=chromium/src&ref=refs/heads/main&revision=4c2d1fdf61b04ed7c777dbab501c93d5b9644bbd&path=//&platform=linux&test_suite_type=unit&modifier_id=0
2023-05-23 15:26:52,2023-05-23,1140a69,2533978,4594685,55.15020072105052,801376,1804188,44.41754406968675,https://analysis.chromium.org/coverage/p/chromium/dir?host=chromium.googlesource.com&project=chromium/src&ref=refs/heads/main&revision=1140a69af2141d5c72443f336b9eb8301a069c31&path=//&platform=linux&test_suite_type=unit&modifier_id=0
2023-05-24 03:14:26,2023-05-24,8b1cf64,2533253,4594543,55.136125616845895,801404,1804532,44.41062835128443,https://analysis.chromium.org/coverage/p/chromium/dir?host=chromium.googlesource.com&project=chromium/src&ref=refs/heads/main&revision=8b1cf6433dc6889bd72bf8f9339de4ff86960503&path=//&platform=linux&test_suite_type=unit&modifier_id=0
2023-05-24 11:31:06,2023-05-24,9615daa,2534101,4595652,55.14127266381354,801679,1805232,44.40864110540917,https://analysis.chromium.org/coverage/p/chromium/dir?host=chromium.googlesource.com&project=chromium/src&ref=refs/heads/main&revision=9615daa60221bf073bdcc4c893e740dab905ed02&path=//&platform=linux&test_suite_type=unit&modifier_id=0
2023-05-25 03:24:22,2023-05-25,618ac43,2534410,4597139,55.13015812660875,801832,1805784,44.40353885071526,https://analysis.chromium.org/coverage/p/chromium/dir?host=chromium.googlesource.com&project=chromium/src&ref=refs/heads/main&revision=618ac430ad906d130bec5b716c20a6b3879d9134&path=//&platform=linux&test_suite_type=unit&modifier_id=0
2023-05-26 15:26:31,2023-05-26,a527278,2535897,4600778,55.11887337315559,802409,1807628,44.39016213512957,https://analysis.chromium.org/coverage/p/chromium/dir?host=chromium.googlesource.com&project=chromium/src&ref=refs/heads/main&revision=a527278b403f7dd1e4d4557d8e5995e028c403d8&path=//&platform=linux&test_suite_type=unit&modifier_id=0
2023-05-27 15:16:28,2023-05-27,99ff0c7,2536765,4601045,55.13454008817562,802653,1807600,44.4043483071476,https://analysis.chromium.org/coverage/p/chromium/dir?host=chromium.googlesource.com&project=chromium/src&ref=refs/heads/main&revision=99ff0c7ee2df3290c6a9f949d23b1c57d90e9dd9&path=//&platform=linux&test_suite_type=unit&modifier_id=0
2023-05-29 03:15:41,2023-05-29,47a35b2,2535892,4601203,55.11367353276958,802410,1807608,44.390708604963024,https://analysis.chromium.org/coverage/p/chromium/dir?host=chromium.googlesource.com&project=chromium/src&ref=refs/heads/main&revision=47a35b2b9f4d78c8709af8e7e108697baf89dcff&path=//&platform=linux&test_suite_type=unit&modifier_id=0
2023-05-29 15:18:34,2023-05-29,f07e252,2536676,4601290,55.12967015771664,802421,1807676,44.389647259796554,https://analysis.chromium.org/coverage/p/chromium/dir?host=chromium.googlesource.com&project=chromium/src&ref=refs/heads/main&revision=f07e25282d71a837721eecc6200db3e9fd161dc8&path=//&platform=linux&test_suite_type=unit&modifier_id=0
2023-05-30 03:25:34,2023-05-30,a3976d9,2536342,4601604,55.11864993163253,802776,1808034,44.400492468615084,https://analysis.chromium.org/coverage/p/chromium/dir?host=chromium.googlesource.com&project=chromium/src&ref=refs/heads/main&revision=a3976d9df8fb93b9e63ccc331f5987f1b0a8bda4&path=//&platform=linux&test_suite_type=unit&modifier_id=0
2023-05-30 15:25:37,2023-05-30,97bfd29,2536925,4602709,55.118083719826735,802711,1808342,44.38933564558032,https://analysis.chromium.org/coverage/p/chromium/dir?host=chromium.googlesource.com&project=chromium/src&ref=refs/heads/main&revision=97bfd299daa1622383a15b89238ef104fb17648a&path=//&platform=linux&test_suite_type=unit&modifier_id=0
2023-05-31 15:26:43,2023-05-31,f280c48,2539413,4606256,55.129654105199535,803344,1809332,44.400032719257716,https://analysis.chromium.org/coverage/p/chromium/dir?host=chromium.googlesource.com&project=chromium/src&ref=refs/heads/main&revision=f280c489b8c7a9bf4a42faac49087ae2840ea664&path=//&platform=linux&test_suite_type=unit&modifier_id=0
2023-05-31 03:20:09,2023-05-31,68e117c,2538282,4603539,55.13762346751054,803092,1808554,44.40519884946759,https://analysis.chromium.org/coverage/p/chromium/dir?host=chromium.googlesource.com&project=chromium/src&ref=refs/heads/main&revision=68e117c60331fda6a276194562c026b1b7bf118c&path=//&platform=linux&test_suite_type=unit&modifier_id=0
2023-06-01 03:25:29,2023-06-01,7b63a09,2539642,4607100,55.12452518938161,803475,1809778,44.39632927353521,https://analysis.chromium.org/coverage/p/chromium/dir?host=chromium.googlesource.com&project=chromium/src&ref=refs/heads/main&revision=7b63a098f65f00d643a28571d0b71bc07de40b68&path=//&platform=linux&test_suite_type=unit&modifier_id=0
2023-06-01 15:28:25,2023-06-01,b03a031,2541119,4607732,55.149019083575176,803753,1810124,44.40320110666452,https://analysis.chromium.org/coverage/p/chromium/dir?host=chromium.googlesource.com&project=chromium/src&ref=refs/heads/main&revision=b03a031dc0a3bb902887955c42abc5190d5f1328&path=//&platform=linux&test_suite_type=unit&modifier_id=0
2023-06-02 03:26:51,2023-06-02,59515e0,2541655,4608685,55.14924539212378,804000,1810464,44.40850522297046,https://analysis.chromium.org/coverage/p/chromium/dir?host=chromium.googlesource.com&project=chromium/src&ref=refs/heads/main&revision=59515e08807151f06afcacfb2063732dd403ea05&path=//&platform=linux&test_suite_type=unit&modifier_id=0
2023-06-02 15:28:35,2023-06-02,8935621,2542305,4609961,55.14808042844614,804404,1811220,44.41227459944126,https://analysis.chromium.org/coverage/p/chromium/dir?host=chromium.googlesource.com&project=chromium/src&ref=refs/heads/main&revision=89356214bf50dc1a6c0c641c72afb5d7caa52fcb&path=//&platform=linux&test_suite_type=unit&modifier_id=0
2023-06-03 15:14:31,2023-06-03,afbae17,2541888,4610038,55.13811382899664,804386,1811298,44.409368309356054,https://analysis.chromium.org/coverage/p/chromium/dir?host=chromium.googlesource.com&project=chromium/src&ref=refs/heads/main&revision=afbae175fe4a5ae9701e75db80f11468d4f7b7d6&path=//&platform=linux&test_suite_type=unit&modifier_id=0
2023-06-04 03:01:58,2023-06-04,f2e4512,2541934,4610063,55.1388126366169,804249,1811292,44.40195175598413,https://analysis.chromium.org/coverage/p/chromium/dir?host=chromium.googlesource.com&project=chromium/src&ref=refs/heads/main&revision=f2e4512786c52ac2d1ea90038bfaffe5777a8e41&path=//&platform=linux&test_suite_type=unit&modifier_id=0
2023-06-04 15:22:08,2023-06-04,843a1b4,2541936,4610096,55.13846132488347,804185,1811306,44.39807520098758,https://analysis.chromium.org/coverage/p/chromium/dir?host=chromium.googlesource.com&project=chromium/src&ref=refs/heads/main&revision=843a1b4bc2a86aa8ea09ef99ec07350078bde9ce&path=//&platform=linux&test_suite_type=unit&modifier_id=0
2023-06-05 03:23:47,2023-06-05,84abfba,2542484,4610288,55.1480514883235,804552,1811628,44.41044187879631,https://analysis.chromium.org/coverage/p/chromium/dir?host=chromium.googlesource.com&project=chromium/src&ref=refs/heads/main&revision=84abfba0e0aa5f08b8a9777e0aa43c2ad30374dc&path=//&platform=linux&test_suite_type=unit&modifier_id=0
2023-06-05 15:28:50,2023-06-05,d330524,2542748,4611046,55.14471120001839,804701,1811824,44.413861390510334,https://analysis.chromium.org/coverage/p/chromium/dir?host=chromium.googlesource.com&project=chromium/src&ref=refs/heads/main&revision=d33052488607b172cd7efebb28f7545f48f550bb&path=//&platform=linux&test_suite_type=unit&modifier_id=0
2023-06-06 03:28:48,2023-06-06,83953f1,2543447,4611384,55.15582740452758,804689,1811908,44.41114007995991,https://analysis.chromium.org/coverage/p/chromium/dir?host=chromium.googlesource.com&project=chromium/src&ref=refs/heads/main&revision=83953f12161d282e0e7fa826529322022a466ee1&path=//&platform=linux&test_suite_type=unit&modifier_id=0
2023-06-06 15:29:22,2023-06-06,03f0aff,2542825,4610863,55.14856980135823,804765,1811510,44.42509287831698,https://analysis.chromium.org/coverage/p/chromium/dir?host=chromium.googlesource.com&project=chromium/src&ref=refs/heads/main&revision=03f0aff0ca9bde8a0cd006824bc4573ae4637236&path=//&platform=linux&test_suite_type=unit&modifier_id=0
2023-06-07 03:27:06,2023-06-07,5275f77,2543396,4610765,55.162126024640166,804974,1811448,44.43815113654932,https://analysis.chromium.org/coverage/p/chromium/dir?host=chromium.googlesource.com&project=chromium/src&ref=refs/heads/main&revision=5275f77303c153629bcbda4972a4d029ed0293e0&path=//&platform=linux&test_suite_type=unit&modifier_id=0
2023-06-07 15:29:47,2023-06-07,d96c6f3,2543471,4611266,55.15775927912205,804991,1811644,44.434281790462144,https://analysis.chromium.org/coverage/p/chromium/dir?host=chromium.googlesource.com&project=chromium/src&ref=refs/heads/main&revision=d96c6f38f032a64ebf9de92533fdbe8d160df639&path=//&platform=linux&test_suite_type=unit&modifier_id=0
2023-06-08 15:28:51,2023-06-08,0e8ac35,2543887,4612041,55.15751052516662,805142,1811920,44.43584705726522,https://analysis.chromium.org/coverage/p/chromium/dir?host=chromium.googlesource.com&project=chromium/src&ref=refs/heads/main&revision=0e8ac35d8f6af24957d04caffb9ee506bfb954a6&path=//&platform=linux&test_suite_type=unit&modifier_id=0
2023-06-09 03:30:27,2023-06-09,b09e566,2544922,4612864,55.17010690104889,805231,1812198,44.43394154501881,https://analysis.chromium.org/coverage/p/chromium/dir?host=chromium.googlesource.com&project=chromium/src&ref=refs/heads/main&revision=b09e5663d180ceac8a03f333c92e5458d6568bd6&path=//&platform=linux&test_suite_type=unit&modifier_id=0
2023-06-09 15:27:43,2023-06-09,d4579d1,2545030,4613342,55.166731623192035,805409,1812376,44.43939888853086,https://analysis.chromium.org/coverage/p/chromium/dir?host=chromium.googlesource.com&project=chromium/src&ref=refs/heads/main&revision=d4579d1dc07e3569419da1f0a99679aa6d7c0588&path=//&platform=linux&test_suite_type=unit&modifier_id=0
2023-06-10 15:14:54,2023-06-10,62c58b4,2545280,4613794,55.16674563276991,805412,1812598,44.43412163094078,https://analysis.chromium.org/coverage/p/chromium/dir?host=chromium.googlesource.com&project=chromium/src&ref=refs/heads/main&revision=62c58b4bfa3eb27bc52c357f4140b4767a55f5e9&path=//&platform=linux&test_suite_type=unit&modifier_id=0
2023-06-10 03:19:34,2023-06-10,2dfd495,2544883,4613785,55.15824859632601,805421,1812578,44.4351084477468,https://analysis.chromium.org/coverage/p/chromium/dir?host=chromium.googlesource.com&project=chromium/src&ref=refs/heads/main&revision=2dfd495ed26a3636ab5660621cf0cc2dbba35a7a&path=//&platform=linux&test_suite_type=unit&modifier_id=0
2023-06-11 03:21:24,2023-06-11,4f7821a,2545616,4613799,55.17396835016003,805511,1812606,44.43938726893765,https://analysis.chromium.org/coverage/p/chromium/dir?host=chromium.googlesource.com&project=chromium/src&ref=refs/heads/main&revision=4f7821a92871e03e63df4a11ad46c649c952f8d9&path=//&platform=linux&test_suite_type=unit&modifier_id=0
2023-06-11 15:27:39,2023-06-11,70ab514,2545511,4613799,55.17169256831518,805415,1812606,44.43409102695235,https://analysis.chromium.org/coverage/p/chromium/dir?host=chromium.googlesource.com&project=chromium/src&ref=refs/heads/main&revision=70ab514ddb2c897c0b64cff9c182b724ceef951c&path=//&platform=linux&test_suite_type=unit&modifier_id=0
2023-06-12 03:30:26,2023-06-12,adc0320,2545782,4613946,55.175808299446935,805523,1812644,44.43911766458279,https://analysis.chromium.org/coverage/p/chromium/dir?host=chromium.googlesource.com&project=chromium/src&ref=refs/heads/main&revision=adc03200815e41f1118836e7d2d0ab2febdffa30&path=//&platform=linux&test_suite_type=unit&modifier_id=0
2023-06-12 15:29:28,2023-06-12,2b028c8,2545762,4613821,55.17686967049654,805767,1812104,44.465825361016805,https://analysis.chromium.org/coverage/p/chromium/dir?host=chromium.googlesource.com&project=chromium/src&ref=refs/heads/main&revision=2b028c87ff37ea568da2968ab60e33672155abae&path=//&platform=linux&test_suite_type=unit&modifier_id=0
2023-06-13 03:25:20,2023-06-13,267d462,2547185,4615505,55.18756885757897,806270,1812768,44.477285565499834,https://analysis.chromium.org/coverage/p/chromium/dir?host=chromium.googlesource.com&project=chromium/src&ref=refs/heads/main&revision=267d4626ff7259f09b7a36fc722b1fa12628e6a2&path=//&platform=linux&test_suite_type=unit&modifier_id=0
2023-06-13 15:21:06,2023-06-13,a4bc69d,2548256,4616712,55.19633886627539,806733,1813328,44.48908305612664,https://analysis.chromium.org/coverage/p/chromium/dir?host=chromium.googlesource.com&project=chromium/src&ref=refs/heads/main&revision=a4bc69de7f05fbffbc6fb738d3c6a919c978a8c4&path=//&platform=linux&test_suite_type=unit&modifier_id=0
2023-06-14 03:28:12,2023-06-14,f92a39f,2548725,4617340,55.198989028315005,806906,1813798,44.48709282952126,https://analysis.chromium.org/coverage/p/chromium/dir?host=chromium.googlesource.com&project=chromium/src&ref=refs/heads/main&revision=f92a39f1f11e2adc2388042c0f545c0aeb2b2a76&path=//&platform=linux&test_suite_type=unit&modifier_id=0
2023-06-15 03:20:29,2023-06-15,5ef4375,2549776,4619244,55.198989271837554,807315,1814516,44.49202983054435,https://analysis.chromium.org/coverage/p/chromium/dir?host=chromium.googlesource.com&project=chromium/src&ref=refs/heads/main&revision=5ef4375b281e05d4e85657b880c3c0e49fef9b6b&path=//&platform=linux&test_suite_type=unit&modifier_id=0
2023-06-15 15:31:17,2023-06-15,5d6c59c,2551555,4620786,55.21906879046119,807665,1814592,44.50945446689945,https://analysis.chromium.org/coverage/p/chromium/dir?host=chromium.googlesource.com&project=chromium/src&ref=refs/heads/main&revision=5d6c59c901e6f38678e0170d9d541fe2dae1e490&path=//&platform=linux&test_suite_type=unit&modifier_id=0
2023-06-16 03:29:45,2023-06-16,c702f93,2551265,4621459,55.20475243856973,807555,1815180,44.48897629987109,https://analysis.chromium.org/coverage/p/chromium/dir?host=chromium.googlesource.com&project=chromium/src&ref=refs/heads/main&revision=c702f935cc2c402953fdb804d5a2227a282042b1&path=//&platform=linux&test_suite_type=unit&modifier_id=0
2023-06-16 15:30:39,2023-06-16,238b19f,2551603,4622791,55.19615747283405,807882,1815914,44.48900113111083,https://analysis.chromium.org/coverage/p/chromium/dir?host=chromium.googlesource.com&project=chromium/src&ref=refs/heads/main&revision=238b19f0010eda2597c8e043bc93e4d4a27b68b9&path=//&platform=linux&test_suite_type=unit&modifier_id=0
2023-06-17 15:24:39,2023-06-17,640dc18,2551482,4622618,55.19560560703913,807877,1815992,44.48681491988952,https://analysis.chromium.org/coverage/p/chromium/dir?host=chromium.googlesource.com&project=chromium/src&ref=refs/heads/main&revision=640dc189e49dbb1213547dc716e5e129b04f61ee&path=//&platform=linux&test_suite_type=unit&modifier_id=0
2023-06-18 15:26:55,2023-06-18,c6227e1,2551265,4622681,55.19015913059975,807852,1816032,44.48445842364011,https://analysis.chromium.org/coverage/p/chromium/dir?host=chromium.googlesource.com&project=chromium/src&ref=refs/heads/main&revision=c6227e1f58e0ac5bfcb7fc68fd32a6037b954a9c&path=//&platform=linux&test_suite_type=unit&modifier_id=0
2023-06-19 03:31:40,2023-06-19,2d1d500,2551975,4622659,55.20578091526976,808123,1816080,44.49820492489317,https://analysis.chromium.org/coverage/p/chromium/dir?host=chromium.googlesource.com&project=chromium/src&ref=refs/heads/main&revision=2d1d5003569209b04a6c3e8d0edc5b3e219d3fe0&path=//&platform=linux&test_suite_type=unit&modifier_id=0
2023-06-20 15:32:14,2023-06-20,fdc84ef,2552161,4623856,55.1955121439768,808231,1816976,44.48220559875309,https://analysis.chromium.org/coverage/p/chromium/dir?host=chromium.googlesource.com&project=chromium/src&ref=refs/heads/main&revision=fdc84efa9784471ff75cdd89c3023ac4376b3fff&path=//&platform=linux&test_suite_type=unit&modifier_id=0
2023-06-20 03:32:04,2023-06-20,9bedea2,2551728,4623086,55.195339217137644,808093,1816432,44.48793018400909,https://analysis.chromium.org/coverage/p/chromium/dir?host=chromium.googlesource.com&project=chromium/src&ref=refs/heads/main&revision=9bedea2d13c0518f727179908b773dcfa840e21f&path=//&platform=linux&test_suite_type=unit&modifier_id=0
2023-06-21 15:29:23,2023-06-21,ddd49a5,2552914,4624701,55.20170925644707,808266,1817086,44.48143896326316,https://analysis.chromium.org/coverage/p/chromium/dir?host=chromium.googlesource.com&project=chromium/src&ref=refs/heads/main&revision=ddd49a539959652c8fefba91138e43195388e47a&path=//&platform=linux&test_suite_type=unit&modifier_id=0
2023-06-21 03:31:20,2023-06-21,fc5fecd,2553032,4624344,55.20852254936052,808314,1817420,44.475905404364426,https://analysis.chromium.org/coverage/p/chromium/dir?host=chromium.googlesource.com&project=chromium/src&ref=refs/heads/main&revision=fc5fecde7373bea67ce563c47947864c26fbf5f9&path=//&platform=linux&test_suite_type=unit&modifier_id=0
2023-06-22 03:31:03,2023-06-22,fc76ded,2553449,4626582,55.19082986100754,808510,1818066,44.470882795234054,https://analysis.chromium.org/coverage/p/chromium/dir?host=chromium.googlesource.com&project=chromium/src&ref=refs/heads/main&revision=fc76ded06eab362a1ad6cd802a10c757f513acff&path=//&platform=linux&test_suite_type=unit&modifier_id=0
2023-06-22 15:33:27,2023-06-22,806c6e4,2553143,4626779,55.181866261604455,808414,1818190,44.46256991843536,https://analysis.chromium.org/coverage/p/chromium/dir?host=chromium.googlesource.com&project=chromium/src&ref=refs/heads/main&revision=806c6e4195068cfd37c1df905e1365685854bd0e&path=//&platform=linux&test_suite_type=unit&modifier_id=0
2023-06-23 03:29:29,2023-06-23,aa39773,2552907,4627133,55.17254420826028,808437,1818358,44.459726852467995,https://analysis.chromium.org/coverage/p/chromium/dir?host=chromium.googlesource.com&project=chromium/src&ref=refs/heads/main&revision=aa397735b247b4091fa7cf854fd5d59063ed7134&path=//&platform=linux&test_suite_type=unit&modifier_id=0
2023-06-23 15:30:04,2023-06-23,b56b874,2553197,4627947,55.169106301347014,808432,1818546,44.45485569240481,https://analysis.chromium.org/coverage/p/chromium/dir?host=chromium.googlesource.com&project=chromium/src&ref=refs/heads/main&revision=b56b8749850024f60d1e65fd07c767cd201fdee4&path=//&platform=linux&test_suite_type=unit&modifier_id=0
2023-06-24 03:14:40,2023-06-24,90f9636,2554836,4628331,55.19994140436369,808802,1818710,44.47119111897994,https://analysis.chromium.org/coverage/p/chromium/dir?host=chromium.googlesource.com&project=chromium/src&ref=refs/heads/main&revision=90f96367db73770a28b62d7176bb21d33c5c759d&path=//&platform=linux&test_suite_type=unit&modifier_id=0
2023-06-24 15:29:53,2023-06-24,5927765,2554375,4628329,55.190004859205125,808689,1818710,44.4649779239131,https://analysis.chromium.org/coverage/p/chromium/dir?host=chromium.googlesource.com&project=chromium/src&ref=refs/heads/main&revision=5927765bc65e8ea2fae29305b7f614e954587495&path=//&platform=linux&test_suite_type=unit&modifier_id=0
2023-06-25 03:28:42,2023-06-25,246d4ff,2554716,4628372,55.19685971654828,808815,1818728,44.47146577168218,https://analysis.chromium.org/coverage/p/chromium/dir?host=chromium.googlesource.com&project=chromium/src&ref=refs/heads/main&revision=246d4ff2140be72061f6e97c914725241a1e3ac5&path=//&platform=linux&test_suite_type=unit&modifier_id=0
2023-06-26 03:32:46,2023-06-26,1a0c7db,2554275,4628783,55.18243132158064,808876,1818966,44.46900052007569,https://analysis.chromium.org/coverage/p/chromium/dir?host=chromium.googlesource.com&project=chromium/src&ref=refs/heads/main&revision=1a0c7db1946f53bdbc700dad5dd3e22a896f94fd&path=//&platform=linux&test_suite_type=unit&modifier_id=0
2023-06-26 15:32:28,2023-06-26,4f49cc0,2554873,4630364,55.17650448215302,809022,1819620,44.46104131631879,https://analysis.chromium.org/coverage/p/chromium/dir?host=chromium.googlesource.com&project=chromium/src&ref=refs/heads/main&revision=4f49cc0e22beb520625ad262f2cc6b13c2d03af2&path=//&platform=linux&test_suite_type=unit&modifier_id=0
2023-06-27 15:34:07,2023-06-27,51c48eb,2557207,4633040,55.195012346105365,809906,1820722,44.48268324324087,https://analysis.chromium.org/coverage/p/chromium/dir?host=chromium.googlesource.com&project=chromium/src&ref=refs/heads/main&revision=51c48eb37b5c224004a8a3f407fdc5af6679f049&path=//&platform=linux&test_suite_type=unit&modifier_id=0
2023-06-29 19:47:17,2023-06-29,4d6d084,2560567,4637426,55.21526381229587,810817,1822548,44.48810127360157,https://analysis.chromium.org/coverage/p/chromium/dir?host=chromium.googlesource.com&project=chromium/src&ref=refs/heads/main&revision=4d6d0845bebca2d91c337b4931c5dabd3a33b910&path=//&platform=linux&test_suite_type=unit&modifier_id=0
2023-06-30 19:36:03,2023-06-30,eec0e38,2562513,4639768,55.2293347425992,811438,1823532,44.49814974456165,https://analysis.chromium.org/coverage/p/chromium/dir?host=chromium.googlesource.com&project=chromium/src&ref=refs/heads/main&revision=eec0e387b6524ccd7d4bb926b68405d8efe5a6b7&path=//&platform=linux&test_suite_type=unit&modifier_id=0
2023-07-02 19:57:42,2023-07-02,aa95f6d,2561955,4640022,55.21428562192162,811364,1823604,44.49233495868621,https://analysis.chromium.org/coverage/p/chromium/dir?host=chromium.googlesource.com&project=chromium/src&ref=refs/heads/main&revision=aa95f6dda31f4ce12f1129f72211fdaef0bc4c8c&path=//&platform=linux&test_suite_type=unit&modifier_id=0
2023-07-03 19:58:45,2023-07-03,d3d349c,2561845,4641396,55.19557047060841,811463,1824206,44.48307921364144,https://analysis.chromium.org/coverage/p/chromium/dir?host=chromium.googlesource.com&project=chromium/src&ref=refs/heads/main&revision=d3d349c8d03f5321c94957a4a227f521f33ecbbb&path=//&platform=linux&test_suite_type=unit&modifier_id=0
2023-07-04 19:26:30,2023-07-04,eefb03b,2563062,4641672,55.21850746886036,811753,1824342,44.49565925687179,https://analysis.chromium.org/coverage/p/chromium/dir?host=chromium.googlesource.com&project=chromium/src&ref=refs/heads/main&revision=eefb03ba4f25443e8f9d054c0b91292f01021c9f&path=//&platform=linux&test_suite_type=unit&modifier_id=0
2023-07-06 19:59:50,2023-07-06,65c07fe,2561708,4644219,55.15906980269449,810457,1823816,44.43743228483575,https://analysis.chromium.org/coverage/p/chromium/dir?host=chromium.googlesource.com&project=chromium/src&ref=refs/heads/main&revision=65c07fe6c579e2565a2fd0b604ad8e3b4d5fbbc2&path=//&platform=linux&test_suite_type=unit&modifier_id=0
2023-07-07 19:18:55,2023-07-07,fa06840,2563241,4645665,55.17489961071235,810964,1824436,44.45012047558807,https://analysis.chromium.org/coverage/p/chromium/dir?host=chromium.googlesource.com&project=chromium/src&ref=refs/heads/main&revision=fa06840ac2b030124250f3768367dca1bf21f972&path=//&platform=linux&test_suite_type=unit&modifier_id=0
2023-07-08 19:22:52,2023-07-08,7ea3899,2563503,4645703,55.18008792210781,810997,1824446,44.451685607576216,https://analysis.chromium.org/coverage/p/chromium/dir?host=chromium.googlesource.com&project=chromium/src&ref=refs/heads/main&revision=7ea3899ca7220914047a21b1ca4d954d07d053d8&path=//&platform=linux&test_suite_type=unit&modifier_id=0
2023-07-11 19:57:25,2023-07-11,3b6445d,2576688,4646644,55.45266648359547,814577,1826566,44.59608905454279,https://analysis.chromium.org/coverage/p/chromium/dir?host=chromium.googlesource.com&project=chromium/src&ref=refs/heads/main&revision=3b6445d6d8eb9dbc312050604713562232567907&path=//&platform=linux&test_suite_type=unit&modifier_id=0
2023-07-12 19:57:52,2023-07-12,fab5fe9,2568022,4649045,55.23762407118021,812635,1827798,44.45978166077433,https://analysis.chromium.org/coverage/p/chromium/dir?host=chromium.googlesource.com&project=chromium/src&ref=refs/heads/main&revision=fab5fe91d4810ec285446d09de61060df4f4e5a4&path=//&platform=linux&test_suite_type=unit&modifier_id=0
2023-07-13 19:53:39,2023-07-13,a7da214,2569229,4650635,55.24469239146912,812843,1828568,44.452434910815455,https://analysis.chromium.org/coverage/p/chromium/dir?host=chromium.googlesource.com&project=chromium/src&ref=refs/heads/main&revision=a7da2143b4c18fe87fb43b8b07c8dc4ea745ea33&path=//&platform=linux&test_suite_type=unit&modifier_id=0
2023-07-15 19:31:24,2023-07-15,c8a01d3,2580307,4652121,55.465173842210895,815816,1829214,44.59926503951971,https://analysis.chromium.org/coverage/p/chromium/dir?host=chromium.googlesource.com&project=chromium/src&ref=refs/heads/main&revision=c8a01d35ed430e49e8275f641f735e689a97c105&path=//&platform=linux&test_suite_type=unit&modifier_id=0
2023-07-17 19:59:02,2023-07-17,844dd96,2580712,4654072,55.4506247432356,816050,1829832,44.596990324794845,https://analysis.chromium.org/coverage/p/chromium/dir?host=chromium.googlesource.com&project=chromium/src&ref=refs/heads/main&revision=844dd9665827816c5210ddb7177754af6ba20ca4&path=//&platform=linux&test_suite_type=unit&modifier_id=0
2023-07-18 19:58:10,2023-07-18,7a00983,2581852,4656910,55.441311942897755,816338,1831206,44.579255419652405,https://analysis.chromium.org/coverage/p/chromium/dir?host=chromium.googlesource.com&project=chromium/src&ref=refs/heads/main&revision=7a009838804f8d00b341b87b0f8503ab7dc6fdee&path=//&platform=linux&test_suite_type=unit&modifier_id=0
2023-07-19 19:47:19,2023-07-19,2bf0f1e,2583061,4658797,55.44480688898872,816799,1832070,44.58339473928398,https://analysis.chromium.org/coverage/p/chromium/dir?host=chromium.googlesource.com&project=chromium/src&ref=refs/heads/main&revision=2bf0f1ec34170d5ce9ec892f5b89e1014b4b85cb&path=//&platform=linux&test_suite_type=unit&modifier_id=0
2023-07-20 19:56:29,2023-07-20,e4f5a71,2593212,4660228,55.6456036056605,820060,1832636,44.74756580139209,https://analysis.chromium.org/coverage/p/chromium/dir?host=chromium.googlesource.com&project=chromium/src&ref=refs/heads/main&revision=e4f5a7169cec9b5a684de9400ec3ae0d7a9ad1e0&path=//&platform=linux&test_suite_type=unit&modifier_id=0
2023-07-21 19:53:20,2023-07-21,15f0847,2595115,4662140,55.663600835667744,820422,1833362,44.74959118821051,https://analysis.chromium.org/coverage/p/chromium/dir?host=chromium.googlesource.com&project=chromium/src&ref=refs/heads/main&revision=15f0847c6b85109c1d0fa98405f00633b0b9c46b&path=//&platform=linux&test_suite_type=unit&modifier_id=0
2023-07-22 19:56:59,2023-07-22,55e85bf,2593572,4662141,55.63049251406167,819867,1833362,44.71931893428575,https://analysis.chromium.org/coverage/p/chromium/dir?host=chromium.googlesource.com&project=chromium/src&ref=refs/heads/main&revision=55e85bf56589f0506c415db2f34a0b306149d964&path=//&platform=linux&test_suite_type=unit&modifier_id=0
2023-07-23 19:59:39,2023-07-23,6317bde,2593608,4662297,55.629403274823545,819921,1833438,44.72041050747285,https://analysis.chromium.org/coverage/p/chromium/dir?host=chromium.googlesource.com&project=chromium/src&ref=refs/heads/main&revision=6317bde6c4c734c7747d3b564a07ffff5bfeee22&path=//&platform=linux&test_suite_type=unit&modifier_id=0
2023-07-24 19:44:58,2023-07-24,19d5564,2593481,4663620,55.61089882966451,820003,1833942,44.712591783164356,https://analysis.chromium.org/coverage/p/chromium/dir?host=chromium.googlesource.com&project=chromium/src&ref=refs/heads/main&revision=19d556415f6d641140bb7331ac91eb0d2be779ec&path=//&platform=linux&test_suite_type=unit&modifier_id=0
2023-07-27 19:56:40,2023-07-27,7841831,2591179,4669139,55.49586337009885,820286,1836234,44.672193195420625,https://analysis.chromium.org/coverage/p/chromium/dir?host=chromium.googlesource.com&project=chromium/src&ref=refs/heads/main&revision=78418312df1c414ba6076c9b9d520ec22c70e1b3&path=//&platform=linux&test_suite_type=unit&modifier_id=0
2023-07-30 19:58:50,2023-07-30,3b5b3b9,2592097,4671495,55.48752594190939,820588,1836918,44.671999512226456,https://analysis.chromium.org/coverage/p/chromium/dir?host=chromium.googlesource.com&project=chromium/src&ref=refs/heads/main&revision=3b5b3b943bb92824dcd287dd2ede8a8c5dee1583&path=//&platform=linux&test_suite_type=unit&modifier_id=0
2023-08-02 19:58:58,2023-08-02,273aee2,2595716,4675730,55.51466829778452,822175,1839838,44.68735834350633,https://analysis.chromium.org/coverage/p/chromium/dir?host=chromium.googlesource.com&project=chromium/src&ref=refs/heads/main&revision=273aee248d75bb0fd93c2fbdd67c26d65dc077d5&path=//&platform=linux&test_suite_type=unit&modifier_id=0
2023-08-03 19:53:28,2023-08-03,c8a5ff6,2595685,4677501,55.49298653276611,822089,1840418,44.66860245878925,https://analysis.chromium.org/coverage/p/chromium/dir?host=chromium.googlesource.com&project=chromium/src&ref=refs/heads/main&revision=c8a5ff63b1526ff9af3df49c8fd16d8ba054a060&path=//&platform=linux&test_suite_type=unit&modifier_id=0
2023-08-04 19:01:42,2023-08-04,f69fefe,2596884,4679267,55.497666621716604,822470,1841290,44.668140271222896,https://analysis.chromium.org/coverage/p/chromium/dir?host=chromium.googlesource.com&project=chromium/src&ref=refs/heads/main&revision=f69fefeb8dd8173e43be8de560b1a8b6be9a6614&path=//&platform=linux&test_suite_type=unit&modifier_id=0
2023-08-05 19:01:32,2023-08-05,b86aaad,2596797,4679247,55.496044555886876,822348,1841280,44.661757038581854,https://analysis.chromium.org/coverage/p/chromium/dir?host=chromium.googlesource.com&project=chromium/src&ref=refs/heads/main&revision=b86aaad64fbf29dd1ae60f9817ea2a91aa04c42e&path=//&platform=linux&test_suite_type=unit&modifier_id=0
2023-08-06 19:21:29,2023-08-06,9b7d7c8,2597958,4679397,55.519076496394725,823048,1841402,44.69681253740357,https://analysis.chromium.org/coverage/p/chromium/dir?host=chromium.googlesource.com&project=chromium/src&ref=refs/heads/main&revision=9b7d7c85c5aadc660c295b8d68aeac75e445e0b3&path=//&platform=linux&test_suite_type=unit&modifier_id=0
2023-08-07 19:56:01,2023-08-07,911d9e9,2598146,4680513,55.50985543678652,823018,1841894,44.683244529815504,https://analysis.chromium.org/coverage/p/chromium/dir?host=chromium.googlesource.com&project=chromium/src&ref=refs/heads/main&revision=911d9e9f7f1aff73769627fa16252a005d113e91&path=//&platform=linux&test_suite_type=unit&modifier_id=0
2023-08-08 19:38:49,2023-08-08,e193949,2597462,4681716,55.48098175967957,822916,1842374,44.66606671609565,https://analysis.chromium.org/coverage/p/chromium/dir?host=chromium.googlesource.com&project=chromium/src&ref=refs/heads/main&revision=e1939493611c2663b633de4b148b9b751e310490&path=//&platform=linux&test_suite_type=unit&modifier_id=0
2023-08-09 19:58:09,2023-08-09,0ae135c,2600015,4679386,55.56316576576499,823666,1842058,44.71444438774458,https://analysis.chromium.org/coverage/p/chromium/dir?host=chromium.googlesource.com&project=chromium/src&ref=refs/heads/main&revision=0ae135c7d505c020ca4b9d9e423e90d6c1d34858&path=//&platform=linux&test_suite_type=unit&modifier_id=0
2023-08-10 19:55:06,2023-08-10,c9553e0,2589691,4680722,55.3267423273589,820744,1843122,44.53009621717933,https://analysis.chromium.org/coverage/p/chromium/dir?host=chromium.googlesource.com&project=chromium/src&ref=refs/heads/main&revision=c9553e034dfc56e8d92946c886e893fbeea58c80&path=//&platform=linux&test_suite_type=unit&modifier_id=0
2023-08-11 19:17:12,2023-08-11,b5ce1cd,2599833,4682626,55.52083382273109,823761,1844058,44.671100366691284,https://analysis.chromium.org/coverage/p/chromium/dir?host=chromium.googlesource.com&project=chromium/src&ref=refs/heads/main&revision=b5ce1cd294b413951b75e15a4328032026f2c53e&path=//&platform=linux&test_suite_type=unit&modifier_id=0
2023-08-12 19:01:57,2023-08-12,a1ccad1,2601249,4682626,55.55107326530028,824245,1844058,44.69734682965503,https://analysis.chromium.org/coverage/p/chromium/dir?host=chromium.googlesource.com&project=chromium/src&ref=refs/heads/main&revision=a1ccad180f9f9885cbacb961277b714bb674d29a&path=//&platform=linux&test_suite_type=unit&modifier_id=0
2023-08-13 19:57:00,2023-08-13,795fa17,2600135,4682712,55.52626341316741,823929,1844070,44.67991995965446,https://analysis.chromium.org/coverage/p/chromium/dir?host=chromium.googlesource.com&project=chromium/src&ref=refs/heads/main&revision=795fa17dd5f109d1798a76887904ea4d6265398c&path=//&platform=linux&test_suite_type=unit&modifier_id=0
2023-08-14 19:43:47,2023-08-14,e16b0a6,2600194,4682601,55.52883963421184,824035,1844288,44.6803861435958,https://analysis.chromium.org/coverage/p/chromium/dir?host=chromium.googlesource.com&project=chromium/src&ref=refs/heads/main&revision=e16b0a6672132cba52b8468a181ac2646baa9f10&path=//&platform=linux&test_suite_type=unit&modifier_id=0
2023-08-15 19:59:31,2023-08-15,6d11f7c,2603396,4683621,55.58511245892868,824915,1844626,44.71990528161264,https://analysis.chromium.org/coverage/p/chromium/dir?host=chromium.googlesource.com&project=chromium/src&ref=refs/heads/main&revision=6d11f7c1d201c34fc5671413cd7311a0020b2d41&path=//&platform=linux&test_suite_type=unit&modifier_id=0
2023-08-16 19:58:03,2023-08-16,950e8b0,2603186,4685122,55.56282205671485,824837,1845348,44.69818158959719,https://analysis.chromium.org/coverage/p/chromium/dir?host=chromium.googlesource.com&project=chromium/src&ref=refs/heads/main&revision=950e8b0ff35c645ac711cfc99dc1fe0867fedf51&path=//&platform=linux&test_suite_type=unit&modifier_id=0
2023-08-17 19:58:38,2023-08-17,3506afb,2604486,4686382,55.57562315662701,825300,1846026,44.70684594908197,https://analysis.chromium.org/coverage/p/chromium/dir?host=chromium.googlesource.com&project=chromium/src&ref=refs/heads/main&revision=3506afbc42d52932a958456da939c5452e770361&path=//&platform=linux&test_suite_type=unit&modifier_id=0
2023-08-18 19:38:59,2023-08-18,3439dbb,2605013,4688001,55.56767159392671,825506,1846856,44.69790822890361,https://analysis.chromium.org/coverage/p/chromium/dir?host=chromium.googlesource.com&project=chromium/src&ref=refs/heads/main&revision=3439dbbd94ceb06d9c892aea0ed2497a85b0ce73&path=//&platform=linux&test_suite_type=unit&modifier_id=0
2023-08-19 19:14:42,2023-08-19,91dd673,2603991,4688020,55.54564613632194,825299,1846852,44.68679677635241,https://analysis.chromium.org/coverage/p/chromium/dir?host=chromium.googlesource.com&project=chromium/src&ref=refs/heads/main&revision=91dd673765f357e323898192ed5bb34685ef68a8&path=//&platform=linux&test_suite_type=unit&modifier_id=0
2023-08-20 19:54:21,2023-08-20,2d58594,2605840,4688009,55.585217519846914,825831,1846852,44.71560254963581,https://analysis.chromium.org/coverage/p/chromium/dir?host=chromium.googlesource.com&project=chromium/src&ref=refs/heads/main&revision=2d5859484364478c5df2bedb50db5a1704c6bd2f&path=//&platform=linux&test_suite_type=unit&modifier_id=0
2023-08-21 19:51:47,2023-08-21,ee4f007,2605426,4688895,55.56588492597936,825756,1847270,44.70142426391377,https://analysis.chromium.org/coverage/p/chromium/dir?host=chromium.googlesource.com&project=chromium/src&ref=refs/heads/main&revision=ee4f007313ac28019d9696f6b6bf69ba400f8477&path=//&platform=linux&test_suite_type=unit&modifier_id=0
2023-08-22 19:57:31,2023-08-22,78e6872,2605293,4690187,55.54774255269566,825883,1848352,44.68212764668202,https://analysis.chromium.org/coverage/p/chromium/dir?host=chromium.googlesource.com&project=chromium/src&ref=refs/heads/main&revision=78e6872a1c0edc23d9808eaef21d35c48bafb161&path=//&platform=linux&test_suite_type=unit&modifier_id=0
2023-08-23 19:50:32,2023-08-23,8b99b66,2608168,4691232,55.59665350168144,826810,1848772,44.72211824930278,https://analysis.chromium.org/coverage/p/chromium/dir?host=chromium.googlesource.com&project=chromium/src&ref=refs/heads/main&revision=8b99b6618d09a83d6d5bdfee691000209ca544a7&path=//&platform=linux&test_suite_type=unit&modifier_id=0
2023-08-24 19:59:44,2023-08-24,9ce839d,2607555,4693594,55.55561473787464,826519,1849664,44.68481843188817,https://analysis.chromium.org/coverage/p/chromium/dir?host=chromium.googlesource.com&project=chromium/src&ref=refs/heads/main&revision=9ce839ddaef17f0eac648e3cef3dad167b9b0b8f&path=//&platform=linux&test_suite_type=unit&modifier_id=0
2023-08-25 19:40:13,2023-08-25,ac86cb5,2608990,4696007,55.55762587236348,826942,1850898,44.67788068278209,https://analysis.chromium.org/coverage/p/chromium/dir?host=chromium.googlesource.com&project=chromium/src&ref=refs/heads/main&revision=ac86cb5b73250aa035aded16f01a35aa73389496&path=//&platform=linux&test_suite_type=unit&modifier_id=0
2023-08-26 19:36:36,2023-08-26,d605a13,2609186,4696066,55.561101568845075,827116,1850922,44.68670208685185,https://analysis.chromium.org/coverage/p/chromium/dir?host=chromium.googlesource.com&project=chromium/src&ref=refs/heads/main&revision=d605a1313507f97962339d1c40e5a0d1af49913a&path=//&platform=linux&test_suite_type=unit&modifier_id=0
2023-08-27 19:35:42,2023-08-27,013b004,2610506,4696092,55.58890243206479,827584,1850930,44.71179353081964,https://analysis.chromium.org/coverage/p/chromium/dir?host=chromium.googlesource.com&project=chromium/src&ref=refs/heads/main&revision=013b00465fdd7a9d361aa19c652a7ed8e75e7f62&path=//&platform=linux&test_suite_type=unit&modifier_id=0
2023-08-28 19:58:49,2023-08-28,045e706,2611176,4697984,55.580776775740404,827696,1851876,44.69500117718465,https://analysis.chromium.org/coverage/p/chromium/dir?host=chromium.googlesource.com&project=chromium/src&ref=refs/heads/main&revision=045e706e85c244d2c0b338cd51be87da1c444e05&path=//&platform=linux&test_suite_type=unit&modifier_id=0
2023-08-29 19:55:30,2023-08-29,2c11fcf,2612194,4700397,55.57390152363726,828026,1853170,44.68159963737811,https://analysis.chromium.org/coverage/p/chromium/dir?host=chromium.googlesource.com&project=chromium/src&ref=refs/heads/main&revision=2c11fcfe4a54beb3a78dc91feb4764e39dc372c5&path=//&platform=linux&test_suite_type=unit&modifier_id=0
2023-08-30 19:59:10,2023-08-30,b494f68,2611507,4713743,55.40198097350662,827665,1857246,44.56410190141747,https://analysis.chromium.org/coverage/p/chromium/dir?host=chromium.googlesource.com&project=chromium/src&ref=refs/heads/main&revision=b494f683024695e7af07f838cb97a5c8d36d6487&path=//&platform=linux&test_suite_type=unit&modifier_id=0
2023-08-31 19:52:29,2023-08-31,4365d9a,2614474,4716251,55.435429539267524,828666,1859000,44.57590102205487,https://analysis.chromium.org/coverage/p/chromium/dir?host=chromium.googlesource.com&project=chromium/src&ref=refs/heads/main&revision=4365d9acf5e8103b1f23798741c72b45f47cb75a&path=//&platform=linux&test_suite_type=unit&modifier_id=0
2023-09-01 19:46:23,2023-09-01,3a6cacf,2615012,4719285,55.41119046635242,829003,1860614,44.55534570845968,https://analysis.chromium.org/coverage/p/chromium/dir?host=chromium.googlesource.com&project=chromium/src&ref=refs/heads/main&revision=3a6cacf369a15da88dfa4b4e2a1eefaa9b968d59&path=//&platform=linux&test_suite_type=unit&modifier_id=0
2023-09-02 19:57:25,2023-09-02,d5801b3,2617347,4719458,55.45863529244248,829678,1860692,44.58975477940465,https://analysis.chromium.org/coverage/p/chromium/dir?host=chromium.googlesource.com&project=chromium/src&ref=refs/heads/main&revision=d5801b3c377ecb4a1ce7c7b7be36e5f144763412&path=//&platform=linux&test_suite_type=unit&modifier_id=0
2023-09-03 19:58:29,2023-09-03,f64e861,2615551,4719459,55.4205683320906,829174,1860698,44.56252438600998,https://analysis.chromium.org/coverage/p/chromium/dir?host=chromium.googlesource.com&project=chromium/src&ref=refs/heads/main&revision=f64e86101716926091607d582a360cb172498d01&path=//&platform=linux&test_suite_type=unit&modifier_id=0
2023-09-04 19:41:50,2023-09-04,ef97f80,2616179,4720204,55.42512569372002,829362,1861036,44.56453287308789,https://analysis.chromium.org/coverage/p/chromium/dir?host=chromium.googlesource.com&project=chromium/src&ref=refs/heads/main&revision=ef97f80d0d8dca053ff51b6d20b14328ce457da7&path=//&platform=linux&test_suite_type=unit&modifier_id=0
2023-09-05 19:57:58,2023-09-05,e3862f7,2617607,4722078,55.43337064741412,829897,1861826,44.57435872095459,https://analysis.chromium.org/coverage/p/chromium/dir?host=chromium.googlesource.com&project=chromium/src&ref=refs/heads/main&revision=e3862f76821076b352721b09aaded87cec7e2476&path=//&platform=linux&test_suite_type=unit&modifier_id=0
2023-09-06 19:55:55,2023-09-06,e2a4ad3,2618143,4724243,55.419312681417956,830214,1862672,44.571132222957125,https://analysis.chromium.org/coverage/p/chromium/dir?host=chromium.googlesource.com&project=chromium/src&ref=refs/heads/main&revision=e2a4ad36372343013031e588950ee89e4ebd81c5&path=//&platform=linux&test_suite_type=unit&modifier_id=0
2023-09-07 19:59:52,2023-09-07,b1c157c,2618795,4725833,55.414463439567164,830493,1863876,44.557309606433044,https://analysis.chromium.org/coverage/p/chromium/dir?host=chromium.googlesource.com&project=chromium/src&ref=refs/heads/main&revision=b1c157cd7102cec617fb7f80fb31e1d74d940300&path=//&platform=linux&test_suite_type=unit&modifier_id=0
2023-09-08 19:50:10,2023-09-08,cae2688,2621050,4726338,55.45625386927469,831296,1864092,44.59522384088339,https://analysis.chromium.org/coverage/p/chromium/dir?host=chromium.googlesource.com&project=chromium/src&ref=refs/heads/main&revision=cae26882be78a6c101d284f19145baa0ff05212c&path=//&platform=linux&test_suite_type=unit&modifier_id=0
2023-09-09 19:53:11,2023-09-09,370a1b7,2621079,4726718,55.45240905000045,831366,1864258,44.595007772529335,https://analysis.chromium.org/coverage/p/chromium/dir?host=chromium.googlesource.com&project=chromium/src&ref=refs/heads/main&revision=370a1b79b0285773ef330fa93ff36d005145134b&path=//&platform=linux&test_suite_type=unit&modifier_id=0
2023-09-10 19:54:43,2023-09-10,f0920b4,2620511,4726750,55.44001692494843,830979,1864268,44.57400974537995,https://analysis.chromium.org/coverage/p/chromium/dir?host=chromium.googlesource.com&project=chromium/src&ref=refs/heads/main&revision=f0920b49dcaccf1118432f164432819296436b5c&path=//&platform=linux&test_suite_type=unit&modifier_id=0
2023-09-28 19:54:07,2023-09-28,ba13db2,2635242,4755709,55.41217934066193,836018,1877328,44.53233531913443,https://analysis.chromium.org/coverage/p/chromium/dir?host=chromium.googlesource.com&project=chromium/src&ref=refs/heads/main&revision=ba13db230e3a219e7abe42cb21e0645bfb169095&path=//&platform=linux&test_suite_type=unit&modifier_id=0
2023-09-29 19:54:33,2023-09-29,b47a3ae,2635606,4757374,55.40043730007353,836093,1878212,44.515368872097504,https://analysis.chromium.org/coverage/p/chromium/dir?host=chromium.googlesource.com&project=chromium/src&ref=refs/heads/main&revision=b47a3ae68932d93989771d970f6542ffd5e191b7&path=//&platform=linux&test_suite_type=unit&modifier_id=0
2023-09-30 19:09:46,2023-09-30,cb5f19f,2635185,4757660,55.388258093264334,836213,1878260,44.520620148435256,https://analysis.chromium.org/coverage/p/chromium/dir?host=chromium.googlesource.com&project=chromium/src&ref=refs/heads/main&revision=cb5f19ffad6061d918c0f69c090607f68a518d20&path=//&platform=linux&test_suite_type=unit&modifier_id=0
2023-10-01 19:20:34,2023-10-01,087a17b,2636476,4757620,55.415859190099255,836545,1878236,44.53886519052984,https://analysis.chromium.org/coverage/p/chromium/dir?host=chromium.googlesource.com&project=chromium/src&ref=refs/heads/main&revision=087a17bbaf3c4efde991ec48dcf891c5cc8f51bc&path=//&platform=linux&test_suite_type=unit&modifier_id=0
2023-10-02 19:46:28,2023-10-02,f7f15d5,2637739,4759311,55.42270719438171,837009,1879106,44.542936907231415,https://analysis.chromium.org/coverage/p/chromium/dir?host=chromium.googlesource.com&project=chromium/src&ref=refs/heads/main&revision=f7f15d52554650e99f541612599b1959d1af8223&path=//&platform=linux&test_suite_type=unit&modifier_id=0
2023-10-03 19:47:47,2023-10-03,00c1147,2689260,4827429,55.707914088430925,838028,1882484,44.51713799426715,https://analysis.chromium.org/coverage/p/chromium/dir?host=chromium.googlesource.com&project=chromium/src&ref=refs/heads/main&revision=00c114787223588b42445dbbe8e4cfd5d8be5f27&path=//&platform=linux&test_suite_type=unit&modifier_id=0
2023-10-04 19:57:34,2023-10-04,aa89570,2692837,4829448,55.758691262438276,839300,1883322,44.56486994788995,https://analysis.chromium.org/coverage/p/chromium/dir?host=chromium.googlesource.com&project=chromium/src&ref=refs/heads/main&revision=aa89570dfcca14297802650d7c2aabf1f022e563&path=//&platform=linux&test_suite_type=unit&modifier_id=0
2023-10-05 19:59:53,2023-10-05,9f50cb9,2690632,4830144,55.70500589630454,838648,1883552,44.524812694313724,https://analysis.chromium.org/coverage/p/chromium/dir?host=chromium.googlesource.com&project=chromium/src&ref=refs/heads/main&revision=9f50cb96cebe859574679726c0e07780b07fe277&path=//&platform=linux&test_suite_type=unit&modifier_id=0
2023-10-06 19:55:39,2023-10-06,046550d,2691907,4832406,55.705315323257196,839160,1884660,44.52580306262138,https://analysis.chromium.org/coverage/p/chromium/dir?host=chromium.googlesource.com&project=chromium/src&ref=refs/heads/main&revision=046550dae24b159722ac3a0db223761e734dffd6&path=//&platform=linux&test_suite_type=unit&modifier_id=0
2023-10-07 19:56:35,2023-10-07,729dc0c,2691747,4832551,55.70033301252278,839171,1884796,44.523173860725514,https://analysis.chromium.org/coverage/p/chromium/dir?host=chromium.googlesource.com&project=chromium/src&ref=refs/heads/main&revision=729dc0c0f7c75e8c10d332ee8415810c96964ab8&path=//&platform=linux&test_suite_type=unit&modifier_id=0
2023-10-08 19:36:05,2023-10-08,a125c0b,2693420,4832651,55.733799109432894,839712,1884822,44.551262665652246,https://analysis.chromium.org/coverage/p/chromium/dir?host=chromium.googlesource.com&project=chromium/src&ref=refs/heads/main&revision=a125c0b6fd206421fa3f67f1e10e1adaf4859749&path=//&platform=linux&test_suite_type=unit&modifier_id=0
2023-10-09 19:59:20,2023-10-09,d6ac732,2692911,4833714,55.7110122775158,839495,1885400,44.52609525830063,https://analysis.chromium.org/coverage/p/chromium/dir?host=chromium.googlesource.com&project=chromium/src&ref=refs/heads/main&revision=d6ac732d8d1ded60ab29b6dc8369a4833257d63a&path=//&platform=linux&test_suite_type=unit&modifier_id=0
2023-10-10 19:57:02,2023-10-10,75c537f,2697945,4835122,55.7989022820934,841753,1885896,44.634115560985336,https://analysis.chromium.org/coverage/p/chromium/dir?host=chromium.googlesource.com&project=chromium/src&ref=refs/heads/main&revision=75c537f725ce5656915d0767fe69428922a53a04&path=//&platform=linux&test_suite_type=unit&modifier_id=0
2023-10-11 19:54:26,2023-10-11,12a1bdb,2699991,4838624,55.80080204620157,842610,1887734,44.636055715476864,https://analysis.chromium.org/coverage/p/chromium/dir?host=chromium.googlesource.com&project=chromium/src&ref=refs/heads/main&revision=12a1bdba4995a187efaed7bd766d8e6a769f2414&path=//&platform=linux&test_suite_type=unit&modifier_id=0
2023-10-12 19:59:31,2023-10-12,8f0c518,2700276,4838862,55.803947291739256,842412,1887600,44.628734901462174,https://analysis.chromium.org/coverage/p/chromium/dir?host=chromium.googlesource.com&project=chromium/src&ref=refs/heads/main&revision=8f0c51843120aa83bc74a64e9839563e354cf2f7&path=//&platform=linux&test_suite_type=unit&modifier_id=0
2023-10-13 19:33:42,2023-10-13,8c24a6e,2700071,4838486,55.80404696841119,842316,1887412,44.62809391908073,https://analysis.chromium.org/coverage/p/chromium/dir?host=chromium.googlesource.com&project=chromium/src&ref=refs/heads/main&revision=8c24a6e3340f8bd722efb4653ecd4a90dc6f5c40&path=//&platform=linux&test_suite_type=unit&modifier_id=0
2023-10-14 19:46:34,2023-10-14,83bb817,2700062,4838551,55.803111303363345,842324,1887434,44.62799758826004,https://analysis.chromium.org/coverage/p/chromium/dir?host=chromium.googlesource.com&project=chromium/src&ref=refs/heads/main&revision=83bb817fc3ce56490369f55e940a55795ea9637c&path=//&platform=linux&test_suite_type=unit&modifier_id=0
2023-10-15 19:53:30,2023-10-15,72a8700,2702275,4838728,55.846805193431,843067,1887542,44.664807458589,https://analysis.chromium.org/coverage/p/chromium/dir?host=chromium.googlesource.com&project=chromium/src&ref=refs/heads/main&revision=72a87002e438afa1c90a03a84944888e2ecdf051&path=//&platform=linux&test_suite_type=unit&modifier_id=0
2023-10-16 19:55:00,2023-10-16,e6e385f,2701958,4840683,55.817701758202304,842433,1888528,44.60791685376124,https://analysis.chromium.org/coverage/p/chromium/dir?host=chromium.googlesource.com&project=chromium/src&ref=refs/heads/main&revision=e6e385f9084dc40c811cc09dddd2ebbcdc5f7034&path=//&platform=linux&test_suite_type=unit&modifier_id=0
2023-10-17 19:52:19,2023-10-17,25b51c7,2702800,4842160,55.818064665355955,843013,1889292,44.62057744382552,https://analysis.chromium.org/coverage/p/chromium/dir?host=chromium.googlesource.com&project=chromium/src&ref=refs/heads/main&revision=25b51c72bad53374b53fd1a51cb96f501010a7b6&path=//&platform=linux&test_suite_type=unit&modifier_id=0
2023-10-18 19:57:19,2023-10-18,80da0cb,2702502,4844562,55.78423807972733,843112,1890778,44.59074518531525,https://analysis.chromium.org/coverage/p/chromium/dir?host=chromium.googlesource.com&project=chromium/src&ref=refs/heads/main&revision=80da0cb83de8c15fea7240ef2de14897e07d42dc&path=//&platform=linux&test_suite_type=unit&modifier_id=0
2023-10-19 19:57:37,2023-10-19,1dbb8fb,2705395,4847017,55.815669720159846,844179,1892110,44.61574644180307,https://analysis.chromium.org/coverage/p/chromium/dir?host=chromium.googlesource.com&project=chromium/src&ref=refs/heads/main&revision=1dbb8fb15c273a59342d33f5b9da662a2d1f19e3&path=//&platform=linux&test_suite_type=unit&modifier_id=0
2023-10-20 19:46:09,2023-10-20,08b91b4,2705396,4848595,55.79752484998232,844390,1893540,44.59319581313307,https://analysis.chromium.org/coverage/p/chromium/dir?host=chromium.googlesource.com&project=chromium/src&ref=refs/heads/main&revision=08b91b49531894cbe9061a1148fd535155c2554b&path=//&platform=linux&test_suite_type=unit&modifier_id=0
2023-10-21 19:42:51,2023-10-21,a447bdd,2704976,4848612,55.78866694220944,844235,1893556,44.58463335649962,https://analysis.chromium.org/coverage/p/chromium/dir?host=chromium.googlesource.com&project=chromium/src&ref=refs/heads/main&revision=a447bddbdb465330051005af358ffb50b8be9879&path=//&platform=linux&test_suite_type=unit&modifier_id=0
2023-10-22 19:57:42,2023-10-22,b8b7014,2705223,4848761,55.7920466692419,844362,1893608,44.59011580010224,https://analysis.chromium.org/coverage/p/chromium/dir?host=chromium.googlesource.com&project=chromium/src&ref=refs/heads/main&revision=b8b7014fc7e20c8a79f4f06f00aff30bc44b96f7&path=//&platform=linux&test_suite_type=unit&modifier_id=0
2023-10-23 19:59:32,2023-10-23,8b9b50f,2706346,4850265,55.7978997023874,844379,1893768,44.587246167429164,https://analysis.chromium.org/coverage/p/chromium/dir?host=chromium.googlesource.com&project=chromium/src&ref=refs/heads/main&revision=8b9b50fb3bb26fdd2586e72ed1cbcec276268c86&path=//&platform=linux&test_suite_type=unit&modifier_id=0
2023-10-24 19:58:39,2023-10-24,f80b360,2709412,4851780,55.84366974594891,845482,1894434,44.62979443992243,https://analysis.chromium.org/coverage/p/chromium/dir?host=chromium.googlesource.com&project=chromium/src&ref=refs/heads/main&revision=f80b360db7c763a128e4a02b648fd6c907d1b6fe&path=//&platform=linux&test_suite_type=unit&modifier_id=0
2023-10-25 19:58:05,2023-10-25,511049f,2708618,4854756,55.79308208280705,845265,1895636,44.59004787839015,https://analysis.chromium.org/coverage/p/chromium/dir?host=chromium.googlesource.com&project=chromium/src&ref=refs/heads/main&revision=511049f7d593dd394b8e9517f7ea7565eb9c7f46&path=//&platform=linux&test_suite_type=unit&modifier_id=0
2023-10-26 19:52:10,2023-10-26,a5fce50,2710756,4857875,55.80127113192497,845833,1897186,44.58355691007629,https://analysis.chromium.org/coverage/p/chromium/dir?host=chromium.googlesource.com&project=chromium/src&ref=refs/heads/main&revision=a5fce501623245fcc60704217c0df4999cc4d8cd&path=//&platform=linux&test_suite_type=unit&modifier_id=0
2023-10-27 19:56:59,2023-10-27,b8b50fd,2712054,4857765,55.829254811626335,846369,1897098,44.61387867152883,https://analysis.chromium.org/coverage/p/chromium/dir?host=chromium.googlesource.com&project=chromium/src&ref=refs/heads/main&revision=b8b50fd12594286b836c81e90b52a61ae3a8da2d&path=//&platform=linux&test_suite_type=unit&modifier_id=0
2023-10-28 19:56:06,2023-10-28,214fab6,2712073,4857819,55.82902533009155,846400,1897102,44.615418675432316,https://analysis.chromium.org/coverage/p/chromium/dir?host=chromium.googlesource.com&project=chromium/src&ref=refs/heads/main&revision=214fab67c448ae06f4268c8caf98d620d3e24b1d&path=//&platform=linux&test_suite_type=unit&modifier_id=0
2023-10-29 19:58:45,2023-10-29,fae917a,2711786,4857821,55.823094346209956,846194,1897136,44.603760616002226,https://analysis.chromium.org/coverage/p/chromium/dir?host=chromium.googlesource.com&project=chromium/src&ref=refs/heads/main&revision=fae917a1ccc439506789dbab7398af0abc6bd454&path=//&platform=linux&test_suite_type=unit&modifier_id=0
2023-10-30 19:29:46,2023-10-30,536d3e4,2713258,4860330,55.824563352694156,846639,1898200,44.602202086186914,https://analysis.chromium.org/coverage/p/chromium/dir?host=chromium.googlesource.com&project=chromium/src&ref=refs/heads/main&revision=536d3e47d4ab7383bb52e52521eec395bd337d0f&path=//&platform=linux&test_suite_type=unit&modifier_id=0
2023-10-31 19:56:52,2023-10-31,7943294,2716066,4864265,55.83713058396284,847825,1900114,44.61969123957826,https://analysis.chromium.org/coverage/p/chromium/dir?host=chromium.googlesource.com&project=chromium/src&ref=refs/heads/main&revision=7943294b0429cd096887d4876b7efe1ade6a9b20&path=//&platform=linux&test_suite_type=unit&modifier_id=0
2023-11-01 19:53:05,2023-11-01,a0db91a,2715251,4865969,55.800828159817705,847595,1901000,44.5867964229353,https://analysis.chromium.org/coverage/p/chromium/dir?host=chromium.googlesource.com&project=chromium/src&ref=refs/heads/main&revision=a0db91ae4ca6baea3734ce4783def2c145145ca5&path=//&platform=linux&test_suite_type=unit&modifier_id=0
2023-11-02 19:56:12,2023-11-02,261ec0a,2718938,4867933,55.85405550980262,848803,1901802,44.63151263906548,https://analysis.chromium.org/coverage/p/chromium/dir?host=chromium.googlesource.com&project=chromium/src&ref=refs/heads/main&revision=261ec0a7ced26c04d2e4ea7131a062f98021d2aa&path=//&platform=linux&test_suite_type=unit&modifier_id=0
2023-11-03 19:46:04,2023-11-03,e0c1c28,2714629,4863667,55.81445029028509,846196,1899150,44.55656477898007,https://analysis.chromium.org/coverage/p/chromium/dir?host=chromium.googlesource.com&project=chromium/src&ref=refs/heads/main&revision=e0c1c2855dfaaa84d329479180c43f38e3bb316b&path=//&platform=linux&test_suite_type=unit&modifier_id=0
2023-11-04 19:32:14,2023-11-04,f6abdbc,2713186,4863851,55.78267097409029,845915,1899270,44.538954440390256,https://analysis.chromium.org/coverage/p/chromium/dir?host=chromium.googlesource.com&project=chromium/src&ref=refs/heads/main&revision=f6abdbcb07479bc20ca1e82c6a667d944e6b55fb&path=//&platform=linux&test_suite_type=unit&modifier_id=0
2023-11-05 19:59:35,2023-11-05,55a52d2,2713737,4863936,55.79302441479493,846051,1899372,44.54372287261263,https://analysis.chromium.org/coverage/p/chromium/dir?host=chromium.googlesource.com&project=chromium/src&ref=refs/heads/main&revision=55a52d2d23c2cc1485fddfe21a16aeb2577f3574&path=//&platform=linux&test_suite_type=unit&modifier_id=0
2023-11-06 19:56:46,2023-11-06,b1590b6,2714569,4865741,55.789426523113335,846620,1900398,44.549615396353815,https://analysis.chromium.org/coverage/p/chromium/dir?host=chromium.googlesource.com&project=chromium/src&ref=refs/heads/main&revision=b1590b6ffe1236bb44a60a8dca13900cc6be3ecd&path=//&platform=linux&test_suite_type=unit&modifier_id=0
2023-11-07 19:57:58,2023-11-07,b94cfbb,2716148,4865900,55.82005384409873,847266,1900962,44.570380680939444,https://analysis.chromium.org/coverage/p/chromium/dir?host=chromium.googlesource.com&project=chromium/src&ref=refs/heads/main&revision=b94cfbbbfe019ffcb755b8d5a13f5b671dd0c559&path=//&platform=linux&test_suite_type=unit&modifier_id=0
2023-11-08 19:54:32,2023-11-08,7e84b99,2716647,4867028,55.81736945010384,847303,1901340,44.56346576624907,https://analysis.chromium.org/coverage/p/chromium/dir?host=chromium.googlesource.com&project=chromium/src&ref=refs/heads/main&revision=7e84b99aae0394ef417d5fe79027acec1575236e&path=//&platform=linux&test_suite_type=unit&modifier_id=0
2023-11-09 19:57:26,2023-11-09,34bcf67,2720054,4868130,55.874719861630645,848532,1901998,44.61266520784985,https://analysis.chromium.org/coverage/p/chromium/dir?host=chromium.googlesource.com&project=chromium/src&ref=refs/heads/main&revision=34bcf67e4fbd83f2f0294d9a94acd406eb34f6f6&path=//&platform=linux&test_suite_type=unit&modifier_id=0
2023-11-10 19:47:23,2023-11-10,3415dfa,2711927,4828713,56.162521980494596,846787,1888610,44.836519980302974,https://analysis.chromium.org/coverage/p/chromium/dir?host=chromium.googlesource.com&project=chromium/src&ref=refs/heads/main&revision=3415dfaa16aeafa69cb7c658721368fdbf7e4f1f&path=//&platform=linux&test_suite_type=unit&modifier_id=0
2023-11-11 19:34:20,2023-11-11,43c1764,2711824,4828802,56.15935381073815,846833,1888632,44.83843332104931,https://analysis.chromium.org/coverage/p/chromium/dir?host=chromium.googlesource.com&project=chromium/src&ref=refs/heads/main&revision=43c1764b4446507c267d650ef233eae192b62815&path=//&platform=linux&test_suite_type=unit&modifier_id=0
2023-11-12 19:52:58,2023-11-12,474708b,2711909,4828748,56.16174213274331,846774,1888424,44.840247740973425,https://analysis.chromium.org/coverage/p/chromium/dir?host=chromium.googlesource.com&project=chromium/src&ref=refs/heads/main&revision=474708bb596fe815d5bcc6b0f2192f70145e5e95&path=//&platform=linux&test_suite_type=unit&modifier_id=0
2023-11-13 19:55:17,2023-11-13,c0e6052,2712844,4830251,56.16362379511955,847017,1888944,44.840768175234416,https://analysis.chromium.org/coverage/p/chromium/dir?host=chromium.googlesource.com&project=chromium/src&ref=refs/heads/main&revision=c0e6052463cf0691c2a0ca208c3ec17d7148ea42&path=//&platform=linux&test_suite_type=unit&modifier_id=0
2023-11-14 19:59:03,2023-11-14,a9d7cdb,2713284,4832213,56.14992551032001,847376,1889578,44.844721943206366,https://analysis.chromium.org/coverage/p/chromium/dir?host=chromium.googlesource.com&project=chromium/src&ref=refs/heads/main&revision=a9d7cdbc47d7d8cdbc128e7e85f797a0d38bc03b&path=//&platform=linux&test_suite_type=unit&modifier_id=0
2023-11-15 19:57:44,2023-11-15,3b87804,2715192,4833613,56.17313591303234,847967,1890448,44.855346457559264,https://analysis.chromium.org/coverage/p/chromium/dir?host=chromium.googlesource.com&project=chromium/src&ref=refs/heads/main&revision=3b8780412804a27a96d4fe858a61ae0a7ad24b88&path=//&platform=linux&test_suite_type=unit&modifier_id=0
2023-11-16 19:58:56,2023-11-16,8e171e4,2715635,4834873,56.16765941938909,848160,1890960,44.85340779286712,https://analysis.chromium.org/coverage/p/chromium/dir?host=chromium.googlesource.com&project=chromium/src&ref=refs/heads/main&revision=8e171e4ea4fe84bccb3b5fdfe8d3c5cf74040a6b&path=//&platform=linux&test_suite_type=unit&modifier_id=0
2023-11-17 19:43:56,2023-11-17,458c846,2715808,4836443,56.15300335391113,848151,1891470,44.84083807832004,https://analysis.chromium.org/coverage/p/chromium/dir?host=chromium.googlesource.com&project=chromium/src&ref=refs/heads/main&revision=458c84610c8c44aef7856f1615657d3ba07a129d&path=//&platform=linux&test_suite_type=unit&modifier_id=0
2023-11-18 08:00:39,2023-11-18,4c4be49,2715774,4836636,56.150059669571995,848173,1891526,44.84067361484854,https://analysis.chromium.org/coverage/p/chromium/dir?host=chromium.googlesource.com&project=chromium/src&ref=refs/heads/main&revision=4c4be495bbf5e19a73586b704e13be07c4b22f13&path=//&platform=linux&test_suite_type=unit&modifier_id=0
2023-11-19 19:48:00,2023-11-19,2e6a820,2716043,4836618,56.15583037568813,848234,1891510,44.84427785208643,https://analysis.chromium.org/coverage/p/chromium/dir?host=chromium.googlesource.com&project=chromium/src&ref=refs/heads/main&revision=2e6a82012540dc872ae5e74766927d0da84a7af5&path=//&platform=linux&test_suite_type=unit&modifier_id=0
2023-11-20 19:58:02,2023-11-20,8ce5445,2716549,4838114,56.14892497365709,848204,1891796,44.83591254025276,https://analysis.chromium.org/coverage/p/chromium/dir?host=chromium.googlesource.com&project=chromium/src&ref=refs/heads/main&revision=8ce54458e6e510cbf6a194acdf1146fde5203eb2&path=//&platform=linux&test_suite_type=unit&modifier_id=0
2023-11-21 19:59:00,2023-11-21,370bced,2715413,4835494,56.15585501708822,847859,1890730,44.84294425962459,https://analysis.chromium.org/coverage/p/chromium/dir?host=chromium.googlesource.com&project=chromium/src&ref=refs/heads/main&revision=370bcedda3bd3e6cd33a7c60a8dd735e7e8c4c29&path=//&platform=linux&test_suite_type=unit&modifier_id=0
2023-11-22 19:58:23,2023-11-22,f4327d9,2715114,4796637,56.60453355131939,847835,1875814,45.19824460207675,https://analysis.chromium.org/coverage/p/chromium/dir?host=chromium.googlesource.com&project=chromium/src&ref=refs/heads/main&revision=f4327d92985bc75294367bd7c1c451245376b649&path=//&platform=linux&test_suite_type=unit&modifier_id=0
2023-11-23 19:58:40,2023-11-23,e8ca4d9,2715761,4797271,56.610539617211536,848180,1876254,45.20603287188195,https://analysis.chromium.org/coverage/p/chromium/dir?host=chromium.googlesource.com&project=chromium/src&ref=refs/heads/main&revision=e8ca4d9b9ee33fa68c68079ac19ed9a77017c280&path=//&platform=linux&test_suite_type=unit&modifier_id=0
2023-11-24 19:59:23,2023-11-24,66323c2,2718164,4798375,56.64759423763253,848988,1876850,45.234728401310704,https://analysis.chromium.org/coverage/p/chromium/dir?host=chromium.googlesource.com&project=chromium/src&ref=refs/heads/main&revision=66323c2b2796fe20f91ec9e4655ba1cc7b2493e7&path=//&platform=linux&test_suite_type=unit&modifier_id=0
2023-11-25 19:24:59,2023-11-25,c62e3e1,2716255,4798394,56.60758578807826,848429,1876830,45.20542617072404,https://analysis.chromium.org/coverage/p/chromium/dir?host=chromium.googlesource.com&project=chromium/src&ref=refs/heads/main&revision=c62e3e1b15cd6782247a8699dff7e338d9536e0b&path=//&platform=linux&test_suite_type=unit&modifier_id=0
2023-11-26 19:55:15,2023-11-26,de19b6f,2716402,4798325,56.61146337524032,848431,1876796,45.20635167594134,https://analysis.chromium.org/coverage/p/chromium/dir?host=chromium.googlesource.com&project=chromium/src&ref=refs/heads/main&revision=de19b6faef984d4450964170b10a4da899d009ac&path=//&platform=linux&test_suite_type=unit&modifier_id=0
2023-11-27 19:58:31,2023-11-27,3a4c54f,2718675,4799847,56.64086792766519,849121,1877468,45.22692264262294,https://analysis.chromium.org/coverage/p/chromium/dir?host=chromium.googlesource.com&project=chromium/src&ref=refs/heads/main&revision=3a4c54fe6a6f072d658ddb610c02768cf8c0fcb5&path=//&platform=linux&test_suite_type=unit&modifier_id=0
2023-11-28 19:55:51,2023-11-28,6f3da4a,2719710,4801138,56.6471948942105,849376,1877710,45.23467415096048,https://analysis.chromium.org/coverage/p/chromium/dir?host=chromium.googlesource.com&project=chromium/src&ref=refs/heads/main&revision=6f3da4ac381314e6878128a747d0bc4881ed5f07&path=//&platform=linux&test_suite_type=unit&modifier_id=0
2023-11-29 19:58:43,2023-11-29,0d0426d,2719424,4804068,56.60669249477734,849212,1878910,45.19705573976401,https://analysis.chromium.org/coverage/p/chromium/dir?host=chromium.googlesource.com&project=chromium/src&ref=refs/heads/main&revision=0d0426dcd0496f35c46a772e668e2de8057c833b&path=//&platform=linux&test_suite_type=unit&modifier_id=0
2023-11-30 19:59:26,2023-11-30,566457d,2723024,4807795,56.63768941895401,850277,1880352,45.219033457565395,https://analysis.chromium.org/coverage/p/chromium/dir?host=chromium.googlesource.com&project=chromium/src&ref=refs/heads/main&revision=566457df958ce957b306531c30d09c198699e98a&path=//&platform=linux&test_suite_type=unit&modifier_id=0
2023-12-01 19:49:22,2023-12-01,c5502b0,2724211,4809704,56.63988885802536,850785,1881362,45.22175955504576,https://analysis.chromium.org/coverage/p/chromium/dir?host=chromium.googlesource.com&project=chromium/src&ref=refs/heads/main&revision=c5502b04ed739d78b628b1222c6452d1afe985ee&path=//&platform=linux&test_suite_type=unit&modifier_id=0
2023-12-02 19:48:04,2023-12-02,b8e47f6,2724478,4809726,56.645181035260634,850864,1881380,45.22552594372216,https://analysis.chromium.org/coverage/p/chromium/dir?host=chromium.googlesource.com&project=chromium/src&ref=refs/heads/main&revision=b8e47f6b3b5b2f0ed7f1c088066579079a06bca3&path=//&platform=linux&test_suite_type=unit&modifier_id=0
2023-12-03 19:49:01,2023-12-03,fe03620,2724208,4809780,56.638931510380935,850786,1881434,45.220082128844275,https://analysis.chromium.org/coverage/p/chromium/dir?host=chromium.googlesource.com&project=chromium/src&ref=refs/heads/main&revision=fe036207d64bf72664791240e0b71210ab2a1857&path=//&platform=linux&test_suite_type=unit&modifier_id=0
2023-12-04 19:52:59,2023-12-04,d4e6cc8,2726862,4813752,56.647330398408556,851494,1883122,45.21714472031021,https://analysis.chromium.org/coverage/p/chromium/dir?host=chromium.googlesource.com&project=chromium/src&ref=refs/heads/main&revision=d4e6cc8d3dc444722132983ff4c16422476fe0ad&path=//&platform=linux&test_suite_type=unit&modifier_id=0
2023-12-05 19:57:38,2023-12-05,bd9b549,2729131,4814913,56.68079568623566,852441,1883430,45.260030901068795,https://analysis.chromium.org/coverage/p/chromium/dir?host=chromium.googlesource.com&project=chromium/src&ref=refs/heads/main&revision=bd9b54962d0cab5daa2d5d8eb87a509c7a40cb45&path=//&platform=linux&test_suite_type=unit&modifier_id=0
2023-12-06 19:57:31,2023-12-06,cc984b2,2727944,4814614,56.659661605270955,852350,1883952,45.24266011023636,https://analysis.chromium.org/coverage/p/chromium/dir?host=chromium.googlesource.com&project=chromium/src&ref=refs/heads/main&revision=cc984b24072a4b3d5b84d2c049631de2751f8e8a&path=//&platform=linux&test_suite_type=unit&modifier_id=0
2023-12-07 19:55:48,2023-12-07,6cb0adf,2728429,4815498,56.65933201508961,852457,1884502,45.23513373825021,https://analysis.chromium.org/coverage/p/chromium/dir?host=chromium.googlesource.com&project=chromium/src&ref=refs/heads/main&revision=6cb0adf7228b0eeed5baeba3d186821194f7e7e7&path=//&platform=linux&test_suite_type=unit&modifier_id=0
2023-12-08 19:56:43,2023-12-08,2bf4d28,2730753,4817387,56.68535660514715,853150,1885182,45.2555774455729,https://analysis.chromium.org/coverage/p/chromium/dir?host=chromium.googlesource.com&project=chromium/src&ref=refs/heads/main&revision=2bf4d28eb8dec454db7d9a0209334e04589c7624&path=//&platform=linux&test_suite_type=unit&modifier_id=0
2023-12-09 19:27:02,2023-12-09,d09f446,2731005,4817485,56.689434424808795,853278,1885520,45.25425346853918,https://analysis.chromium.org/coverage/p/chromium/dir?host=chromium.googlesource.com&project=chromium/src&ref=refs/heads/main&revision=d09f4469637c18d70d3621c4e3dd211617b424cc&path=//&platform=linux&test_suite_type=unit&modifier_id=0
2023-12-10 19:49:04,2023-12-10,3fcf543,2730568,4817532,56.67981032611719,853152,1885536,45.24718700677155,https://analysis.chromium.org/coverage/p/chromium/dir?host=chromium.googlesource.com&project=chromium/src&ref=refs/heads/main&revision=3fcf543fa2c0c6f3bf2812335fc042de4090e97d&path=//&platform=linux&test_suite_type=unit&modifier_id=0
2023-12-12 19:56:21,2023-12-12,d3936d5,2732486,4819716,56.693921384579504,853794,1886516,45.25771316013222,https://analysis.chromium.org/coverage/p/chromium/dir?host=chromium.googlesource.com&project=chromium/src&ref=refs/heads/main&revision=d3936d59cda0e7615f58e41dedffca542ea6f941&path=//&platform=linux&test_suite_type=unit&modifier_id=0
2023-12-13 19:50:34,2023-12-13,9d6d5d6,2732878,4817997,56.72228521520458,853813,1885294,45.28805586820941,https://analysis.chromium.org/coverage/p/chromium/dir?host=chromium.googlesource.com&project=chromium/src&ref=refs/heads/main&revision=9d6d5d6586646d935e5b071b24811cfebb17d810&path=//&platform=linux&test_suite_type=unit&modifier_id=0
2023-12-14 19:59:39,2023-12-14,4e4bfeb,2734971,4819339,56.749919439159605,854663,1886160,45.31232769224244,https://analysis.chromium.org/coverage/p/chromium/dir?host=chromium.googlesource.com&project=chromium/src&ref=refs/heads/main&revision=4e4bfeb264369d1619d08d8d485afba7195a6c0a&path=//&platform=linux&test_suite_type=unit&modifier_id=0
2023-12-15 19:48:45,2023-12-15,934b30a,2735557,4819612,56.758863576570064,854856,1886132,45.32323294445988,https://analysis.chromium.org/coverage/p/chromium/dir?host=chromium.googlesource.com&project=chromium/src&ref=refs/heads/main&revision=934b30ab4591592967809790a1fa407d7cde1ec8&path=//&platform=linux&test_suite_type=unit&modifier_id=0
2023-12-17 19:41:04,2023-12-17,7ac13c1,2736211,4819705,56.77133766485708,855080,1886178,45.334003471570554,https://analysis.chromium.org/coverage/p/chromium/dir?host=chromium.googlesource.com&project=chromium/src&ref=refs/heads/main&revision=7ac13c14af27065e9af4d1560cad39be17eddb87&path=//&platform=linux&test_suite_type=unit&modifier_id=0
2023-12-18 19:53:27,2023-12-18,3ac9ff9,2730788,4815910,56.70346829571151,852762,1882804,45.292128123798335,https://analysis.chromium.org/coverage/p/chromium/dir?host=chromium.googlesource.com&project=chromium/src&ref=refs/heads/main&revision=3ac9ff9fda7f8a5b33751ef934bf2e05c851d2ec&path=//&platform=linux&test_suite_type=unit&modifier_id=0
2023-12-19 19:54:42,2023-12-19,ec3820c,2733416,4817499,56.7393163963293,853501,1883370,45.317754875568795,https://analysis.chromium.org/coverage/p/chromium/dir?host=chromium.googlesource.com&project=chromium/src&ref=refs/heads/main&revision=ec3820cc20e939e22bd1bd7dffd095201cc08158&path=//&platform=linux&test_suite_type=unit&modifier_id=0
2023-12-20 19:59:47,2023-12-20,6058a9a,2737142,4820511,56.781158677990774,854480,1884380,45.345418652288814,https://analysis.chromium.org/coverage/p/chromium/dir?host=chromium.googlesource.com&project=chromium/src&ref=refs/heads/main&revision=6058a9a1f679d11dd039efc17b1d356d2d83c1af&path=//&platform=linux&test_suite_type=unit&modifier_id=0
2023-12-21 19:41:29,2023-12-21,c99abbc,2735430,4820951,56.74046469254718,854058,1884562,45.31864698534726,https://analysis.chromium.org/coverage/p/chromium/dir?host=chromium.googlesource.com&project=chromium/src&ref=refs/heads/main&revision=c99abbc12a4ea8549ea1f9938359ae13cc2d6b9b&path=//&platform=linux&test_suite_type=unit&modifier_id=0
2023-12-22 19:54:45,2023-12-22,8d59d7d,2735618,4821182,56.74164551348611,854164,1884714,45.32061628448667,https://analysis.chromium.org/coverage/p/chromium/dir?host=chromium.googlesource.com&project=chromium/src&ref=refs/heads/main&revision=8d59d7d8b579c7a70f02a4025d534c09154ff43e&path=//&platform=linux&test_suite_type=unit&modifier_id=0
2023-12-23 19:36:50,2023-12-23,f1859b3,2737248,4821238,56.77479518746015,854765,1884732,45.35207127591615,https://analysis.chromium.org/coverage/p/chromium/dir?host=chromium.googlesource.com&project=chromium/src&ref=refs/heads/main&revision=f1859b38a906a7c5d05e9c6b89ed8e62db0381c8&path=//&platform=linux&test_suite_type=unit&modifier_id=0
2023-12-24 19:44:37,2023-12-24,ccc059b,2737218,4821222,56.77436135485983,854602,1884730,45.34347094809336,https://analysis.chromium.org/coverage/p/chromium/dir?host=chromium.googlesource.com&project=chromium/src&ref=refs/heads/main&revision=ccc059b12baa595b6700c717921ab30fcd8b70d0&path=//&platform=linux&test_suite_type=unit&modifier_id=0
2023-12-25 19:31:11,2023-12-25,ff028e5,2737505,4821418,56.7780059725168,854744,1884808,45.349128399285235,https://analysis.chromium.org/coverage/p/chromium/dir?host=chromium.googlesource.com&project=chromium/src&ref=refs/heads/main&revision=ff028e536008abeffe5c034ef733fd243efb8def&path=//&platform=linux&test_suite_type=unit&modifier_id=0
2023-12-26 19:40:18,2023-12-26,0c093f7,2735882,4821670,56.74137798729486,854406,1884982,45.3270110802119,https://analysis.chromium.org/coverage/p/chromium/dir?host=chromium.googlesource.com&project=chromium/src&ref=refs/heads/main&revision=0c093f76f17a01215b42546131c82a714ccc4f11&path=//&platform=linux&test_suite_type=unit&modifier_id=0
2023-12-27 19:56:31,2023-12-27,e2de563,2737885,4821648,56.783178697408026,854973,1885018,45.35622471509556,https://analysis.chromium.org/coverage/p/chromium/dir?host=chromium.googlesource.com&project=chromium/src&ref=refs/heads/main&revision=e2de5636eea9ed43de4d044b632a8cad8c9db918&path=//&platform=linux&test_suite_type=unit&modifier_id=0
2023-12-28 19:58:03,2023-12-28,83d71cb,2737878,4821812,56.78110220804959,855047,1885078,45.35870664237766,https://analysis.chromium.org/coverage/p/chromium/dir?host=chromium.googlesource.com&project=chromium/src&ref=refs/heads/main&revision=83d71cb69e6239910557e86756420e3f81e32505&path=//&platform=linux&test_suite_type=unit&modifier_id=0
2023-12-29 19:28:38,2023-12-29,4de1837,2737621,4821831,56.77554854162247,854867,1885046,45.34992780017039,https://analysis.chromium.org/coverage/p/chromium/dir?host=chromium.googlesource.com&project=chromium/src&ref=refs/heads/main&revision=4de183719fbe9bf8c12729cf181ac3add67b1c97&path=//&platform=linux&test_suite_type=unit&modifier_id=0
2023-12-30 19:59:10,2023-12-30,66b0d1c,2738105,4821843,56.78544490146195,854993,1885048,45.356563864686734,https://analysis.chromium.org/coverage/p/chromium/dir?host=chromium.googlesource.com&project=chromium/src&ref=refs/heads/main&revision=66b0d1c09b5c030f1e904a013e24584fc3b5fba9&path=//&platform=linux&test_suite_type=unit&modifier_id=0
2023-12-31 19:13:30,2023-12-31,ded1a3e,2735942,4821895,56.739974636527755,854358,1885060,45.32258920140473,https://analysis.chromium.org/coverage/p/chromium/dir?host=chromium.googlesource.com&project=chromium/src&ref=refs/heads/main&revision=ded1a3eed649ae38b717bb4609355170636e1e72&path=//&platform=linux&test_suite_type=unit&modifier_id=0
2024-01-01 19:50:55,2024-01-01,4b70b78,2738487,4821910,56.792578044799676,855180,1885044,45.366580302634844,https://analysis.chromium.org/coverage/p/chromium/dir?host=chromium.googlesource.com&project=chromium/src&ref=refs/heads/main&revision=4b70b78c460a8048a2e363f259ed39d4d11718e2&path=//&platform=linux&test_suite_type=unit&modifier_id=0
2024-01-02 19:57:26,2024-01-02,68cd0aa,2737732,4822509,56.76986813295735,854923,1885186,45.34953049725598,https://analysis.chromium.org/coverage/p/chromium/dir?host=chromium.googlesource.com&project=chromium/src&ref=refs/heads/main&revision=68cd0aa58706543ce588afce7d3a42e5ba3a4026&path=//&platform=linux&test_suite_type=unit&modifier_id=0
2024-01-03 19:48:54,2024-01-03,ff2a9f7,2736834,4823139,56.74383425399932,854763,1885444,45.33483890266696,https://analysis.chromium.org/coverage/p/chromium/dir?host=chromium.googlesource.com&project=chromium/src&ref=refs/heads/main&revision=ff2a9f7f8f41dc9db01e47ac6f3357d6a0581590&path=//&platform=linux&test_suite_type=unit&modifier_id=0
2024-01-04 19:42:32,2024-01-04,b14bdd1,2735425,4822406,56.7232414690924,854483,1885360,45.322007468069756,https://analysis.chromium.org/coverage/p/chromium/dir?host=chromium.googlesource.com&project=chromium/src&ref=refs/heads/main&revision=b14bdd18d894b75bf0ba8093ce6d4c54cc31e46a&path=//&platform=linux&test_suite_type=unit&modifier_id=0
2024-01-05 19:55:02,2024-01-05,2f5f094,2737790,4822512,56.771035510124186,855104,1885476,45.35215510566032,https://analysis.chromium.org/coverage/p/chromium/dir?host=chromium.googlesource.com&project=chromium/src&ref=refs/heads/main&revision=2f5f094845dd5fe7b2648ad2e077fec25ecef693&path=//&platform=linux&test_suite_type=unit&modifier_id=0
2024-01-24 19:56:20,2024-01-24,0adc3b2,2892537,4842727,59.72950777526794,916542,1893986,48.39222676408379,https://analysis.chromium.org/coverage/p/chromium/dir?host=chromium.googlesource.com&project=chromium/src&ref=refs/heads/main&revision=0adc3b2de08d0c8711a8a676bca451689ec26141&path=//&platform=linux&test_suite_type=unit&modifier_id=0
2024-01-25 18:59:46,2024-01-25,aa6745a,2893943,4843868,59.744464547753985,917229,1894556,48.41392917390671,https://analysis.chromium.org/coverage/p/chromium/dir?host=chromium.googlesource.com&project=chromium/src&ref=refs/heads/main&revision=aa6745a1762d8ff00a34f90fe3320878578999bb&path=//&platform=linux&test_suite_type=unit&modifier_id=0
2024-01-26 18:58:32,2024-01-26,d06a6b4,2894255,4845548,59.73018944400097,916421,1895478,48.34775185995301,https://analysis.chromium.org/coverage/p/chromium/dir?host=chromium.googlesource.com&project=chromium/src&ref=refs/heads/main&revision=d06a6b4dc68a35933d69f70b7d917e2f9bbc4dd4&path=//&platform=linux&test_suite_type=unit&modifier_id=0
2024-01-27 19:27:40,2024-01-27,3c44c21,2896012,4845688,59.76472278033584,917756,1895568,48.41588378786728,https://analysis.chromium.org/coverage/p/chromium/dir?host=chromium.googlesource.com&project=chromium/src&ref=refs/heads/main&revision=3c44c21322aa16e4293857281552be5db78f939b&path=//&platform=linux&test_suite_type=unit&modifier_id=0
2024-01-28 19:46:38,2024-01-28,377928b,2893692,4845562,59.71839798974815,916549,1895582,48.351851832313244,https://analysis.chromium.org/coverage/p/chromium/dir?host=chromium.googlesource.com&project=chromium/src&ref=refs/heads/main&revision=377928bf12af36125b5f7df0186f984a3e34062e&path=//&platform=linux&test_suite_type=unit&modifier_id=0
2024-01-29 19:45:51,2024-01-29,ea4a672,2895552,4846707,59.74266651563629,917966,1896266,48.409136692847945,https://analysis.chromium.org/coverage/p/chromium/dir?host=chromium.googlesource.com&project=chromium/src&ref=refs/heads/main&revision=ea4a672f79e350f2c8893aeb14685881014d1b09&path=//&platform=linux&test_suite_type=unit&modifier_id=0
2024-01-30 19:56:42,2024-01-30,1785836,2897752,4848698,59.76350764679508,918936,1896986,48.44189677730885,https://analysis.chromium.org/coverage/p/chromium/dir?host=chromium.googlesource.com&project=chromium/src&ref=refs/heads/main&revision=1785836f438c779061bc5bd29e0910fcb1d1336e&path=//&platform=linux&test_suite_type=unit&modifier_id=0
2024-01-31 19:46:06,2024-01-31,668ba81,2897997,4849470,59.75904583387463,918115,1897566,48.38382433074791,https://analysis.chromium.org/coverage/p/chromium/dir?host=chromium.googlesource.com&project=chromium/src&ref=refs/heads/main&revision=668ba81daefdee017068b56076324fc9ab52cd11&path=//&platform=linux&test_suite_type=unit&modifier_id=0
2024-02-01 19:57:32,2024-02-01,75c6efa,2900124,4851113,59.78265193987442,919289,1898446,48.423236689376466,https://analysis.chromium.org/coverage/p/chromium/dir?host=chromium.googlesource.com&project=chromium/src&ref=refs/heads/main&revision=75c6efaec08d88d9d2818c2eb165ad6cb23954a3&path=//&platform=linux&test_suite_type=unit&modifier_id=0
2024-02-02 19:52:21,2024-02-02,b899145,2899532,4851860,59.76124620248729,918809,1898850,48.387655686336466,https://analysis.chromium.org/coverage/p/chromium/dir?host=chromium.googlesource.com&project=chromium/src&ref=refs/heads/main&revision=b89914595086e30bc97d548b39ed3648d52f2489&path=//&platform=linux&test_suite_type=unit&modifier_id=0
2024-02-03 19:42:04,2024-02-03,6d3674d,2898235,4851778,59.73552376056777,917917,1898862,48.340374392662554,https://analysis.chromium.org/coverage/p/chromium/dir?host=chromium.googlesource.com&project=chromium/src&ref=refs/heads/main&revision=6d3674d32562df29dc13ee9f9ea913c4fb3536b1&path=//&platform=linux&test_suite_type=unit&modifier_id=0
2024-02-04 19:42:42,2024-02-04,8f18fa5,2899853,4852274,59.76276277885379,919091,1899028,48.39796990881651,https://analysis.chromium.org/coverage/p/chromium/dir?host=chromium.googlesource.com&project=chromium/src&ref=refs/heads/main&revision=8f18fa5c829c322bb757b479e9ca82172b16edb2&path=//&platform=linux&test_suite_type=unit&modifier_id=0
2024-02-05 19:55:34,2024-02-05,bd182ea,2899575,4853170,59.74600106734361,919084,1899716,48.380073653114465,https://analysis.chromium.org/coverage/p/chromium/dir?host=chromium.googlesource.com&project=chromium/src&ref=refs/heads/main&revision=bd182ea9984b08283dbfee1a66b48059719e3247&path=//&platform=linux&test_suite_type=unit&modifier_id=0
2024-02-06 19:55:07,2024-02-06,f9c21d1,2902320,4854334,59.78822223604721,921118,1900778,48.46005162096783,https://analysis.chromium.org/coverage/p/chromium/dir?host=chromium.googlesource.com&project=chromium/src&ref=refs/heads/main&revision=f9c21d1bdea70e31589a418865fb529576baaa9c&path=//&platform=linux&test_suite_type=unit&modifier_id=0
2024-02-07 19:55:56,2024-02-07,dc54bc1,2901447,4855496,59.75593430619652,920948,1900988,48.44575557552178,https://analysis.chromium.org/coverage/p/chromium/dir?host=chromium.googlesource.com&project=chromium/src&ref=refs/heads/main&revision=dc54bc1f3d034a9561e7f8161d5a011971c3f2e0&path=//&platform=linux&test_suite_type=unit&modifier_id=0
2024-02-08 19:52:48,2024-02-08,ef17071,2902911,4854658,59.796405843624825,921255,1901070,48.459814735911884,https://analysis.chromium.org/coverage/p/chromium/dir?host=chromium.googlesource.com&project=chromium/src&ref=refs/heads/main&revision=ef17071dd94719a0f2980614ab90bad45b3130ec&path=//&platform=linux&test_suite_type=unit&modifier_id=0
2024-02-09 19:47:24,2024-02-09,d5175df,2902320,4856152,59.7658392900387,920738,1901714,48.41621821157125,https://analysis.chromium.org/coverage/p/chromium/dir?host=chromium.googlesource.com&project=chromium/src&ref=refs/heads/main&revision=d5175df22a8df7260d74687d09f577b79f096a1f&path=//&platform=linux&test_suite_type=unit&modifier_id=0
2024-02-10 19:23:14,2024-02-10,093840d,2901522,4856072,59.750390850877004,920613,1901684,48.41040887970872,https://analysis.chromium.org/coverage/p/chromium/dir?host=chromium.googlesource.com&project=chromium/src&ref=refs/heads/main&revision=093840de363de848e1f1a93de5573257b6ccd04a&path=//&platform=linux&test_suite_type=unit&modifier_id=0
2024-02-11 19:49:12,2024-02-11,6989a59,2902473,4856130,59.769260707600495,920826,1901734,48.42033638773877,https://analysis.chromium.org/coverage/p/chromium/dir?host=chromium.googlesource.com&project=chromium/src&ref=refs/heads/main&revision=6989a59ad5fc859307a48f7be48921563ef94f34&path=//&platform=linux&test_suite_type=unit&modifier_id=0
2024-02-12 19:57:27,2024-02-12,47a1026,2902316,4856980,59.75556827493628,921156,1902128,48.427655762388234,https://analysis.chromium.org/coverage/p/chromium/dir?host=chromium.googlesource.com&project=chromium/src&ref=refs/heads/main&revision=47a1026786937378e755ad76cea03260147fbab7&path=//&platform=linux&test_suite_type=unit&modifier_id=0
2024-02-13 19:59:48,2024-02-13,61a5cc8,2903053,4857645,59.76255984123994,920854,1902456,48.403432195015284,https://analysis.chromium.org/coverage/p/chromium/dir?host=chromium.googlesource.com&project=chromium/src&ref=refs/heads/main&revision=61a5cc85ea02fd1c73a59d8b32ee3358fdf6002d&path=//&platform=linux&test_suite_type=unit&modifier_id=0
2024-02-14 19:59:16,2024-02-14,513adb0,2903395,4859054,59.75226865147002,921331,1903142,48.4110486763468,https://analysis.chromium.org/coverage/p/chromium/dir?host=chromium.googlesource.com&project=chromium/src&ref=refs/heads/main&revision=513adb0952f36da044fbc0ecd0a0daf59a363201&path=//&platform=linux&test_suite_type=unit&modifier_id=0
2024-02-15 19:59:46,2024-02-15,8d03478,2902801,4860031,59.728034656569065,922160,1903998,48.43282398405881,https://analysis.chromium.org/coverage/p/chromium/dir?host=chromium.googlesource.com&project=chromium/src&ref=refs/heads/main&revision=8d034782b056221e5e2d944874fb149a7f3a57c0&path=//&platform=linux&test_suite_type=unit&modifier_id=0
2024-02-16 19:55:25,2024-02-16,d3100ea,2906342,4863385,59.75965299888863,922310,1905574,48.400639387397185,https://analysis.chromium.org/coverage/p/chromium/dir?host=chromium.googlesource.com&project=chromium/src&ref=refs/heads/main&revision=d3100ea6fcd878bd93b8583b29cbdced40540090&path=//&platform=linux&test_suite_type=unit&modifier_id=0
2024-02-17 19:28:25,2024-02-17,eba6e22,2906178,4863416,59.75589996825277,923311,1905656,48.45108456090711,https://analysis.chromium.org/coverage/p/chromium/dir?host=chromium.googlesource.com&project=chromium/src&ref=refs/heads/main&revision=eba6e227a8a4530dbffb5c2f972d52aba483181e&path=//&platform=linux&test_suite_type=unit&modifier_id=0
2024-02-18 19:47:51,2024-02-18,5dd59af,2906297,4863514,59.757142675028796,922054,1905684,48.38441210609944,https://analysis.chromium.org/coverage/p/chromium/dir?host=chromium.googlesource.com&project=chromium/src&ref=refs/heads/main&revision=5dd59af7b3027f78a5f9fdd37d133a0d29fd7449&path=//&platform=linux&test_suite_type=unit&modifier_id=0
2024-02-19 19:53:32,2024-02-19,f8f2853,2907704,4862262,59.801466889279105,923341,1905914,48.446099876489704,https://analysis.chromium.org/coverage/p/chromium/dir?host=chromium.googlesource.com&project=chromium/src&ref=refs/heads/main&revision=f8f2853c8dae2839054331e47db7639461e963e3&path=//&platform=linux&test_suite_type=unit&modifier_id=0
2024-02-20 19:59:53,2024-02-20,b74a539,2908460,4862898,59.80919196742354,923942,1906240,48.46934278999496,https://analysis.chromium.org/coverage/p/chromium/dir?host=chromium.googlesource.com&project=chromium/src&ref=refs/heads/main&revision=b74a5393e1e922f861790441c64968451451e7e3&path=//&platform=linux&test_suite_type=unit&modifier_id=0
2024-02-21 19:52:37,2024-02-21,933fc8e,2907870,4864678,59.77517936438959,923625,1909674,48.36558491135136,https://analysis.chromium.org/coverage/p/chromium/dir?host=chromium.googlesource.com&project=chromium/src&ref=refs/heads/main&revision=933fc8eb163ccfe8d5c4d712372e98bcc9c80cf2&path=//&platform=linux&test_suite_type=unit&modifier_id=0
2024-02-22 19:59:52,2024-02-22,1ceaf13,2908738,4866538,59.770169266118955,923946,1910470,48.362235470852724,https://analysis.chromium.org/coverage/p/chromium/dir?host=chromium.googlesource.com&project=chromium/src&ref=refs/heads/main&revision=1ceaf13e7032399dc09070f725cff432a6788859&path=//&platform=linux&test_suite_type=unit&modifier_id=0
2024-02-23 19:26:04,2024-02-23,5683aae,2909450,4868160,59.7648803654769,923930,1911584,48.33321475802266,https://analysis.chromium.org/coverage/p/chromium/dir?host=chromium.googlesource.com&project=chromium/src&ref=refs/heads/main&revision=5683aae19bdee8198cb7f5ddf4d063c3b2e2b87e&path=//&platform=linux&test_suite_type=unit&modifier_id=0
2024-02-24 19:18:22,2024-02-24,4ff43c4,2908721,4868180,59.749660037221304,923090,1911578,48.2894237117188,https://analysis.chromium.org/coverage/p/chromium/dir?host=chromium.googlesource.com&project=chromium/src&ref=refs/heads/main&revision=4ff43c4f40840bb560c202662c83de7e4f96af32&path=//&platform=linux&test_suite_type=unit&modifier_id=0
2024-02-25 19:55:24,2024-02-25,093407f,2908385,4868418,59.73983745849268,923123,1911798,48.28559293398152,https://analysis.chromium.org/coverage/p/chromium/dir?host=chromium.googlesource.com&project=chromium/src&ref=refs/heads/main&revision=093407f6f9114a60def05fcc1cabe26d84819af9&path=//&platform=linux&test_suite_type=unit&modifier_id=0
2024-02-26 19:56:54,2024-02-26,2c611df,2910609,4872926,59.73021137608082,924181,1913674,48.29354425048363,https://analysis.chromium.org/coverage/p/chromium/dir?host=chromium.googlesource.com&project=chromium/src&ref=refs/heads/main&revision=2c611df87dbf269d1799175bbe10d2aec039b732&path=//&platform=linux&test_suite_type=unit&modifier_id=0
2024-02-27 19:57:24,2024-02-27,faef05e,2909493,4873811,59.69646750766495,923352,1912790,48.2725233820754,https://analysis.chromium.org/coverage/p/chromium/dir?host=chromium.googlesource.com&project=chromium/src&ref=refs/heads/main&revision=faef05ec5ed90d8491f731fc3d1244ecb63bdbcd&path=//&platform=linux&test_suite_type=unit&modifier_id=0
2024-02-28 19:54:27,2024-02-28,6046afc,2911170,4875697,59.70777101202146,924361,1913472,48.30804945146833,https://analysis.chromium.org/coverage/p/chromium/dir?host=chromium.googlesource.com&project=chromium/src&ref=refs/heads/main&revision=6046afcc87040c3b54b2c48838f0b797c71f510c&path=//&platform=linux&test_suite_type=unit&modifier_id=0
2024-02-29 19:34:07,2024-02-29,258ea63,2913040,4877840,59.719876010693255,924953,1914602,48.3104582571208,https://analysis.chromium.org/coverage/p/chromium/dir?host=chromium.googlesource.com&project=chromium/src&ref=refs/heads/main&revision=258ea639144582fe912adbdd32f60e413aedd4fe&path=//&platform=linux&test_suite_type=unit&modifier_id=0
2024-03-01 19:23:53,2024-03-01,da5f161,2911740,4877944,59.69195218313289,924313,1915516,48.253995268115744,https://analysis.chromium.org/coverage/p/chromium/dir?host=chromium.googlesource.com&project=chromium/src&ref=refs/heads/main&revision=da5f161524d433d2dcdf517b44e2ba0dddba0b3c&path=//&platform=linux&test_suite_type=unit&modifier_id=0
2024-03-02 19:14:33,2024-03-02,33fdcee,2912862,4877971,59.714623149666124,925011,1915516,48.290434535655145,https://analysis.chromium.org/coverage/p/chromium/dir?host=chromium.googlesource.com&project=chromium/src&ref=refs/heads/main&revision=33fdceefc2a17e7b6d9e2e1c516ad86b9dccac1f&path=//&platform=linux&test_suite_type=unit&modifier_id=0
2024-03-03 19:57:50,2024-03-03,905609e,2912643,4878444,59.70434425402854,924753,1915782,48.2702624828921,https://analysis.chromium.org/coverage/p/chromium/dir?host=chromium.googlesource.com&project=chromium/src&ref=refs/heads/main&revision=905609eb688c2b2df475467c7dc1a5ec4fd6ffb8&path=//&platform=linux&test_suite_type=unit&modifier_id=0
2024-03-04 19:58:18,2024-03-04,49c4ab9,2912907,4880976,59.67878145682339,925440,1916924,48.27734432872665,https://analysis.chromium.org/coverage/p/chromium/dir?host=chromium.googlesource.com&project=chromium/src&ref=refs/heads/main&revision=49c4ab9bd6939b66e95136d8c699d5295d3b3d6e&path=//&platform=linux&test_suite_type=unit&modifier_id=0
2024-03-05 19:52:10,2024-03-05,4eba821,2914789,4883077,59.6916452474536,926189,1917784,48.29475060799339,https://analysis.chromium.org/coverage/p/chromium/dir?host=chromium.googlesource.com&project=chromium/src&ref=refs/heads/main&revision=4eba8217ca853cdcd50ed3575073df2188709943&path=//&platform=linux&test_suite_type=unit&modifier_id=0
2024-03-06 19:57:22,2024-03-06,df28222,2916295,4884850,59.70080964615085,926480,1918470,48.292649872033444,https://analysis.chromium.org/coverage/p/chromium/dir?host=chromium.googlesource.com&project=chromium/src&ref=refs/heads/main&revision=df28222a255e9b50a6125b730f8f017b526010ee&path=//&platform=linux&test_suite_type=unit&modifier_id=0
2024-03-07 19:45:09,2024-03-07,142f913,2915543,4887705,59.65055174156378,926150,1919754,48.24316032158287,https://analysis.chromium.org/coverage/p/chromium/dir?host=chromium.googlesource.com&project=chromium/src&ref=refs/heads/main&revision=142f9130eb30e571579aff8bd84562861aca44ea&path=//&platform=linux&test_suite_type=unit&modifier_id=0
2024-03-08 19:53:27,2024-03-08,ba238da,2917711,4889095,59.67793630518531,927947,1920522,48.31743661358735,https://analysis.chromium.org/coverage/p/chromium/dir?host=chromium.googlesource.com&project=chromium/src&ref=refs/heads/main&revision=ba238da531f98a14a698ef33801c0085ec87b43a&path=//&platform=linux&test_suite_type=unit&modifier_id=0
2024-03-09 19:52:17,2024-03-09,c96ed6e,2917285,4889140,59.66867383629841,927337,1920534,48.28537271404724,https://analysis.chromium.org/coverage/p/chromium/dir?host=chromium.googlesource.com&project=chromium/src&ref=refs/heads/main&revision=c96ed6e91ff6cf5cf243d0f5f563b686ab3e12c1&path=//&platform=linux&test_suite_type=unit&modifier_id=0
2024-03-10 19:58:31,2024-03-10,d0a2ac4,2915561,4889352,59.630826334450866,925963,1920598,48.21222348456054,https://analysis.chromium.org/coverage/p/chromium/dir?host=chromium.googlesource.com&project=chromium/src&ref=refs/heads/main&revision=d0a2ac40a04f0f1c734097f317097daa0a40ad09&path=//&platform=linux&test_suite_type=unit&modifier_id=0
2024-03-11 19:55:54,2024-03-11,cd46651,2917341,4891990,59.63505649030354,927471,1921702,48.26299811313096,https://analysis.chromium.org/coverage/p/chromium/dir?host=chromium.googlesource.com&project=chromium/src&ref=refs/heads/main&revision=cd46651597a942dc46f9b9006ff714d766bcdf59&path=//&platform=linux&test_suite_type=unit&modifier_id=0
2024-03-12 19:55:00,2024-03-12,cb787b3,2921187,4895167,59.674920181476956,928928,1923036,48.305283936442166,https://analysis.chromium.org/coverage/p/chromium/dir?host=chromium.googlesource.com&project=chromium/src&ref=refs/heads/main&revision=cb787b38cb9f546af17f4f949711e001b13ea593&path=//&platform=linux&test_suite_type=unit&modifier_id=0
2024-03-13 19:58:47,2024-03-13,46ccde4,2921553,4899144,59.633948297906734,928529,1924722,48.24223965850653,https://analysis.chromium.org/coverage/p/chromium/dir?host=chromium.googlesource.com&project=chromium/src&ref=refs/heads/main&revision=46ccde43a1a377f94f69f75351b1f9a9c9b080bb&path=//&platform=linux&test_suite_type=unit&modifier_id=0
2024-03-14 19:50:54,2024-03-14,a52e68a,2924516,4901656,59.66383605867078,930329,1925714,48.31086028351043,https://analysis.chromium.org/coverage/p/chromium/dir?host=chromium.googlesource.com&project=chromium/src&ref=refs/heads/main&revision=a52e68a35886619d8b4109fbebb12169555618c6&path=//&platform=linux&test_suite_type=unit&modifier_id=0
2024-03-15 19:32:31,2024-03-15,a0ae249,2924978,4902931,59.657743500775354,929887,1926210,48.27547359841346,https://analysis.chromium.org/coverage/p/chromium/dir?host=chromium.googlesource.com&project=chromium/src&ref=refs/heads/main&revision=a0ae24996996fe590fb9a2e431f48dbf4debb5b3&path=//&platform=linux&test_suite_type=unit&modifier_id=0
2024-03-16 19:24:16,2024-03-16,9e11bf2,2926125,4902953,59.6808698757667,930037,1926208,48.28331104429013,https://analysis.chromium.org/coverage/p/chromium/dir?host=chromium.googlesource.com&project=chromium/src&ref=refs/heads/main&revision=9e11bf2f884d2a7a86c2efeb38de904caf1a33ba&path=//&platform=linux&test_suite_type=unit&modifier_id=0
2024-03-17 19:45:08,2024-03-17,5f56a8a,2924478,4903166,59.64468671874458,929663,1926322,48.26103839337348,https://analysis.chromium.org/coverage/p/chromium/dir?host=chromium.googlesource.com&project=chromium/src&ref=refs/heads/main&revision=5f56a8a5d391bd131a68db68f2151efd70682ec7&path=//&platform=linux&test_suite_type=unit&modifier_id=0
2024-03-18 19:53:59,2024-03-18,cbc33d5,2926403,4905130,59.66004978461325,930643,1927382,48.28534250086387,https://analysis.chromium.org/coverage/p/chromium/dir?host=chromium.googlesource.com&project=chromium/src&ref=refs/heads/main&revision=cbc33d5567ab6c2e4fa346d5860ac98e4260e910&path=//&platform=linux&test_suite_type=unit&modifier_id=0
2024-03-19 19:55:04,2024-03-19,90c1fb6,2929139,4901689,59.757748808624946,932006,1927772,48.346277464347445,https://analysis.chromium.org/coverage/p/chromium/dir?host=chromium.googlesource.com&project=chromium/src&ref=refs/heads/main&revision=90c1fb66d642a6f7b75ecf740662320011194fcd&path=//&platform=linux&test_suite_type=unit&modifier_id=0
2024-03-20 19:59:17,2024-03-20,8808d1c,2929869,4903331,59.75262530716364,931511,1928730,48.29659931664878,https://analysis.chromium.org/coverage/p/chromium/dir?host=chromium.googlesource.com&project=chromium/src&ref=refs/heads/main&revision=8808d1c0b037c424d0b21de4f03fc5b69be580d5&path=//&platform=linux&test_suite_type=unit&modifier_id=0
2024-03-21 19:56:48,2024-03-21,e3c6b61,2930498,4905149,59.74330239509544,932202,1929750,48.306879129420906,https://analysis.chromium.org/coverage/p/chromium/dir?host=chromium.googlesource.com&project=chromium/src&ref=refs/heads/main&revision=e3c6b61f35330afb377a2086ffadc3d7e2321d8c&path=//&platform=linux&test_suite_type=unit&modifier_id=0
2024-03-22 19:55:14,2024-03-22,28cde6b,2928605,4905353,59.702227342252435,932066,1930306,48.28591943453525,https://analysis.chromium.org/coverage/p/chromium/dir?host=chromium.googlesource.com&project=chromium/src&ref=refs/heads/main&revision=28cde6b908e34eabe4c4864317b58dac2d9ff37d&path=//&platform=linux&test_suite_type=unit&modifier_id=0
2024-03-23 19:22:36,2024-03-23,6e57dfe,2928576,4906115,59.69236350962014,932067,1930822,48.27306711856401,https://analysis.chromium.org/coverage/p/chromium/dir?host=chromium.googlesource.com&project=chromium/src&ref=refs/heads/main&revision=6e57dfe4ea6777aae363b225d60a3e7c72e8df10&path=//&platform=linux&test_suite_type=unit&modifier_id=0
2024-03-24 19:46:45,2024-03-24,b2f065d,2929172,4905454,59.712556676711266,932021,1930390,48.28148716062557,https://analysis.chromium.org/coverage/p/chromium/dir?host=chromium.googlesource.com&project=chromium/src&ref=refs/heads/main&revision=b2f065d0e128d1e42bfeda8e127b1b0743350287&path=//&platform=linux&test_suite_type=unit&modifier_id=0
2024-03-25 19:44:01,2024-03-25,7ce8808,2931846,4906771,59.751025674522005,932844,1931000,48.30885551527706,https://analysis.chromium.org/coverage/p/chromium/dir?host=chromium.googlesource.com&project=chromium/src&ref=refs/heads/main&revision=7ce88089bc3efaf2f020d727d4fab9e077afe41c&path=//&platform=linux&test_suite_type=unit&modifier_id=0
2024-03-26 19:52:57,2024-03-26,6b9a2ad,2932225,4907883,59.74520990007301,933255,1932134,48.301774100554105,https://analysis.chromium.org/coverage/p/chromium/dir?host=chromium.googlesource.com&project=chromium/src&ref=refs/heads/main&revision=6b9a2adf2a77ba2db423b33208ea0dded236fc5a&path=//&platform=linux&test_suite_type=unit&modifier_id=0
2024-03-27 19:58:11,2024-03-27,08475b0,2933082,4909482,59.74320712449908,933231,1932612,48.288585603318204,https://analysis.chromium.org/coverage/p/chromium/dir?host=chromium.googlesource.com&project=chromium/src&ref=refs/heads/main&revision=08475b07b21fde12ba9cf512ef6d103cc13e422b&path=//&platform=linux&test_suite_type=unit&modifier_id=0
2024-03-28 19:46:45,2024-03-28,1c13dda,2935176,4911635,59.75965233572934,934201,1933852,48.30778156756567,https://analysis.chromium.org/coverage/p/chromium/dir?host=chromium.googlesource.com&project=chromium/src&ref=refs/heads/main&revision=1c13dda8aff4fc0dfb70420b869bf3e3c9310bcd&path=//&platform=linux&test_suite_type=unit&modifier_id=0
2024-03-29 19:45:14,2024-03-29,86a597e,2936600,4913058,59.77132775554451,935039,1934552,48.333619359934495,https://analysis.chromium.org/coverage/p/chromium/dir?host=chromium.googlesource.com&project=chromium/src&ref=refs/heads/main&revision=86a597ea091f8b7f456157bbe497e9c062ed96e3&path=//&platform=linux&test_suite_type=unit&modifier_id=0
2024-03-30 19:53:03,2024-03-30,8912d16,2936182,4913289,59.76001004622362,934628,1934674,48.30932756629799,https://analysis.chromium.org/coverage/p/chromium/dir?host=chromium.googlesource.com&project=chromium/src&ref=refs/heads/main&revision=8912d1666837a75e89efc1a43222cde5f1c05c24&path=//&platform=linux&test_suite_type=unit&modifier_id=0
2024-03-31 19:53:49,2024-03-31,129c428,2936687,4913299,59.77016664363394,934996,1934694,48.32784926195047,https://analysis.chromium.org/coverage/p/chromium/dir?host=chromium.googlesource.com&project=chromium/src&ref=refs/heads/main&revision=129c4286e949bb64704aae5fb8b5c84c8881f35c&path=//&platform=linux&test_suite_type=unit&modifier_id=0
2024-04-01 19:58:52,2024-04-01,abc4c42,2936254,4913584,59.757887521613554,934573,1934788,48.30363843480526,https://analysis.chromium.org/coverage/p/chromium/dir?host=chromium.googlesource.com&project=chromium/src&ref=refs/heads/main&revision=abc4c428a60e9eeb54d7a545d051a3880c891a2b&path=//&platform=linux&test_suite_type=unit&modifier_id=0
2024-04-02 19:47:02,2024-04-02,3744148,2937690,4916087,59.756672329029165,934944,1935888,48.29535592968188,https://analysis.chromium.org/coverage/p/chromium/dir?host=chromium.googlesource.com&project=chromium/src&ref=refs/heads/main&revision=374414854c27a262c99ec83a27ac22dea46ed311&path=//&platform=linux&test_suite_type=unit&modifier_id=0
2024-04-03 19:40:03,2024-04-03,d0ee71a,2937925,4917109,59.74903139222661,935899,1936344,48.33330234710361,https://analysis.chromium.org/coverage/p/chromium/dir?host=chromium.googlesource.com&project=chromium/src&ref=refs/heads/main&revision=d0ee71a56a5c68c8f9bd4257295f5a8fbf7c33d7&path=//&platform=linux&test_suite_type=unit&modifier_id=0
2024-04-04 19:59:41,2024-04-04,eb80905,2940955,4920613,59.768061418363935,936523,1938362,48.315175390355364,https://analysis.chromium.org/coverage/p/chromium/dir?host=chromium.googlesource.com&project=chromium/src&ref=refs/heads/main&revision=eb809058834e8d37094a1f97543b3395381a03c8&path=//&platform=linux&test_suite_type=unit&modifier_id=0
2024-04-05 19:35:20,2024-04-05,747401c,2942343,4921657,59.78358508120334,937075,1938664,48.33612219549133,https://analysis.chromium.org/coverage/p/chromium/dir?host=chromium.googlesource.com&project=chromium/src&ref=refs/heads/main&revision=747401c3b9058cd6fb47430bbe6353bd18a2bb43&path=//&platform=linux&test_suite_type=unit&modifier_id=0
2024-04-06 19:00:39,2024-04-06,c314eaa,2941790,4922161,59.766228695079256,937264,1938930,48.339238652246344,https://analysis.chromium.org/coverage/p/chromium/dir?host=chromium.googlesource.com&project=chromium/src&ref=refs/heads/main&revision=c314eaafeedb55000f607e2a33b8f74818eb8da8&path=//&platform=linux&test_suite_type=unit&modifier_id=0
2024-04-07 19:00:45,2024-04-07,8d58cb7,2942712,4922213,59.78432871555945,937140,1938940,48.332594097806016,https://analysis.chromium.org/coverage/p/chromium/dir?host=chromium.googlesource.com&project=chromium/src&ref=refs/heads/main&revision=8d58cb77f61eedfefcc44c7ef5f93b5a095a8a9e&path=//&platform=linux&test_suite_type=unit&modifier_id=0
2024-04-08 19:57:52,2024-04-08,64932eb,2944349,4925325,59.7797911812926,937751,1940082,48.335637359657994,https://analysis.chromium.org/coverage/p/chromium/dir?host=chromium.googlesource.com&project=chromium/src&ref=refs/heads/main&revision=64932eb06f8eebf2f4b317ea368b877e5f03c98c&path=//&platform=linux&test_suite_type=unit&modifier_id=0
2024-04-09 19:59:20,2024-04-09,de56b07,2943854,4925205,59.77119734102438,937216,1939892,48.3127926709322,https://analysis.chromium.org/coverage/p/chromium/dir?host=chromium.googlesource.com&project=chromium/src&ref=refs/heads/main&revision=de56b07cc0062f9ffef89403e57605cd28017633&path=//&platform=linux&test_suite_type=unit&modifier_id=0
2024-04-10 19:57:16,2024-04-10,0d37988,2943935,4926948,59.75169618189597,937427,1940480,48.30902663258575,https://analysis.chromium.org/coverage/p/chromium/dir?host=chromium.googlesource.com&project=chromium/src&ref=refs/heads/main&revision=0d379889bb749cb52bdb96a980d32cb4d4191e0f&path=//&platform=linux&test_suite_type=unit&modifier_id=0
2024-04-11 19:59:37,2024-04-11,9a5e57e,2946354,4928768,59.77871143458162,938676,1941156,48.3565463053974,https://analysis.chromium.org/coverage/p/chromium/dir?host=chromium.googlesource.com&project=chromium/src&ref=refs/heads/main&revision=9a5e57e1ef66e459c30759619561dd96426b285a&path=//&platform=linux&test_suite_type=unit&modifier_id=0
2024-04-12 19:47:15,2024-04-12,7927dbe,2947944,4932065,59.77098841965789,939047,1942486,48.34253631686406,https://analysis.chromium.org/coverage/p/chromium/dir?host=chromium.googlesource.com&project=chromium/src&ref=refs/heads/main&revision=7927dbec46040ef939a5b84f367e7e4d3e4b36d1&path=//&platform=linux&test_suite_type=unit&modifier_id=0
2024-04-13 19:21:59,2024-04-13,27c8ee4,2948336,4932025,59.7794212316442,939040,1942466,48.3426736941599,https://analysis.chromium.org/coverage/p/chromium/dir?host=chromium.googlesource.com&project=chromium/src&ref=refs/heads/main&revision=27c8ee44e9ab2607e138dd80677c97a65ea7129c&path=//&platform=linux&test_suite_type=unit&modifier_id=0
2024-04-14 19:54:42,2024-04-14,0517029,2947220,4932211,59.754540103819565,938609,1942644,48.316057908705865,https://analysis.chromium.org/coverage/p/chromium/dir?host=chromium.googlesource.com&project=chromium/src&ref=refs/heads/main&revision=0517029fb0aabc450fbc5fa8f1ade1cd80e98b76&path=//&platform=linux&test_suite_type=unit&modifier_id=0
2024-04-15 19:59:36,2024-04-15,b1866df,2949805,4934914,59.77419262017535,939335,1943492,48.332331699847494,https://analysis.chromium.org/coverage/p/chromium/dir?host=chromium.googlesource.com&project=chromium/src&ref=refs/heads/main&revision=b1866df4398a971088ba287d4c7efe704f6bc4b1&path=//&platform=linux&test_suite_type=unit&modifier_id=0
2024-04-16 19:54:04,2024-04-16,da5a1de,2949697,4936173,59.75675893045078,939736,1944100,48.33784270356463,https://analysis.chromium.org/coverage/p/chromium/dir?host=chromium.googlesource.com&project=chromium/src&ref=refs/heads/main&revision=da5a1de21903e4e6606e55742120b9f478afe0b9&path=//&platform=linux&test_suite_type=unit&modifier_id=0
2024-04-17 19:58:06,2024-04-17,7e79222,2950042,4937027,59.753410301381784,939742,1944210,48.33541644163954,https://analysis.chromium.org/coverage/p/chromium/dir?host=chromium.googlesource.com&project=chromium/src&ref=refs/heads/main&revision=7e792224da1683e55ab52ca80702ba95137db529&path=//&platform=linux&test_suite_type=unit&modifier_id=0
2024-04-18 19:41:03,2024-04-18,e8f5a07,2951561,4939288,59.75681110313875,939260,1944028,48.31514772420974,https://analysis.chromium.org/coverage/p/chromium/dir?host=chromium.googlesource.com&project=chromium/src&ref=refs/heads/main&revision=e8f5a07fbdd50e6f0661207d21e0d509422107e0&path=//&platform=linux&test_suite_type=unit&modifier_id=0
2024-04-19 19:51:13,2024-04-19,0d06080,2952827,4940790,59.764268467188444,939896,1944484,48.33652526840025,https://analysis.chromium.org/coverage/p/chromium/dir?host=chromium.googlesource.com&project=chromium/src&ref=refs/heads/main&revision=0d06080db385a6d91d7fa396ef42b5cae5ffacdd&path=//&platform=linux&test_suite_type=unit&modifier_id=0
2024-04-20 19:04:46,2024-04-20,871dde8,2953448,4941030,59.77393377494166,940217,1944670,48.348408727444756,https://analysis.chromium.org/coverage/p/chromium/dir?host=chromium.googlesource.com&project=chromium/src&ref=refs/heads/main&revision=871dde85d640f1edcd918c436caa1137eeaaa100&path=//&platform=linux&test_suite_type=unit&modifier_id=0
2024-04-21 19:59:55,2024-04-21,6eb45da,2952361,4940906,59.75343388439286,939951,1944550,48.33771309557481,https://analysis.chromium.org/coverage/p/chromium/dir?host=chromium.googlesource.com&project=chromium/src&ref=refs/heads/main&revision=6eb45da5dab877c19552f8af6edb6fd2f1a2f90a&path=//&platform=linux&test_suite_type=unit&modifier_id=0
2024-04-22 19:59:59,2024-04-22,073f402,2953327,4941907,59.760877734040726,940825,1944884,48.37435034685873,https://analysis.chromium.org/coverage/p/chromium/dir?host=chromium.googlesource.com&project=chromium/src&ref=refs/heads/main&revision=073f4023d8531504f1fa5951c37dd71932919b7d&path=//&platform=linux&test_suite_type=unit&modifier_id=0
2024-04-23 19:59:57,2024-04-23,5fca561,2954200,4943942,59.75393724279128,940289,1945820,48.32353455098622,https://analysis.chromium.org/coverage/p/chromium/dir?host=chromium.googlesource.com&project=chromium/src&ref=refs/heads/main&revision=5fca5611b627a526346ff1a7ab5d9febc72fceb4&path=//&platform=linux&test_suite_type=unit&modifier_id=0
2024-04-24 19:20:49,2024-04-24,dc6527e,2954637,4945496,59.743997366492664,940552,1946494,48.320313342861574,https://analysis.chromium.org/coverage/p/chromium/dir?host=chromium.googlesource.com&project=chromium/src&ref=refs/heads/main&revision=dc6527efc037e525bb9d1693680ab113254b0536&path=//&platform=linux&test_suite_type=unit&modifier_id=0
2024-04-25 19:55:48,2024-04-25,d4be1a9,2955313,4947164,59.737518303415854,941378,1947100,48.347696574392685,https://analysis.chromium.org/coverage/p/chromium/dir?host=chromium.googlesource.com&project=chromium/src&ref=refs/heads/main&revision=d4be1a9fb2c7136c25be0958150d60876a47cd2d&path=//&platform=linux&test_suite_type=unit&modifier_id=0
2024-04-26 19:42:48,2024-04-26,0cd716f,2957935,4949202,59.76589761339303,942589,1948420,48.37709528746369,https://analysis.chromium.org/coverage/p/chromium/dir?host=chromium.googlesource.com&project=chromium/src&ref=refs/heads/main&revision=0cd716fc3f8b66510be13674c9acc00e57db3211&path=//&platform=linux&test_suite_type=unit&modifier_id=0
2024-04-27 19:38:31,2024-04-27,bd8d4a1,2956230,4949171,59.73182175358257,940899,1948434,48.29001136297149,https://analysis.chromium.org/coverage/p/chromium/dir?host=chromium.googlesource.com&project=chromium/src&ref=refs/heads/main&revision=bd8d4a1b6f058b36a8082a3372db2cd98141bd27&path=//&platform=linux&test_suite_type=unit&modifier_id=0
2024-04-28 19:23:01,2024-04-28,803e103,2956880,4949231,59.744230972448044,941710,1948430,48.331733754869305,https://analysis.chromium.org/coverage/p/chromium/dir?host=chromium.googlesource.com&project=chromium/src&ref=refs/heads/main&revision=803e10378528b5d8320a207528deb4c9956d1a74&path=//&platform=linux&test_suite_type=unit&modifier_id=0
2024-04-29 19:58:31,2024-04-29,ed3053f,2959767,4951238,59.77832210853124,942420,1949500,48.34162605796358,https://analysis.chromium.org/coverage/p/chromium/dir?host=chromium.googlesource.com&project=chromium/src&ref=refs/heads/main&revision=ed3053f9cbfebc18b19e913804e0c6d70aeb61ac&path=//&platform=linux&test_suite_type=unit&modifier_id=0
2024-04-30 19:57:38,2024-04-30,b314758,2960575,4953053,59.77273007173555,942011,1950266,48.301667567398496,https://analysis.chromium.org/coverage/p/chromium/dir?host=chromium.googlesource.com&project=chromium/src&ref=refs/heads/main&revision=b314758819c4536ffc15c2571e3dce91698df526&path=//&platform=linux&test_suite_type=unit&modifier_id=0
2024-05-01 19:55:21,2024-05-01,c108c3b,2963027,4954020,59.810557890359746,944321,1950598,48.411871641414585,https://analysis.chromium.org/coverage/p/chromium/dir?host=chromium.googlesource.com&project=chromium/src&ref=refs/heads/main&revision=c108c3bd4c70e6fdabd052ec5840530f0d78e54d&path=//&platform=linux&test_suite_type=unit&modifier_id=0
2024-05-02 19:59:31,2024-05-02,93e3770,2963606,4955539,59.80390831350535,943283,1951184,48.34413361323176,https://analysis.chromium.org/coverage/p/chromium/dir?host=chromium.googlesource.com&project=chromium/src&ref=refs/heads/main&revision=93e3770d4f3306b25fef302a0dc5ff8d31776bd0&path=//&platform=linux&test_suite_type=unit&modifier_id=0
2024-05-03 19:54:33,2024-05-03,a5f4eec,2964844,4958108,59.7978906469968,944138,1951918,48.3697573361176,https://analysis.chromium.org/coverage/p/chromium/dir?host=chromium.googlesource.com&project=chromium/src&ref=refs/heads/main&revision=a5f4eecbb558a7d72de6bd75b1fcd04b17faaf25&path=//&platform=linux&test_suite_type=unit&modifier_id=0
2024-05-04 19:16:43,2024-05-04,6d6b96b,2963855,4958150,59.7774371489366,943834,1951922,48.354083820972356,https://analysis.chromium.org/coverage/p/chromium/dir?host=chromium.googlesource.com&project=chromium/src&ref=refs/heads/main&revision=6d6b96b828111a6d5e9338749508962a28a8b241&path=//&platform=linux&test_suite_type=unit&modifier_id=0
2024-05-05 19:25:07,2024-05-05,22ef2d0,2965731,4958135,59.815454803066075,944719,1951920,48.39947333907127,https://analysis.chromium.org/coverage/p/chromium/dir?host=chromium.googlesource.com&project=chromium/src&ref=refs/heads/main&revision=22ef2d0e2287f3060397c47b16ce1d466b4549e9&path=//&platform=linux&test_suite_type=unit&modifier_id=0
2024-05-06 19:42:20,2024-05-06,3a62f65,2964883,4959863,59.77751804838158,943618,1952578,48.326776190246946,https://analysis.chromium.org/coverage/p/chromium/dir?host=chromium.googlesource.com&project=chromium/src&ref=refs/heads/main&revision=3a62f655186a6457dc7454f22b9d7ff79be95190&path=//&platform=linux&test_suite_type=unit&modifier_id=0
2024-05-07 19:58:51,2024-05-07,ba9a3d1,2967759,4961340,59.81769038203389,945487,1953148,48.408364343101496,https://analysis.chromium.org/coverage/p/chromium/dir?host=chromium.googlesource.com&project=chromium/src&ref=refs/heads/main&revision=ba9a3d11c108c555b36efe7d04e7dfb4ac993750&path=//&platform=linux&test_suite_type=unit&modifier_id=0
2024-05-08 19:58:41,2024-05-08,25ad81f,2970726,4962714,59.86091481395059,946298,1954110,48.42603538183623,https://analysis.chromium.org/coverage/p/chromium/dir?host=chromium.googlesource.com&project=chromium/src&ref=refs/heads/main&revision=25ad81f20fa617a0761f16f36b52357698d76d65&path=//&platform=linux&test_suite_type=unit&modifier_id=0
2024-05-09 19:57:29,2024-05-09,b8b180f,2970462,4963152,59.850312865695024,945305,1922512,49.17030426858194,https://analysis.chromium.org/coverage/p/chromium/dir?host=chromium.googlesource.com&project=chromium/src&ref=refs/heads/main&revision=b8b180f652bab2d9dec2569c36f8b350b217f50d&path=//&platform=linux&test_suite_type=unit&modifier_id=0
2024-05-10 19:57:51,2024-05-10,c9573ae,2972362,4966138,59.85258565106326,945859,1923620,49.17078217111488,https://analysis.chromium.org/coverage/p/chromium/dir?host=chromium.googlesource.com&project=chromium/src&ref=refs/heads/main&revision=c9573aee70a318cc2f958914dc28924dc9a86478&path=//&platform=linux&test_suite_type=unit&modifier_id=0
2024-05-11 19:22:22,2024-05-11,80b4a34,2971417,4966157,59.83332786297332,945286,1923604,49.141403324176906,https://analysis.chromium.org/coverage/p/chromium/dir?host=chromium.googlesource.com&project=chromium/src&ref=refs/heads/main&revision=80b4a34933e886be3f8a79e2e6c3774613631ea8&path=//&platform=linux&test_suite_type=unit&modifier_id=0
2024-05-12 19:50:52,2024-05-12,6201022,2972352,4966199,59.851649118370005,945336,1923618,49.143644944058536,https://analysis.chromium.org/coverage/p/chromium/dir?host=chromium.googlesource.com&project=chromium/src&ref=refs/heads/main&revision=6201022f2029b6b8f32ff9177d8e2acf364edfcf&path=//&platform=linux&test_suite_type=unit&modifier_id=0
2024-05-13 19:55:04,2024-05-13,488ccc5,2974243,4966933,59.88087618657228,945933,1923856,49.16859681805707,https://analysis.chromium.org/coverage/p/chromium/dir?host=chromium.googlesource.com&project=chromium/src&ref=refs/heads/main&revision=488ccc5d173f341285bca497116b20fb60f40ada&path=//&platform=linux&test_suite_type=unit&modifier_id=0
2024-05-14 19:59:57,2024-05-14,1820786,2973383,4968400,59.845885999516945,947148,1953350,48.48839173727187,https://analysis.chromium.org/coverage/p/chromium/dir?host=chromium.googlesource.com&project=chromium/src&ref=refs/heads/main&revision=18207867486cd2588306bc44684ceb4057e0f241&path=//&platform=linux&test_suite_type=unit&modifier_id=0
2024-05-15 19:51:55,2024-05-15,a79016b,2977030,4971006,59.887877825937046,948661,1956592,48.485376614030926,https://analysis.chromium.org/coverage/p/chromium/dir?host=chromium.googlesource.com&project=chromium/src&ref=refs/heads/main&revision=a79016b824a0c1e0d8edd2afccb6773cd267d888&path=//&platform=linux&test_suite_type=unit&modifier_id=0
2024-05-16 19:43:15,2024-05-16,8d35ec7,2978375,4974903,59.86800144646036,948862,1959272,48.429314561735175,https://analysis.chromium.org/coverage/p/chromium/dir?host=chromium.googlesource.com&project=chromium/src&ref=refs/heads/main&revision=8d35ec7da86e7ef1acfbfa37a2d185d44218bbfc&path=//&platform=linux&test_suite_type=unit&modifier_id=0
2024-05-17 19:46:40,2024-05-17,be187e8,2979390,4975818,59.877391013899626,948578,1959768,48.40256601801846,https://analysis.chromium.org/coverage/p/chromium/dir?host=chromium.googlesource.com&project=chromium/src&ref=refs/heads/main&revision=be187e8add83ae8d57d6df777018b6edd01149a6&path=//&platform=linux&test_suite_type=unit&modifier_id=0
2024-05-18 19:46:00,2024-05-18,1f6ef00,2978910,4975895,59.86681792923685,948199,1959810,48.38219011026579,https://analysis.chromium.org/coverage/p/chromium/dir?host=chromium.googlesource.com&project=chromium/src&ref=refs/heads/main&revision=1f6ef00ff52cb793c6d0f92e8429022a6a75de78&path=//&platform=linux&test_suite_type=unit&modifier_id=0
2024-05-19 19:59:31,2024-05-19,980f3f6,2979251,4976212,59.869856830858495,948660,1959946,48.40235394240454,https://analysis.chromium.org/coverage/p/chromium/dir?host=chromium.googlesource.com&project=chromium/src&ref=refs/heads/main&revision=980f3f6bf0af218e4035bc2e5b6a5c803e35ce9d&path=//&platform=linux&test_suite_type=unit&modifier_id=0
2024-05-20 19:55:37,2024-05-20,82e96ba,2980118,4976994,59.877870055700285,949064,1960066,48.42000218359994,https://analysis.chromium.org/coverage/p/chromium/dir?host=chromium.googlesource.com&project=chromium/src&ref=refs/heads/main&revision=82e96ba80e5bf721a3a440011496c7c3e281d6d9&path=//&platform=linux&test_suite_type=unit&modifier_id=0
2024-05-21 19:56:09,2024-05-21,03ba052,2981152,4978032,59.8861558141852,950200,1960606,48.46460737139436,https://analysis.chromium.org/coverage/p/chromium/dir?host=chromium.googlesource.com&project=chromium/src&ref=refs/heads/main&revision=03ba052af4f3608816064672450d30916d213bc2&path=//&platform=linux&test_suite_type=unit&modifier_id=0
2024-05-22 19:53:30,2024-05-22,23a5047,2981579,4981527,59.85271182912388,949279,1961898,48.38574686349647,https://analysis.chromium.org/coverage/p/chromium/dir?host=chromium.googlesource.com&project=chromium/src&ref=refs/heads/main&revision=23a504706d9ab719bc722566f6f403be7fc67395&path=//&platform=linux&test_suite_type=unit&modifier_id=0
2024-05-23 19:59:10,2024-05-23,cf6efe8,2982960,4983600,59.85552612569227,949795,1962592,48.3949287472893,https://analysis.chromium.org/coverage/p/chromium/dir?host=chromium.googlesource.com&project=chromium/src&ref=refs/heads/main&revision=cf6efe80852359b3c1aaefe9ba4df81b1af2724b&path=//&platform=linux&test_suite_type=unit&modifier_id=0
2024-05-24 19:37:36,2024-05-24,d7d83bc,2984685,4985225,59.87061767523031,950826,1963048,48.43620736731858,https://analysis.chromium.org/coverage/p/chromium/dir?host=chromium.googlesource.com&project=chromium/src&ref=refs/heads/main&revision=d7d83bc49bb9da6dcb16181f5f5b37ce665f73ca&path=//&platform=linux&test_suite_type=unit&modifier_id=0
2024-05-25 19:53:39,2024-05-25,a7f4b6a,2984223,4985220,59.86141032893232,950232,1963096,48.40476471858737,https://analysis.chromium.org/coverage/p/chromium/dir?host=chromium.googlesource.com&project=chromium/src&ref=refs/heads/main&revision=a7f4b6a9ca712cd4e7b4dd8b7f62bb85d3893f44&path=//&platform=linux&test_suite_type=unit&modifier_id=0
2024-05-26 19:41:49,2024-05-26,2f1937b,2983557,4985180,59.848531046020405,950450,1963074,48.41641221879562,https://analysis.chromium.org/coverage/p/chromium/dir?host=chromium.googlesource.com&project=chromium/src&ref=refs/heads/main&revision=2f1937b8563229418320883984c593a3d02d08b7&path=//&platform=linux&test_suite_type=unit&modifier_id=0
2024-05-27 19:48:39,2024-05-27,00c76f5,2982341,4986472,59.808638251653676,950424,1963532,48.40379479427888,https://analysis.chromium.org/coverage/p/chromium/dir?host=chromium.googlesource.com&project=chromium/src&ref=refs/heads/main&revision=00c76f566dc98acf6688f0b0d67899c1ac8a1cf6&path=//&platform=linux&test_suite_type=unit&modifier_id=0
2024-05-28 19:56:38,2024-05-28,ea013cc,2986368,4988960,59.8595298418909,951439,1964772,48.424906299560455,https://analysis.chromium.org/coverage/p/chromium/dir?host=chromium.googlesource.com&project=chromium/src&ref=refs/heads/main&revision=ea013cc85d6286992028de90e692f4c85daa6dde&path=//&platform=linux&test_suite_type=unit&modifier_id=0
2024-05-29 19:53:51,2024-05-29,2956170,2986868,4992018,59.832877205170334,951734,1965860,48.413111818745996,https://analysis.chromium.org/coverage/p/chromium/dir?host=chromium.googlesource.com&project=chromium/src&ref=refs/heads/main&revision=295617027e14c2e5c1981ef5250681abdcb3d666&path=//&platform=linux&test_suite_type=unit&modifier_id=0
2024-05-30 19:57:02,2024-05-30,19325d4,2987419,4992743,59.83522484534053,951848,1966362,48.40654976042051,https://analysis.chromium.org/coverage/p/chromium/dir?host=chromium.googlesource.com&project=chromium/src&ref=refs/heads/main&revision=19325d4a54da8ca93e97affed8b6d7765db0e744&path=//&platform=linux&test_suite_type=unit&modifier_id=0
2024-05-31 19:55:30,2024-05-31,6a85148,2989529,4994568,59.85560713158776,952993,1967076,48.447187602309214,https://analysis.chromium.org/coverage/p/chromium/dir?host=chromium.googlesource.com&project=chromium/src&ref=refs/heads/main&revision=6a8514835c340f9e39a1c6046ef2684fd4ba02ed&path=//&platform=linux&test_suite_type=unit&modifier_id=0
2024-06-01 09:17:49,2024-06-01,c1c4c97,2989880,4994596,59.86229917294612,952549,1967094,48.42417291700346,https://analysis.chromium.org/coverage/p/chromium/dir?host=chromium.googlesource.com&project=chromium/src&ref=refs/heads/main&revision=c1c4c970306c771232f6163f1798bf059a210235&path=//&platform=linux&test_suite_type=unit&modifier_id=0
2024-06-02 19:59:10,2024-06-02,7a2912c,2988843,4994929,59.837547240411226,952358,1967242,48.410820834447414,https://analysis.chromium.org/coverage/p/chromium/dir?host=chromium.googlesource.com&project=chromium/src&ref=refs/heads/main&revision=7a2912cef66527102068ed50f4b643c057754885&path=//&platform=linux&test_suite_type=unit&modifier_id=0
2024-06-04 19:46:10,2024-06-04,8af4775,2993253,4999083,59.876041265968176,953340,1968898,48.41997909490487,https://analysis.chromium.org/coverage/p/chromium/dir?host=chromium.googlesource.com&project=chromium/src&ref=refs/heads/main&revision=8af47750c2aeb0ae123e0821d61991c2b39f2b7c&path=//&platform=linux&test_suite_type=unit&modifier_id=0
2024-06-05 19:23:49,2024-06-05,47ce557,2993373,5001010,59.855369215418484,953653,1969844,48.41261541523085,https://analysis.chromium.org/coverage/p/chromium/dir?host=chromium.googlesource.com&project=chromium/src&ref=refs/heads/main&revision=47ce5573943da3252f034ea3afa3360ada8a380c&path=//&platform=linux&test_suite_type=unit&modifier_id=0
2024-06-06 19:57:28,2024-06-06,403aac4,2995406,5002742,59.87528439403831,954020,1970660,48.41119218941877,https://analysis.chromium.org/coverage/p/chromium/dir?host=chromium.googlesource.com&project=chromium/src&ref=refs/heads/main&revision=403aac452ebd0a774612f5f812647b04da219811&path=//&platform=linux&test_suite_type=unit&modifier_id=0
2024-06-07 19:49:01,2024-06-07,b8ee800,2995976,5004960,59.860138742367575,954436,1971832,48.403515106763656,https://analysis.chromium.org/coverage/p/chromium/dir?host=chromium.googlesource.com&project=chromium/src&ref=refs/heads/main&revision=b8ee80005dc05ad52a5620e7f1da2c3b6b46aad2&path=//&platform=linux&test_suite_type=unit&modifier_id=0
2024-06-08 19:53:29,2024-06-08,fe2fc08,2996754,5005073,59.8743315032568,954600,1971868,48.41094840019717,https://analysis.chromium.org/coverage/p/chromium/dir?host=chromium.googlesource.com&project=chromium/src&ref=refs/heads/main&revision=fe2fc08cf3af2ca4ea66a088264eab3522ab514e&path=//&platform=linux&test_suite_type=unit&modifier_id=0
2024-06-09 19:37:16,2024-06-09,bb1658b,2994432,5004931,59.829636012964016,953594,1971856,48.36022508743032,https://analysis.chromium.org/coverage/p/chromium/dir?host=chromium.googlesource.com&project=chromium/src&ref=refs/heads/main&revision=bb1658be3086f3cf6895fab2f2fdd71ed508c4fd&path=//&platform=linux&test_suite_type=unit&modifier_id=0
2024-06-11 19:57:33,2024-06-11,16f8d16,2998129,5008625,59.85932266839701,955404,1973268,48.41734624997719,https://analysis.chromium.org/coverage/p/chromium/dir?host=chromium.googlesource.com&project=chromium/src&ref=refs/heads/main&revision=16f8d16de71b63d8c7458b82caed60a70f605711&path=//&platform=linux&test_suite_type=unit&modifier_id=0
2024-06-12 19:44:25,2024-06-12,0d34af9,3000450,5011493,59.871379646743996,955838,1974096,48.419023188335316,https://analysis.chromium.org/coverage/p/chromium/dir?host=chromium.googlesource.com&project=chromium/src&ref=refs/heads/main&revision=0d34af926dfd69d1f9468cd78f8196ae2ab72db3&path=//&platform=linux&test_suite_type=unit&modifier_id=0
2024-06-13 19:52:51,2024-06-13,7271f68,3001538,5012944,59.87575364895359,957171,1975748,48.44600627205494,https://analysis.chromium.org/coverage/p/chromium/dir?host=chromium.googlesource.com&project=chromium/src&ref=refs/heads/main&revision=7271f68b9c07c95f4be462b3d791f9b5fe8fa147&path=//&platform=linux&test_suite_type=unit&modifier_id=0
2024-06-14 19:00:40,2024-06-14,237f9fc,3003145,5015512,59.8771371696449,957531,1976916,48.43559362158028,https://analysis.chromium.org/coverage/p/chromium/dir?host=chromium.googlesource.com&project=chromium/src&ref=refs/heads/main&revision=237f9fc44d6960070e22d41931a09e685609ff5e&path=//&platform=linux&test_suite_type=unit&modifier_id=0
2024-06-16 19:49:08,2024-06-16,f3c39da,3002880,5015662,59.870063014613024,957015,1976940,48.40890467085496,https://analysis.chromium.org/coverage/p/chromium/dir?host=chromium.googlesource.com&project=chromium/src&ref=refs/heads/main&revision=f3c39da1125689c3b37adf7d4e726037494356b1&path=//&platform=linux&test_suite_type=unit&modifier_id=0
2024-06-17 19:52:41,2024-06-17,8e6ee02,3002768,5014418,59.88268229732743,956736,1976448,48.40683893530212,https://analysis.chromium.org/coverage/p/chromium/dir?host=chromium.googlesource.com&project=chromium/src&ref=refs/heads/main&revision=8e6ee02d2f74cd130eed45b44c07fde17252c52f&path=//&platform=linux&test_suite_type=unit&modifier_id=0
2024-06-18 19:43:45,2024-06-18,f01d4e6,3004148,5016817,59.88155437999831,958122,1977342,48.455047230069454,https://analysis.chromium.org/coverage/p/chromium/dir?host=chromium.googlesource.com&project=chromium/src&ref=refs/heads/main&revision=f01d4e6a489f32722e28364ce49ff8e4ecfe6c02&path=//&platform=linux&test_suite_type=unit&modifier_id=0
2024-06-19 19:37:53,2024-06-19,391c3c7,3003998,5017384,59.87179773363968,957618,1977836,48.417462317401444,https://analysis.chromium.org/coverage/p/chromium/dir?host=chromium.googlesource.com&project=chromium/src&ref=refs/heads/main&revision=391c3c799db95996ef168734c004930a8bf1ff40&path=//&platform=linux&test_suite_type=unit&modifier_id=0
2024-06-20 19:51:20,2024-06-20,8333e2a,3003613,5015678,59.88448620505543,959147,1980076,48.439908367153585,https://analysis.chromium.org/coverage/p/chromium/dir?host=chromium.googlesource.com&project=chromium/src&ref=refs/heads/main&revision=8333e2af12848a1db4ac929a0f1ef14f5e538583&path=//&platform=linux&test_suite_type=unit&modifier_id=0
2024-06-21 19:40:51,2024-06-21,821524a,3002702,5016814,59.85276711474653,958980,1980514,48.4207634987685,https://analysis.chromium.org/coverage/p/chromium/dir?host=chromium.googlesource.com&project=chromium/src&ref=refs/heads/main&revision=821524a11504f734abab87b3b165b7b3317d7bc7&path=//&platform=linux&test_suite_type=unit&modifier_id=0
2024-06-22 19:00:32,2024-06-22,26a7c4e,3003067,5017212,59.855294135468064,958775,1980578,48.408848326094706,https://analysis.chromium.org/coverage/p/chromium/dir?host=chromium.googlesource.com&project=chromium/src&ref=refs/heads/main&revision=26a7c4e3829cfe238c95841167465bb07f7f899a&path=//&platform=linux&test_suite_type=unit&modifier_id=0
2024-06-23 19:55:18,2024-06-23,67ab7d1,3003035,5017207,59.85471598042496,957895,1980570,48.3646122075968,https://analysis.chromium.org/coverage/p/chromium/dir?host=chromium.googlesource.com&project=chromium/src&ref=refs/heads/main&revision=67ab7d192351ce9b6ce60f0d8659a2745b36964c&path=//&platform=linux&test_suite_type=unit&modifier_id=0
2024-06-24 19:50:33,2024-06-24,d4e6019,3003584,5017923,59.85711618133638,958732,1980802,48.401203149027516,https://analysis.chromium.org/coverage/p/chromium/dir?host=chromium.googlesource.com&project=chromium/src&ref=refs/heads/main&revision=d4e6019588463e5cf95111345e52771c4aaf4b4c&path=//&platform=linux&test_suite_type=unit&modifier_id=0
2024-06-25 19:59:06,2024-06-25,c12100e,3003523,5019448,59.83771522286913,958726,1981264,48.38961390304372,https://analysis.chromium.org/coverage/p/chromium/dir?host=chromium.googlesource.com&project=chromium/src&ref=refs/heads/main&revision=c12100eda36eeb75ca26a1c168f8f480f29bfb1e&path=//&platform=linux&test_suite_type=unit&modifier_id=0
2024-06-26 19:59:52,2024-06-26,edcb3d5,3005470,5021443,59.852715643690466,959779,1981786,48.430002028473304,https://analysis.chromium.org/coverage/p/chromium/dir?host=chromium.googlesource.com&project=chromium/src&ref=refs/heads/main&revision=edcb3d58438a2e576edc1c701a757d6dc270bf7e&path=//&platform=linux&test_suite_type=unit&modifier_id=0
2024-06-27 19:42:56,2024-06-27,a0d0602,3006829,5023190,59.858954170556956,959650,1982484,48.4064436333408,https://analysis.chromium.org/coverage/p/chromium/dir?host=chromium.googlesource.com&project=chromium/src&ref=refs/heads/main&revision=a0d06020efcb83ce31fa90b45e6f667f382f4093&path=//&platform=linux&test_suite_type=unit&modifier_id=0
2024-06-28 19:30:23,2024-06-28,80265c1,3006703,5024808,59.83717188796069,959622,1983408,48.3824810628978,https://analysis.chromium.org/coverage/p/chromium/dir?host=chromium.googlesource.com&project=chromium/src&ref=refs/heads/main&revision=80265c196e520705b4ba0a2e62e1c0ac1c8b28f1&path=//&platform=linux&test_suite_type=unit&modifier_id=0
2024-06-29 19:08:39,2024-06-29,e791147,3006529,5025061,59.83069658258875,959290,1983480,48.36398652872729,https://analysis.chromium.org/coverage/p/chromium/dir?host=chromium.googlesource.com&project=chromium/src&ref=refs/heads/main&revision=e791147aee406bd2385c0955fc8e6daa15dcdcf9&path=//&platform=linux&test_suite_type=unit&modifier_id=0
2024-06-30 19:59:36,2024-06-30,b214e63,3007292,5025190,59.844344193950874,960233,1983516,48.41065058209765,https://analysis.chromium.org/coverage/p/chromium/dir?host=chromium.googlesource.com&project=chromium/src&ref=refs/heads/main&revision=b214e636d3e655e0be7e78f5af84e8911f1cdd51&path=//&platform=linux&test_suite_type=unit&modifier_id=0
2024-07-01 19:47:53,2024-07-01,1e9aeda,3007483,5025450,59.845048702106276,960064,1983664,48.39851910404181,https://analysis.chromium.org/coverage/p/chromium/dir?host=chromium.googlesource.com&project=chromium/src&ref=refs/heads/main&revision=1e9aeda8d62eedfca5f8c103cb28cf7eef2986a0&path=//&platform=linux&test_suite_type=unit&modifier_id=0
2024-07-02 19:56:42,2024-07-02,fc74cd7,3009200,5027837,59.85078672995962,960886,1984830,48.41150123688175,https://analysis.chromium.org/coverage/p/chromium/dir?host=chromium.googlesource.com&project=chromium/src&ref=refs/heads/main&revision=fc74cd7ff4c59e6c5431d45e70ef9b677216f49f&path=//&platform=linux&test_suite_type=unit&modifier_id=0
2024-07-03 19:50:58,2024-07-03,e79c3ba,3008892,5029254,59.827799510623244,959436,1985308,48.32680873698187,https://analysis.chromium.org/coverage/p/chromium/dir?host=chromium.googlesource.com&project=chromium/src&ref=refs/heads/main&revision=e79c3baf5371c66d54f9def46b26e9a6b206eb80&path=//&platform=linux&test_suite_type=unit&modifier_id=0
2024-07-04 19:57:20,2024-07-04,c3f69a5,3008349,5029708,59.811603377373004,960215,1985670,48.35722954972377,https://analysis.chromium.org/coverage/p/chromium/dir?host=chromium.googlesource.com&project=chromium/src&ref=refs/heads/main&revision=c3f69a5db88c8fc7905b345f9308b66cecd1b259&path=//&platform=linux&test_suite_type=unit&modifier_id=0
2024-07-05 19:47:18,2024-07-05,3f9f5af,3012114,5031331,59.86714052404821,961956,1986246,48.43085901746309,https://analysis.chromium.org/coverage/p/chromium/dir?host=chromium.googlesource.com&project=chromium/src&ref=refs/heads/main&revision=3f9f5af896e6d8b5cefda126198a700c6c958e2e&path=//&platform=linux&test_suite_type=unit&modifier_id=0
2024-07-06 19:01:44,2024-07-06,9148df0,3012188,5031592,59.865505788227665,961597,1986374,48.409665047971835,https://analysis.chromium.org/coverage/p/chromium/dir?host=chromium.googlesource.com&project=chromium/src&ref=refs/heads/main&revision=9148df0b990b8bf20012f2e53890652f46419f3b&path=//&platform=linux&test_suite_type=unit&modifier_id=0
2024-07-07 19:59:23,2024-07-07,69a8701,3010368,5031606,59.829167864097464,960023,1986380,48.33027920136127,https://analysis.chromium.org/coverage/p/chromium/dir?host=chromium.googlesource.com&project=chromium/src&ref=refs/heads/main&revision=69a87012fe4801ff655558fd62c8cd9d7e407be6&path=//&platform=linux&test_suite_type=unit&modifier_id=0
2024-07-08 19:45:03,2024-07-08,e96f6a1,3012082,5034422,59.829748082302196,961550,1987642,48.376417886118325,https://analysis.chromium.org/coverage/p/chromium/dir?host=chromium.googlesource.com&project=chromium/src&ref=refs/heads/main&revision=e96f6a18313e648fc8c659b4d41a10c8b7601e1f&path=//&platform=linux&test_suite_type=unit&modifier_id=0
2024-07-09 19:52:05,2024-07-09,932ac36,3012886,5034845,59.840690229788606,960900,1988122,48.33204400937166,https://analysis.chromium.org/coverage/p/chromium/dir?host=chromium.googlesource.com&project=chromium/src&ref=refs/heads/main&revision=932ac361f547c6ca9fb0895f65672e7afafb7cf5&path=//&platform=linux&test_suite_type=unit&modifier_id=0
2024-07-10 19:29:34,2024-07-10,6cb894d,3015062,5036544,59.86370813001931,962228,1989044,48.37640595180398,https://analysis.chromium.org/coverage/p/chromium/dir?host=chromium.googlesource.com&project=chromium/src&ref=refs/heads/main&revision=6cb894d0798646cd62dec879b617ff480e1665be&path=//&platform=linux&test_suite_type=unit&modifier_id=0
2024-07-11 19:40:35,2024-07-11,3079eda,3015523,5040053,59.83117637850237,962233,1990870,48.33228688965126,https://analysis.chromium.org/coverage/p/chromium/dir?host=chromium.googlesource.com&project=chromium/src&ref=refs/heads/main&revision=3079edabbf94b11f09c8c806bd1ef03e867c1979&path=//&platform=linux&test_suite_type=unit&modifier_id=0
2024-07-12 19:59:27,2024-07-12,b23edb0,3015127,5038334,59.84373009014488,962450,1990972,48.34070996478102,https://analysis.chromium.org/coverage/p/chromium/dir?host=chromium.googlesource.com&project=chromium/src&ref=refs/heads/main&revision=b23edb0fe4bf513eac2a3610a2d77ea749ba8cd4&path=//&platform=linux&test_suite_type=unit&modifier_id=0
2024-07-13 19:55:41,2024-07-13,fb4db4f,3015190,5038263,59.8458238484176,962918,1990958,48.36455615839209,https://analysis.chromium.org/coverage/p/chromium/dir?host=chromium.googlesource.com&project=chromium/src&ref=refs/heads/main&revision=fb4db4f78c075fd5f9971815f61d033d4b9599d3&path=//&platform=linux&test_suite_type=unit&modifier_id=0
2024-07-14 19:30:37,2024-07-14,b0eb47c,3014293,5038424,59.82610832276124,961763,1990946,48.3068350422362,https://analysis.chromium.org/coverage/p/chromium/dir?host=chromium.googlesource.com&project=chromium/src&ref=refs/heads/main&revision=b0eb47cbdbc7674e12c1536731823fe0056d3b50&path=//&platform=linux&test_suite_type=unit&modifier_id=0
2024-07-15 19:59:46,2024-07-15,67ed590,3012351,5039413,59.77583103428911,962265,1992300,48.29920192742057,https://analysis.chromium.org/coverage/p/chromium/dir?host=chromium.googlesource.com&project=chromium/src&ref=refs/heads/main&revision=67ed590de3fdcb1d1aefba948c89157b02946a8c&path=//&platform=linux&test_suite_type=unit&modifier_id=0
2024-07-16 19:42:31,2024-07-16,bbfe78c,3015953,5041194,59.8261641984022,963338,1993768,48.31745719662468,https://analysis.chromium.org/coverage/p/chromium/dir?host=chromium.googlesource.com&project=chromium/src&ref=refs/heads/main&revision=bbfe78ceaf3878d15224a42b7b7f74934f7c8097&path=//&platform=linux&test_suite_type=unit&modifier_id=0
2024-07-17 19:48:44,2024-07-17,d8d2c59,3017765,5044950,59.81754031258982,963945,1994980,48.31852950906776,https://analysis.chromium.org/coverage/p/chromium/dir?host=chromium.googlesource.com&project=chromium/src&ref=refs/heads/main&revision=d8d2c59212f787934412ccfa475206aaee27f791&path=//&platform=linux&test_suite_type=unit&modifier_id=0
2024-07-18 19:53:27,2024-07-18,3dbfb8a,3018573,5047156,59.8074044075515,963867,1995678,48.2977213758933,https://analysis.chromium.org/coverage/p/chromium/dir?host=chromium.googlesource.com&project=chromium/src&ref=refs/heads/main&revision=3dbfb8a9f6f03d39e52b3ae3eeca8fa169a70d28&path=//&platform=linux&test_suite_type=unit&modifier_id=0
2024-07-19 19:59:47,2024-07-19,6514451,3019548,5049439,59.799672795334295,965699,1996728,48.3640736244496,https://analysis.chromium.org/coverage/p/chromium/dir?host=chromium.googlesource.com&project=chromium/src&ref=refs/heads/main&revision=6514451c0fb650527cd061c829f9302c311b9170&path=//&platform=linux&test_suite_type=unit&modifier_id=0
2024-07-20 19:15:19,2024-07-20,fdb212d,3018445,5049460,59.777580176890204,964069,1996732,48.28234334903232,https://analysis.chromium.org/coverage/p/chromium/dir?host=chromium.googlesource.com&project=chromium/src&ref=refs/heads/main&revision=fdb212d36f48512e4dc641632e30545384ebb5a1&path=//&platform=linux&test_suite_type=unit&modifier_id=0
2024-07-21 19:55:59,2024-07-21,d8ea672,3018370,5049392,59.776899872301456,964052,1996704,48.28216901453595,https://analysis.chromium.org/coverage/p/chromium/dir?host=chromium.googlesource.com&project=chromium/src&ref=refs/heads/main&revision=d8ea672125a7333ccd67de7c21983923d8d36f0d&path=//&platform=linux&test_suite_type=unit&modifier_id=0
2024-07-22 19:54:27,2024-07-22,e00efd1,3019965,5051883,59.778997257062365,965457,1998522,48.30855001846364,https://analysis.chromium.org/coverage/p/chromium/dir?host=chromium.googlesource.com&project=chromium/src&ref=refs/heads/main&revision=e00efd18768fbee994c4355b16bfdb0a1f4e1ae4&path=//&platform=linux&test_suite_type=unit&modifier_id=0
2024-07-23 19:55:29,2024-07-23,92dc006,3020308,5051306,59.79261600861243,965326,1998486,48.30286526900864,https://analysis.chromium.org/coverage/p/chromium/dir?host=chromium.googlesource.com&project=chromium/src&ref=refs/heads/main&revision=92dc006fe3aecba9a29b085e5af0f2ad77e357ea&path=//&platform=linux&test_suite_type=unit&modifier_id=0
2024-07-24 19:58:17,2024-07-24,a14d051,3022607,5055335,59.790439209271,966349,2000334,48.30938233315037,https://analysis.chromium.org/coverage/p/chromium/dir?host=chromium.googlesource.com&project=chromium/src&ref=refs/heads/main&revision=a14d051f255d7d1c09404815f919925e80cd136a&path=//&platform=linux&test_suite_type=unit&modifier_id=0
2024-07-25 19:56:49,2024-07-25,7a80b1c,3024092,5056560,59.80532219532647,967487,2000908,48.35239801130287,https://analysis.chromium.org/coverage/p/chromium/dir?host=chromium.googlesource.com&project=chromium/src&ref=refs/heads/main&revision=7a80b1cc5de4d24e1b3cdb27142cd6928f74785a&path=//&platform=linux&test_suite_type=unit&modifier_id=0
2024-07-26 19:44:19,2024-07-26,c6efbf9,3021964,5057065,59.757270274358746,966456,2001244,48.2927619020969,https://analysis.chromium.org/coverage/p/chromium/dir?host=chromium.googlesource.com&project=chromium/src&ref=refs/heads/main&revision=c6efbf9a13522a4b27a3837a423914238d2584fe&path=//&platform=linux&test_suite_type=unit&modifier_id=0
2024-07-27 19:09:37,2024-07-27,798e9eb,3024725,5057314,59.80892228562435,967236,2001306,48.33024035304946,https://analysis.chromium.org/coverage/p/chromium/dir?host=chromium.googlesource.com&project=chromium/src&ref=refs/heads/main&revision=798e9eba82cd4f55139b0a459c643743204d4c09&path=//&platform=linux&test_suite_type=unit&modifier_id=0
2024-07-28 19:47:40,2024-07-28,ad03660,3023971,5057054,59.79708739515141,966490,2001044,48.29928777178313,https://analysis.chromium.org/coverage/p/chromium/dir?host=chromium.googlesource.com&project=chromium/src&ref=refs/heads/main&revision=ad0366019504986b94670fffc91a4e8a463dc544&path=//&platform=linux&test_suite_type=unit&modifier_id=0
2024-07-29 19:55:19,2024-07-29,8654cc2,3026327,5059633,59.81317222019858,967533,2002428,48.317991957763276,https://analysis.chromium.org/coverage/p/chromium/dir?host=chromium.googlesource.com&project=chromium/src&ref=refs/heads/main&revision=8654cc2076fd52537a16d2778adf135e184f3cef&path=//&platform=linux&test_suite_type=unit&modifier_id=0
2024-07-30 19:50:11,2024-07-30,787b657,3026552,5061240,59.79862642356419,967378,2003156,48.29269412866497,https://analysis.chromium.org/coverage/p/chromium/dir?host=chromium.googlesource.com&project=chromium/src&ref=refs/heads/main&revision=787b657f23b0dd470829c1778843933fa062a696&path=//&platform=linux&test_suite_type=unit&modifier_id=0
2024-07-31 19:58:24,2024-07-31,a626b18,3028456,5062726,59.818682662265346,967936,2003796,48.3051168881463,https://analysis.chromium.org/coverage/p/chromium/dir?host=chromium.googlesource.com&project=chromium/src&ref=refs/heads/main&revision=a626b1890ff974402fc74a31dce2b211440a9247&path=//&platform=linux&test_suite_type=unit&modifier_id=0
2024-08-01 19:59:35,2024-08-01,5dd363c,3028867,5063994,59.81182047214116,967746,2004056,48.28936915934485,https://analysis.chromium.org/coverage/p/chromium/dir?host=chromium.googlesource.com&project=chromium/src&ref=refs/heads/main&revision=5dd363c940be93e9a4f4a5d721faadc6ee0670ca&path=//&platform=linux&test_suite_type=unit&modifier_id=0
2024-08-02 19:00:42,2024-08-02,515a6af,3030405,5066137,59.81687822496707,968102,2005042,48.28337760505765,https://analysis.chromium.org/coverage/p/chromium/dir?host=chromium.googlesource.com&project=chromium/src&ref=refs/heads/main&revision=515a6afe7fc082d6fe651679ac08a4cbd0674311&path=//&platform=linux&test_suite_type=unit&modifier_id=0
2024-08-03 19:01:04,2024-08-03,0c2cf46,3029252,5066242,59.79288000849545,968061,2005090,48.28017694966311,https://analysis.chromium.org/coverage/p/chromium/dir?host=chromium.googlesource.com&project=chromium/src&ref=refs/heads/main&revision=0c2cf466f3f8fa214ec41b3f2f5abe01c7c07d01&path=//&platform=linux&test_suite_type=unit&modifier_id=0
2024-08-04 19:45:39,2024-08-04,8e2c1c7,3027441,5066010,59.75987019370274,968075,2005098,48.28068254020502,https://analysis.chromium.org/coverage/p/chromium/dir?host=chromium.googlesource.com&project=chromium/src&ref=refs/heads/main&revision=8e2c1c747f15a93c55ab2f10ebc8b32801ba129e&path=//&platform=linux&test_suite_type=unit&modifier_id=0
2024-08-05 19:59:25,2024-08-05,4ed135e,3031634,5068209,59.816672911476225,967421,2005862,48.22968878217943,https://analysis.chromium.org/coverage/p/chromium/dir?host=chromium.googlesource.com&project=chromium/src&ref=refs/heads/main&revision=4ed135e3d832b3c3a8b291699475238613791987&path=//&platform=linux&test_suite_type=unit&modifier_id=0
2024-08-06 19:52:47,2024-08-06,530e6b8,3036071,5070244,59.88017539195352,969155,2006338,48.3046724928701,https://analysis.chromium.org/coverage/p/chromium/dir?host=chromium.googlesource.com&project=chromium/src&ref=refs/heads/main&revision=530e6b8c0252e1b641e2016c152b489c8da0f7fc&path=//&platform=linux&test_suite_type=unit&modifier_id=0
2024-08-07 19:57:21,2024-08-07,f9044e7,3035806,5071947,59.85484469770682,968699,2007154,48.262315696752715,https://analysis.chromium.org/coverage/p/chromium/dir?host=chromium.googlesource.com&project=chromium/src&ref=refs/heads/main&revision=f9044e7915d3399a6733c079090823f8af4bd434&path=//&platform=linux&test_suite_type=unit&modifier_id=0
2024-08-08 19:56:28,2024-08-08,9277a13,3036706,5074567,59.84167713225582,969261,2008220,48.26468215633745,https://analysis.chromium.org/coverage/p/chromium/dir?host=chromium.googlesource.com&project=chromium/src&ref=refs/heads/main&revision=9277a1368a888c6e302f80a8f007563de5b291e6&path=//&platform=linux&test_suite_type=unit&modifier_id=0
2024-08-09 19:57:43,2024-08-09,3ec349b,3038733,5077085,59.851922904580086,970111,2009970,48.26494922809793,https://analysis.chromium.org/coverage/p/chromium/dir?host=chromium.googlesource.com&project=chromium/src&ref=refs/heads/main&revision=3ec349b2e826b4b267aa7048cd12d2df31e57347&path=//&platform=linux&test_suite_type=unit&modifier_id=0
2024-08-10 19:39:49,2024-08-10,7158a68,3037900,5077201,59.83414877606776,969295,2010020,48.22315200843773,https://analysis.chromium.org/coverage/p/chromium/dir?host=chromium.googlesource.com&project=chromium/src&ref=refs/heads/main&revision=7158a68fa55ce36509bcb17006be9530fe52c3d5&path=//&platform=linux&test_suite_type=unit&modifier_id=0
2024-08-11 19:33:30,2024-08-11,0221589,3039013,5077299,59.8549149853101,970575,2010028,48.28664078311347,https://analysis.chromium.org/coverage/p/chromium/dir?host=chromium.googlesource.com&project=chromium/src&ref=refs/heads/main&revision=0221589c83238605cdaedbe539e63e8ecef43f3a&path=//&platform=linux&test_suite_type=unit&modifier_id=0
2024-08-12 19:52:31,2024-08-12,f4dcdf0,3040323,5078857,59.862346980826594,971318,2010734,48.30663827239207,https://analysis.chromium.org/coverage/p/chromium/dir?host=chromium.googlesource.com&project=chromium/src&ref=refs/heads/main&revision=f4dcdf06850dd6115402bbb669891f240c31737f&path=//&platform=linux&test_suite_type=unit&modifier_id=0
2024-08-13 19:59:00,2024-08-13,c0c09ab,3041453,5080265,59.86799901186257,970870,2011274,48.27139415116986,https://analysis.chromium.org/coverage/p/chromium/dir?host=chromium.googlesource.com&project=chromium/src&ref=refs/heads/main&revision=c0c09abfc10ba3a3faff1268e9e9543efce062c1&path=//&platform=linux&test_suite_type=unit&modifier_id=0
2024-08-14 19:58:40,2024-08-14,8ed4399,3042203,5077890,59.91077002455744,970916,2010472,48.292938175711974,https://analysis.chromium.org/coverage/p/chromium/dir?host=chromium.googlesource.com&project=chromium/src&ref=refs/heads/main&revision=8ed43997ca22d525a9019272f7bc1781c3d71518&path=//&platform=linux&test_suite_type=unit&modifier_id=0
2024-08-15 19:57:56,2024-08-15,ec8047a,3043281,5080420,59.90215375894119,971479,2011592,48.2940377571595,https://analysis.chromium.org/coverage/p/chromium/dir?host=chromium.googlesource.com&project=chromium/src&ref=refs/heads/main&revision=ec8047a9b96a1f495a605e0d09721544c494fb01&path=//&platform=linux&test_suite_type=unit&modifier_id=0
2024-08-16 19:44:39,2024-08-16,4909eeb,3038021,5074058,59.87359624190342,969833,2009276,48.26778401772579,https://analysis.chromium.org/coverage/p/chromium/dir?host=chromium.googlesource.com&project=chromium/src&ref=refs/heads/main&revision=4909eebbaa45e1ece20eb4cd3e90c033d9a193b2&path=//&platform=linux&test_suite_type=unit&modifier_id=0
2024-08-17 19:33:37,2024-08-17,3c3b14c,3038516,5074070,59.88321012520521,969924,2009274,48.272361061756634,https://analysis.chromium.org/coverage/p/chromium/dir?host=chromium.googlesource.com&project=chromium/src&ref=refs/heads/main&revision=3c3b14c8e37796134fe21092e4ff096185ce8d2c&path=//&platform=linux&test_suite_type=unit&modifier_id=0
2024-08-18 19:59:24,2024-08-18,3ddb2e3,3038324,5074113,59.87891873909785,969622,2009296,48.25680238252602,https://analysis.chromium.org/coverage/p/chromium/dir?host=chromium.googlesource.com&project=chromium/src&ref=refs/heads/main&revision=3ddb2e3092992088ae1b45cd81c371a2a1897f17&path=//&platform=linux&test_suite_type=unit&modifier_id=0
2024-08-19 19:54:32,2024-08-19,e571c03,3039438,5076311,59.874936740479455,970133,2009944,48.26666812607714,https://analysis.chromium.org/coverage/p/chromium/dir?host=chromium.googlesource.com&project=chromium/src&ref=refs/heads/main&revision=e571c03ff66348811123ea81d03b79606cae2b1d&path=//&platform=linux&test_suite_type=unit&modifier_id=0
2024-08-20 19:50:23,2024-08-20,f2a0c9e,3040606,5077862,59.87965013621875,970814,2010436,48.28872940993894,https://analysis.chromium.org/coverage/p/chromium/dir?host=chromium.googlesource.com&project=chromium/src&ref=refs/heads/main&revision=f2a0c9e8f0e67e070dcb53f6e398b55f8ada1715&path=//&platform=linux&test_suite_type=unit&modifier_id=0
2024-08-21 19:59:46,2024-08-21,f59c597,3042793,5080136,59.89589648781056,971034,2011260,48.279884251663134,https://analysis.chromium.org/coverage/p/chromium/dir?host=chromium.googlesource.com&project=chromium/src&ref=refs/heads/main&revision=f59c59747f38671b79a61be17e555126bf8bd1fe&path=//&platform=linux&test_suite_type=unit&modifier_id=0
2024-08-22 19:54:51,2024-08-22,f6c0a56,3042838,5080141,59.89672333897819,971719,2011148,48.3166330871721,https://analysis.chromium.org/coverage/p/chromium/dir?host=chromium.googlesource.com&project=chromium/src&ref=refs/heads/main&revision=f6c0a56c0ed351290ae18dc5acc21646dfa039a9&path=//&platform=linux&test_suite_type=unit&modifier_id=0
2024-08-23 19:48:40,2024-08-23,d63e7bd,3041478,5081117,59.858452383599904,971127,2011552,48.27749916482398,https://analysis.chromium.org/coverage/p/chromium/dir?host=chromium.googlesource.com&project=chromium/src&ref=refs/heads/main&revision=d63e7bd1b951c37688cae3a7e8717e01828dd084&path=//&platform=linux&test_suite_type=unit&modifier_id=0
2024-08-24 19:51:34,2024-08-24,dc3486c,3042407,5081235,59.87534526547188,970947,2011574,48.268022951181514,https://analysis.chromium.org/coverage/p/chromium/dir?host=chromium.googlesource.com&project=chromium/src&ref=refs/heads/main&revision=dc3486c823b4dd8f2e19fc9d9c2e0337dee503c6&path=//&platform=linux&test_suite_type=unit&modifier_id=0
2024-08-25 19:53:29,2024-08-25,24d9846,3042065,5081392,59.866764854984616,970994,2011648,48.268583768134384,https://analysis.chromium.org/coverage/p/chromium/dir?host=chromium.googlesource.com&project=chromium/src&ref=refs/heads/main&revision=24d9846cea83b47644f704f1bee202f5f0f4d631&path=//&platform=linux&test_suite_type=unit&modifier_id=0
2024-08-26 19:52:37,2024-08-26,a458b78,3043819,5082274,59.89088742558941,971741,2011554,48.3079748294105,https://analysis.chromium.org/coverage/p/chromium/dir?host=chromium.googlesource.com&project=chromium/src&ref=refs/heads/main&revision=a458b78a2797382c8b6f93a88777f45c7e979aba&path=//&platform=linux&test_suite_type=unit&modifier_id=0
2024-08-27 19:59:02,2024-08-27,8f217b6,3044510,5085059,59.87167503857871,971519,2012172,48.28210510831082,https://analysis.chromium.org/coverage/p/chromium/dir?host=chromium.googlesource.com&project=chromium/src&ref=refs/heads/main&revision=8f217b658efa65c9fb80b49ab9ca4d533c9c1f81&path=//&platform=linux&test_suite_type=unit&modifier_id=0
2024-09-19 19:42:46,2024-09-19,b970120,3051287,5103377,59.78956679077403,976475,2019704,48.34743110871692,https://analysis.chromium.org/coverage/p/chromium/dir?host=chromium.googlesource.com&project=chromium/src&ref=refs/heads/main&revision=b970120ab0d00b6ea87c1811349da3e2b2d20f15&path=//&platform=linux&test_suite_type=unit&modifier_id=0
2024-09-20 19:55:54,2024-09-20,b183f05,3050249,5104158,59.76008187834311,974971,2019620,48.27497251958289,https://analysis.chromium.org/coverage/p/chromium/dir?host=chromium.googlesource.com&project=chromium/src&ref=refs/heads/main&revision=b183f053fd5cadaab26543781a1f50c504130811&path=//&platform=linux&test_suite_type=unit&modifier_id=0
2024-09-21 19:43:40,2024-09-21,fd4b77e,3050311,5104391,59.75856865197043,974517,2019744,48.249530633585245,https://analysis.chromium.org/coverage/p/chromium/dir?host=chromium.googlesource.com&project=chromium/src&ref=refs/heads/main&revision=fd4b77e8546c08a95b704886849aef4b3fc04bec&path=//&platform=linux&test_suite_type=unit&modifier_id=0
2024-09-22 19:56:20,2024-09-22,351b4f9,3051124,5104404,59.774343880304144,975641,2019744,48.30518125069316,https://analysis.chromium.org/coverage/p/chromium/dir?host=chromium.googlesource.com&project=chromium/src&ref=refs/heads/main&revision=351b4f94ce7e65ef406f83f0e8071230e4f5aec7&path=//&platform=linux&test_suite_type=unit&modifier_id=0
2024-09-23 19:59:54,2024-09-23,144e468,3052382,5105435,59.78691335801945,975702,2020092,48.29987941143275,https://analysis.chromium.org/coverage/p/chromium/dir?host=chromium.googlesource.com&project=chromium/src&ref=refs/heads/main&revision=144e4688e4e9ee8ced0cf86c113e20f1d76e9087&path=//&platform=linux&test_suite_type=unit&modifier_id=0
2024-09-24 19:57:04,2024-09-24,f3b5f07,3052344,5107570,59.76117801616033,975552,2020134,48.29144997312059,https://analysis.chromium.org/coverage/p/chromium/dir?host=chromium.googlesource.com&project=chromium/src&ref=refs/heads/main&revision=f3b5f070a80a7078f91f5b36e282879064ae337e&path=//&platform=linux&test_suite_type=unit&modifier_id=0
2024-09-25 19:58:03,2024-09-25,5e60a18,3053116,5108302,59.76772712341596,975962,2019846,48.318634192903815,https://analysis.chromium.org/coverage/p/chromium/dir?host=chromium.googlesource.com&project=chromium/src&ref=refs/heads/main&revision=5e60a1884e06cda0a22a6bdab84baa364d32381e&path=//&platform=linux&test_suite_type=unit&modifier_id=0
2024-09-26 19:00:44,2024-09-26,32b32b7,3051815,5110133,59.72085266665271,975774,2020830,48.28580335802616,https://analysis.chromium.org/coverage/p/chromium/dir?host=chromium.googlesource.com&project=chromium/src&ref=refs/heads/main&revision=32b32b77184fab8bb76a1f9f3be12ba17a28d4d3&path=//&platform=linux&test_suite_type=unit&modifier_id=0
2024-09-27 19:53:38,2024-09-27,3afa236,3052594,5110965,59.72637261260838,976645,2021630,48.3097797321963,https://analysis.chromium.org/coverage/p/chromium/dir?host=chromium.googlesource.com&project=chromium/src&ref=refs/heads/main&revision=3afa236591e4cea49a4372e22e5ca7212a5642b9&path=//&platform=linux&test_suite_type=unit&modifier_id=0
2024-09-28 19:00:43,2024-09-28,79803cd,3052585,5111096,59.72466570770731,976586,2021690,48.305427637273766,https://analysis.chromium.org/coverage/p/chromium/dir?host=chromium.googlesource.com&project=chromium/src&ref=refs/heads/main&revision=79803cdeeb593a18be4cbddfb16aded98ed405cb&path=//&platform=linux&test_suite_type=unit&modifier_id=0
2024-09-29 19:25:02,2024-09-29,9b2db97,3051703,5111146,59.706825044716,976490,2021728,48.29977128476234,https://analysis.chromium.org/coverage/p/chromium/dir?host=chromium.googlesource.com&project=chromium/src&ref=refs/heads/main&revision=9b2db97f24a532d81f564c4f2d7f9fb9e443dc65&path=//&platform=linux&test_suite_type=unit&modifier_id=0
2024-09-30 19:57:48,2024-09-30,fde921b,3049811,5112168,59.65787900554129,975143,2022202,48.22183936125076,https://analysis.chromium.org/coverage/p/chromium/dir?host=chromium.googlesource.com&project=chromium/src&ref=refs/heads/main&revision=fde921bad92e592f5700984e5afcf1f09e4b585c&path=//&platform=linux&test_suite_type=unit&modifier_id=0
2024-10-01 19:58:46,2024-10-01,26f86c6,3049976,5112653,59.6554469861342,975193,2023320,48.197665223494056,https://analysis.chromium.org/coverage/p/chromium/dir?host=chromium.googlesource.com&project=chromium/src&ref=refs/heads/main&revision=26f86c6b36848b2ea3fb322dbf6b6901bfcc50c8&path=//&platform=linux&test_suite_type=unit&modifier_id=0
2024-10-02 19:56:45,2024-10-02,b5ae9df,3048335,5112161,59.629088364001056,975072,2023090,48.197163744568954,https://analysis.chromium.org/coverage/p/chromium/dir?host=chromium.googlesource.com&project=chromium/src&ref=refs/heads/main&revision=b5ae9dfa29c14c625233a9ea9b0c76d8748bd035&path=//&platform=linux&test_suite_type=unit&modifier_id=0
2024-10-03 19:42:22,2024-10-03,3331551,3053923,5111415,59.74711503566038,976087,2021402,48.287624134140565,https://analysis.chromium.org/coverage/p/chromium/dir?host=chromium.googlesource.com&project=chromium/src&ref=refs/heads/main&revision=3331551a9ccfc47c3d7a2e70271ec545d9c4ad6f&path=//&platform=linux&test_suite_type=unit&modifier_id=0
2024-10-04 19:59:45,2024-10-04,5560a82,3055757,5112084,59.775171925969914,976218,2021170,48.29964822355368,https://analysis.chromium.org/coverage/p/chromium/dir?host=chromium.googlesource.com&project=chromium/src&ref=refs/heads/main&revision=5560a824a0e985abaf8011bccdf7df7d6e22e422&path=//&platform=linux&test_suite_type=unit&modifier_id=0
2024-10-05 19:51:01,2024-10-05,9102207,3056515,5112364,59.78672488891636,976266,2021270,48.29963339880372,https://analysis.chromium.org/coverage/p/chromium/dir?host=chromium.googlesource.com&project=chromium/src&ref=refs/heads/main&revision=9102207b9c38b3edcbdb8db9f37bb9bec8d89fdc&path=//&platform=linux&test_suite_type=unit&modifier_id=0
2024-10-06 19:48:55,2024-10-06,7e87f91,3056169,5112369,59.77989851671505,975896,2021276,48.28118475655972,https://analysis.chromium.org/coverage/p/chromium/dir?host=chromium.googlesource.com&project=chromium/src&ref=refs/heads/main&revision=7e87f918239cf9de6f8c022576d45b0d2da785db&path=//&platform=linux&test_suite_type=unit&modifier_id=0
2024-10-07 19:54:35,2024-10-07,af45d1b,3057278,5114011,59.78238998703757,976144,2021898,48.27859763449986,https://analysis.chromium.org/coverage/p/chromium/dir?host=chromium.googlesource.com&project=chromium/src&ref=refs/heads/main&revision=af45d1b55a7e2b73fe13d4ce7b516cfd6e4ae8ee&path=//&platform=linux&test_suite_type=unit&modifier_id=0
2024-10-08 19:52:25,2024-10-08,8cb6569,3057309,5115430,59.76641259874536,975681,2022526,48.2407148288823,https://analysis.chromium.org/coverage/p/chromium/dir?host=chromium.googlesource.com&project=chromium/src&ref=refs/heads/main&revision=8cb656991f8476e5d87fac63753da71c5d0221a8&path=//&platform=linux&test_suite_type=unit&modifier_id=0
2024-10-09 19:54:27,2024-10-09,1fde75f,3060000,5117071,59.79983471013007,977503,2023196,48.31479500750298,https://analysis.chromium.org/coverage/p/chromium/dir?host=chromium.googlesource.com&project=chromium/src&ref=refs/heads/main&revision=1fde75fa4f9de3c41e55070d10f7e12d4462cd70&path=//&platform=linux&test_suite_type=unit&modifier_id=0
2024-10-10 19:54:45,2024-10-10,87150c1,3059056,5119069,59.758053661710754,976938,2023858,48.271074354030766,https://analysis.chromium.org/coverage/p/chromium/dir?host=chromium.googlesource.com&project=chromium/src&ref=refs/heads/main&revision=87150c11b1259dd0ffb9445270933eb9965703db&path=//&platform=linux&test_suite_type=unit&modifier_id=0
2024-10-11 19:50:42,2024-10-11,cf53fb4,3062854,5122871,59.78784162240275,979076,2025406,48.339740279232906,https://analysis.chromium.org/coverage/p/chromium/dir?host=chromium.googlesource.com&project=chromium/src&ref=refs/heads/main&revision=cf53fb41cbb00effc78f1f03102424fa2127ebe6&path=//&platform=linux&test_suite_type=unit&modifier_id=0
2024-10-12 19:47:38,2024-10-12,784c631,3062422,5122901,59.779058779390816,977944,2025418,48.28356418280079,https://analysis.chromium.org/coverage/p/chromium/dir?host=chromium.googlesource.com&project=chromium/src&ref=refs/heads/main&revision=784c631025c2c9c0fa0de8fd2640204dc6178d5f&path=//&platform=linux&test_suite_type=unit&modifier_id=0
2024-10-13 19:53:31,2024-10-13,5919af7,3062328,5122831,59.77804069663824,978431,2025402,48.30799021626324,https://analysis.chromium.org/coverage/p/chromium/dir?host=chromium.googlesource.com&project=chromium/src&ref=refs/heads/main&revision=5919af74539f0dc0db41412e787894133cf9a565&path=//&platform=linux&test_suite_type=unit&modifier_id=0
2024-10-14 19:56:17,2024-10-14,b27a677,3062365,5123475,59.77124900580173,977921,2025776,48.27389602799125,https://analysis.chromium.org/coverage/p/chromium/dir?host=chromium.googlesource.com&project=chromium/src&ref=refs/heads/main&revision=b27a6777b484b82d22f1ed4c9312860727d2a22f&path=//&platform=linux&test_suite_type=unit&modifier_id=0
2024-10-15 19:57:35,2024-10-15,b4e7d05,3063028,5123879,59.77947566677511,978310,2026154,48.284088968558166,https://analysis.chromium.org/coverage/p/chromium/dir?host=chromium.googlesource.com&project=chromium/src&ref=refs/heads/main&revision=b4e7d0585f8525752faf8baad46ebe0e4064e757&path=//&platform=linux&test_suite_type=unit&modifier_id=0
2024-10-16 19:49:17,2024-10-16,7a4951d,3065039,5126169,59.79200061488414,979172,2026744,48.31256438899042,https://analysis.chromium.org/coverage/p/chromium/dir?host=chromium.googlesource.com&project=chromium/src&ref=refs/heads/main&revision=7a4951deed088a2850b43ee95c3ab67bfb8b0249&path=//&platform=linux&test_suite_type=unit&modifier_id=0
2024-10-17 19:57:57,2024-10-17,708a69b,3065017,5128132,59.76868380143101,978873,2027656,48.2760882516561,https://analysis.chromium.org/coverage/p/chromium/dir?host=chromium.googlesource.com&project=chromium/src&ref=refs/heads/main&revision=708a69b2b5656532f0fd3f494b42459437e5bd81&path=//&platform=linux&test_suite_type=unit&modifier_id=0
2024-10-18 19:35:40,2024-10-18,bf8f451,3066434,5129603,59.7791680954647,979609,2028342,48.2960467219039,https://analysis.chromium.org/coverage/p/chromium/dir?host=chromium.googlesource.com&project=chromium/src&ref=refs/heads/main&revision=bf8f45128ad5a3ec92843bdb12d9ce1eed381481&path=//&platform=linux&test_suite_type=unit&modifier_id=0
2024-10-19 19:50:37,2024-10-19,6dde0cf,3066441,5129937,59.7754124465856,979570,2028460,48.291314593336814,https://analysis.chromium.org/coverage/p/chromium/dir?host=chromium.googlesource.com&project=chromium/src&ref=refs/heads/main&revision=6dde0cf7b4fc08af1bcad33db0cd51daeeb93016&path=//&platform=linux&test_suite_type=unit&modifier_id=0
2024-10-20 19:54:08,2024-10-20,9f7db6f,3066203,5130042,59.76954964501265,979683,2028522,48.29540916982907,https://analysis.chromium.org/coverage/p/chromium/dir?host=chromium.googlesource.com&project=chromium/src&ref=refs/heads/main&revision=9f7db6f0d92d36c747e252a47f5ea5af9aba4ae7&path=//&platform=linux&test_suite_type=unit&modifier_id=0
2024-10-21 19:40:09,2024-10-21,2942d4a,3066837,5130985,59.77092117790249,979351,2029390,48.25839291609794,https://analysis.chromium.org/coverage/p/chromium/dir?host=chromium.googlesource.com&project=chromium/src&ref=refs/heads/main&revision=2942d4ab37d34a0234384280cc5147065a5e2665&path=//&platform=linux&test_suite_type=unit&modifier_id=0
2024-10-22 19:58:04,2024-10-22,673e0a4,3067192,5128709,59.804367921829844,980043,2027848,48.32921402393079,https://analysis.chromium.org/coverage/p/chromium/dir?host=chromium.googlesource.com&project=chromium/src&ref=refs/heads/main&revision=673e0a494c07fa60c10e624997544efb20afc8de&path=//&platform=linux&test_suite_type=unit&modifier_id=0
2024-10-23 19:59:31,2024-10-23,b574298,3067741,5123614,59.87455339141473,947845,1938724,48.89014630241334,https://analysis.chromium.org/coverage/p/chromium/dir?host=chromium.googlesource.com&project=chromium/src&ref=refs/heads/main&revision=b57429837a5867c6ae563769aa59a3927d0328c3&path=//&platform=linux&test_suite_type=unit&modifier_id=0
2024-10-24 19:58:41,2024-10-24,76beed3,3068810,5125380,59.874780016310986,948455,1939312,48.906777248838765,https://analysis.chromium.org/coverage/p/chromium/dir?host=chromium.googlesource.com&project=chromium/src&ref=refs/heads/main&revision=76beed34030b8d67772591f321693d6552d97742&path=//&platform=linux&test_suite_type=unit&modifier_id=0
2024-10-25 19:25:41,2024-10-25,2265c28,3068375,5126124,59.8576039128199,948042,1939689,48.87597960291573,https://analysis.chromium.org/coverage/p/chromium/dir?host=chromium.googlesource.com&project=chromium/src&ref=refs/heads/main&revision=2265c283a0bea56e9a10f6e8342a9adf71ba4be6&path=//&platform=linux&test_suite_type=unit&modifier_id=0
2024-10-26 19:04:19,2024-10-26,ca64b51,3068372,5126131,59.857463650460744,948561,1939699,48.902484354531296,https://analysis.chromium.org/coverage/p/chromium/dir?host=chromium.googlesource.com&project=chromium/src&ref=refs/heads/main&revision=ca64b5188c4443a4dabdfecdc53a34783cc391a5&path=//&platform=linux&test_suite_type=unit&modifier_id=0
2024-10-27 19:55:23,2024-10-27,2d4c820,3069254,5126238,59.87341984511839,948897,1939763,48.918192583320746,https://analysis.chromium.org/coverage/p/chromium/dir?host=chromium.googlesource.com&project=chromium/src&ref=refs/heads/main&revision=2d4c82095d63bbeeff2c92cfa0be2e183faf7d0d&path=//&platform=linux&test_suite_type=unit&modifier_id=0
2024-10-28 19:33:17,2024-10-28,344c090,3069854,5128349,59.86047361441275,948815,1940467,48.89621931215527,https://analysis.chromium.org/coverage/p/chromium/dir?host=chromium.googlesource.com&project=chromium/src&ref=refs/heads/main&revision=344c0909b77ec7fade33712e5a05692f1480eae7&path=//&platform=linux&test_suite_type=unit&modifier_id=0
2024-10-29 19:53:58,2024-10-29,3cf7693,3068829,5126094,59.86681087003087,948568,1938669,48.928826942608566,https://analysis.chromium.org/coverage/p/chromium/dir?host=chromium.googlesource.com&project=chromium/src&ref=refs/heads/main&revision=3cf76934f97d794a9d4b5faa915a13c42044c606&path=//&platform=linux&test_suite_type=unit&modifier_id=0
2024-10-30 19:54:24,2024-10-30,128d2c4,3070180,5126599,59.88726639239777,949459,1937781,48.99722930506595,https://analysis.chromium.org/coverage/p/chromium/dir?host=chromium.googlesource.com&project=chromium/src&ref=refs/heads/main&revision=128d2c4d2987b01fdc7d251b6568fdf11cb9aed3&path=//&platform=linux&test_suite_type=unit&modifier_id=0
2024-10-31 19:51:20,2024-10-31,7a89edd,3071394,5126905,59.907371016236894,949273,1933899,49.08596570968805,https://analysis.chromium.org/coverage/p/chromium/dir?host=chromium.googlesource.com&project=chromium/src&ref=refs/heads/main&revision=7a89edda3bd386abc5d611d9bb9c4eedd28da66e&path=//&platform=linux&test_suite_type=unit&modifier_id=0
2024-11-01 19:57:23,2024-11-01,9c5ca8f,3074628,5130887,59.92390789350847,950400,1934571,49.127170830122026,https://analysis.chromium.org/coverage/p/chromium/dir?host=chromium.googlesource.com&project=chromium/src&ref=refs/heads/main&revision=9c5ca8ff2d8d8854e4607d1829501615c5738fca&path=//&platform=linux&test_suite_type=unit&modifier_id=0
2024-11-02 19:57:24,2024-11-02,868ea6f,3073540,5131097,59.9002513497601,949785,1934630,49.093883584974904,https://analysis.chromium.org/coverage/p/chromium/dir?host=chromium.googlesource.com&project=chromium/src&ref=refs/heads/main&revision=868ea6f559ab85ddb571091259407c20e42941d9&path=//&platform=linux&test_suite_type=unit&modifier_id=0
2024-11-03 19:51:21,2024-11-03,7909d52,3073258,5131323,59.892117490947264,949879,1934750,49.09569711849076,https://analysis.chromium.org/coverage/p/chromium/dir?host=chromium.googlesource.com&project=chromium/src&ref=refs/heads/main&revision=7909d5283521c1ace065651a17fef3f0d417573c&path=//&platform=linux&test_suite_type=unit&modifier_id=0
2024-11-04 19:51:05,2024-11-04,0779104,3074841,5131945,59.915704474619275,950400,1933869,49.14500413419937,https://analysis.chromium.org/coverage/p/chromium/dir?host=chromium.googlesource.com&project=chromium/src&ref=refs/heads/main&revision=07791040fe136f3d59b71fa4f462d13c747c4ca3&path=//&platform=linux&test_suite_type=unit&modifier_id=0
2024-11-05 18:15:49,2024-11-05,d4631ac,3075340,5132400,59.92011534564726,950606,1931706,49.21069769416257,https://analysis.chromium.org/coverage/p/chromium/dir?host=chromium.googlesource.com&project=chromium/src&ref=refs/heads/main&revision=d4631ac72e5b6fac2dc454ff15a9d162b8c7fc4f&path=//&platform=linux&test_suite_type=unit&modifier_id=0
2024-11-06 19:57:12,2024-11-06,8887a98,3075796,5135474,59.89312768402683,950261,1931954,49.186523074565955,https://analysis.chromium.org/coverage/p/chromium/dir?host=chromium.googlesource.com&project=chromium/src&ref=refs/heads/main&revision=8887a982a09b95b71e115ea0917f281de78d2e98&path=//&platform=linux&test_suite_type=unit&modifier_id=0
2024-11-07 19:58:34,2024-11-07,c4f407c,3078488,5137145,59.92604841794421,951304,1931277,49.257770894594614,https://analysis.chromium.org/coverage/p/chromium/dir?host=chromium.googlesource.com&project=chromium/src&ref=refs/heads/main&revision=c4f407caea4d7bda429de440c263ece069c26893&path=//&platform=linux&test_suite_type=unit&modifier_id=0
2024-11-08 19:51:42,2024-11-08,5ba6ab9,3078414,5138917,59.90394474166444,951329,1929587,49.302208192737616,https://analysis.chromium.org/coverage/p/chromium/dir?host=chromium.googlesource.com&project=chromium/src&ref=refs/heads/main&revision=5ba6ab99ff7d0cc9f43cdd180dd0b69e0c3f5192&path=//&platform=linux&test_suite_type=unit&modifier_id=0
2024-11-09 19:45:04,2024-11-09,eb93984,3079116,5138981,59.9168590037597,951677,1929638,49.31893961458056,https://analysis.chromium.org/coverage/p/chromium/dir?host=chromium.googlesource.com&project=chromium/src&ref=refs/heads/main&revision=eb9398426044f974c8010ae0fcee24d07918868d&path=//&platform=linux&test_suite_type=unit&modifier_id=0
2024-11-10 19:36:06,2024-11-10,938addb,3080064,5138982,59.935294577797706,952361,1929639,49.354361100703294,https://analysis.chromium.org/coverage/p/chromium/dir?host=chromium.googlesource.com&project=chromium/src&ref=refs/heads/main&revision=938addbe5fc7379bc69c9dc81e533b293b1ad2ab&path=//&platform=linux&test_suite_type=unit&modifier_id=0
2024-11-11 19:37:49,2024-11-11,bc7cf06,3083762,5144778,59.93965142908013,953182,1932536,49.322858668609534,https://analysis.chromium.org/coverage/p/chromium/dir?host=chromium.googlesource.com&project=chromium/src&ref=refs/heads/main&revision=bc7cf067ca6372d86010c2a212dcc28ea0b83df3&path=//&platform=linux&test_suite_type=unit&modifier_id=0
2024-11-12 19:50:42,2024-11-12,2dbb875,3085811,5146762,59.95635702602918,953841,1933221,49.339470241633,https://analysis.chromium.org/coverage/p/chromium/dir?host=chromium.googlesource.com&project=chromium/src&ref=refs/heads/main&revision=2dbb875c8dc224f69a117cfa40f4a03d8fadaee2&path=//&platform=linux&test_suite_type=unit&modifier_id=0
2024-11-13 19:56:00,2024-11-13,a910ad5,3085703,5147049,59.950915563461706,953572,1931589,49.367230813594404,https://analysis.chromium.org/coverage/p/chromium/dir?host=chromium.googlesource.com&project=chromium/src&ref=refs/heads/main&revision=a910ad5ec9c90b8002e97911f48ea0d4e0f08dbd&path=//&platform=linux&test_suite_type=unit&modifier_id=0
2024-11-14 19:58:36,2024-11-14,751b8d4,3086444,5147208,59.963459801896484,953869,1931604,49.38222327143659,https://analysis.chromium.org/coverage/p/chromium/dir?host=chromium.googlesource.com&project=chromium/src&ref=refs/heads/main&revision=751b8d46a0708c1e01bcd48c3d59faa104d7c34a&path=//&platform=linux&test_suite_type=unit&modifier_id=0
2024-11-15 19:51:29,2024-11-15,1ecc91b,3088362,5148843,59.98166966831189,954632,1932191,49.40670979214788,https://analysis.chromium.org/coverage/p/chromium/dir?host=chromium.googlesource.com&project=chromium/src&ref=refs/heads/main&revision=1ecc91b28c3d773458559b6b65b9aed2eb59022e&path=//&platform=linux&test_suite_type=unit&modifier_id=0
2024-11-16 19:26:38,2024-11-16,1ea7999,3088040,5148890,59.97486836968745,954734,1932209,49.411528463018236,https://analysis.chromium.org/coverage/p/chromium/dir?host=chromium.googlesource.com&project=chromium/src&ref=refs/heads/main&revision=1ea7999f0317fb94a93cc781ad27fc89f8588df2&path=//&platform=linux&test_suite_type=unit&modifier_id=0
2024-11-17 19:57:28,2024-11-17,4d4acf0,3088234,5149001,59.97734317783197,954932,1932256,49.42057367139758,https://analysis.chromium.org/coverage/p/chromium/dir?host=chromium.googlesource.com&project=chromium/src&ref=refs/heads/main&revision=4d4acf0ea4e6ba99430ae3f91e955d527908e04e&path=//&platform=linux&test_suite_type=unit&modifier_id=0
2024-11-18 19:58:07,2024-11-18,133d861,3086471,5147127,59.964928007410734,954182,1931803,49.39333876176815,https://analysis.chromium.org/coverage/p/chromium/dir?host=chromium.googlesource.com&project=chromium/src&ref=refs/heads/main&revision=133d86129664dc30af9ce2fb2d36f6de4874d5a4&path=//&platform=linux&test_suite_type=unit&modifier_id=0
2024-11-19 19:50:53,2024-11-19,301a762,3087371,5148911,59.96163072152539,954659,1933457,49.37575544736708,https://analysis.chromium.org/coverage/p/chromium/dir?host=chromium.googlesource.com&project=chromium/src&ref=refs/heads/main&revision=301a76222e9dc8bda41645f1a95a4a401e1c16f5&path=//&platform=linux&test_suite_type=unit&modifier_id=0
2024-11-20 19:53:33,2024-11-20,2b0c9ee,3088276,5150187,59.96434692565532,954764,1933811,49.372146502424485,https://analysis.chromium.org/coverage/p/chromium/dir?host=chromium.googlesource.com&project=chromium/src&ref=refs/heads/main&revision=2b0c9ee1f3acc50578ba7d2a6cc05d6dcd08e273&path=//&platform=linux&test_suite_type=unit&modifier_id=0
2024-11-21 19:57:58,2024-11-21,a99ff0d,3087950,5151449,59.943328566389766,955139,1934217,49.38117077866651,https://analysis.chromium.org/coverage/p/chromium/dir?host=chromium.googlesource.com&project=chromium/src&ref=refs/heads/main&revision=a99ff0d2bab4ec19ef703da6dcfce0bb4e0d5e2c&path=//&platform=linux&test_suite_type=unit&modifier_id=0
2024-11-22 19:46:12,2024-11-22,d5d2a35,3089613,5153273,59.95438238959977,955352,1934744,49.378729175539505,https://analysis.chromium.org/coverage/p/chromium/dir?host=chromium.googlesource.com&project=chromium/src&ref=refs/heads/main&revision=d5d2a354be1b639c4af8abeed270dfe0d96199f2&path=//&platform=linux&test_suite_type=unit&modifier_id=0
2024-11-23 19:12:15,2024-11-23,96c61ed,3089326,5153293,59.94858045137352,955053,1934814,49.361489011346826,https://analysis.chromium.org/coverage/p/chromium/dir?host=chromium.googlesource.com&project=chromium/src&ref=refs/heads/main&revision=96c61ed936eac54f0fae796819b077367a4d6b08&path=//&platform=linux&test_suite_type=unit&modifier_id=0
2024-11-24 19:52:57,2024-11-24,3fe1aee,3089427,5153374,59.949598069148486,955255,1934867,49.370576892365214,https://analysis.chromium.org/coverage/p/chromium/dir?host=chromium.googlesource.com&project=chromium/src&ref=refs/heads/main&revision=3fe1aee2a36676713259553d31e50a3bf6e52fe3&path=//&platform=linux&test_suite_type=unit&modifier_id=0
2024-11-25 19:54:47,2024-11-25,7858171,3089643,5153966,59.94690302574755,955296,1935084,49.3671592551021,https://analysis.chromium.org/coverage/p/chromium/dir?host=chromium.googlesource.com&project=chromium/src&ref=refs/heads/main&revision=78581716ba56d39377ce7e981bd0e8026c9c35f8&path=//&platform=linux&test_suite_type=unit&modifier_id=0
2024-11-26 19:57:12,2024-11-26,b9f1c1e,3090740,5155040,59.95569384524659,967717,1966735,49.20423951371181,https://analysis.chromium.org/coverage/p/chromium/dir?host=chromium.googlesource.com&project=chromium/src&ref=refs/heads/main&revision=b9f1c1e5489e105cc6657aa9ac5ed89da54e892c&path=//&platform=linux&test_suite_type=unit&modifier_id=0
2024-11-27 19:50:50,2024-11-27,e70cb4f,3092134,5157968,59.94868521867526,968166,1967888,49.19822672835039,https://analysis.chromium.org/coverage/p/chromium/dir?host=chromium.googlesource.com&project=chromium/src&ref=refs/heads/main&revision=e70cb4f428b7611f84e6e2162cc418463bce3bba&path=//&platform=linux&test_suite_type=unit&modifier_id=0
2024-11-28 19:57:13,2024-11-28,830738b,3133113,5159545,60.72459877760539,979088,1968419,49.739816573605516,https://analysis.chromium.org/coverage/p/chromium/dir?host=chromium.googlesource.com&project=chromium/src&ref=refs/heads/main&revision=830738b0e189f726d7b75df29324f9fc9740de5b&path=//&platform=linux&test_suite_type=unit&modifier_id=0
2024-11-29 19:54:36,2024-11-29,bad7989,3132160,5160045,60.700245831189456,978783,1968701,49.71719931061141,https://analysis.chromium.org/coverage/p/chromium/dir?host=chromium.googlesource.com&project=chromium/src&ref=refs/heads/main&revision=bad798951e8f4c5e2f7ca02fbd30fed866e053ba&path=//&platform=linux&test_suite_type=unit&modifier_id=0
2024-11-30 19:53:08,2024-11-30,37b6985,3132551,5160048,60.70778798956909,978654,1968701,49.71064676657349,https://analysis.chromium.org/coverage/p/chromium/dir?host=chromium.googlesource.com&project=chromium/src&ref=refs/heads/main&revision=37b6985bf5c339e7c53cda2e21bf27972a8791d2&path=//&platform=linux&test_suite_type=unit&modifier_id=0
2024-12-01 19:57:15,2024-12-01,55cb3c7,3132315,5160082,60.70281441263918,978437,1968751,49.698362057974826,https://analysis.chromium.org/coverage/p/chromium/dir?host=chromium.googlesource.com&project=chromium/src&ref=refs/heads/main&revision=55cb3c78289121f93646dec67eec1800f5544f4e&path=//&platform=linux&test_suite_type=unit&modifier_id=0
2024-12-02 19:58:46,2024-12-02,f7a3dff,3133324,5160419,60.7184029048804,978596,1968908,49.70247467123908,https://analysis.chromium.org/coverage/p/chromium/dir?host=chromium.googlesource.com&project=chromium/src&ref=refs/heads/main&revision=f7a3dff21f7ecdf75daaff2f2e0d17568952f67e&path=//&platform=linux&test_suite_type=unit&modifier_id=0
2024-12-03 19:55:19,2024-12-03,8fe416d,3134288,5161343,60.726210213117014,979089,1969698,49.70756938373294,https://analysis.chromium.org/coverage/p/chromium/dir?host=chromium.googlesource.com&project=chromium/src&ref=refs/heads/main&revision=8fe416dc5bbabad97fcfae94051006b4ee3a901b&path=//&platform=linux&test_suite_type=unit&modifier_id=0
2024-12-04 19:49:33,2024-12-04,521456d,3135429,5164377,60.71262806723831,979306,1970893,49.68844072204833,https://analysis.chromium.org/coverage/p/chromium/dir?host=chromium.googlesource.com&project=chromium/src&ref=refs/heads/main&revision=521456d576ac440823222a0fe3e09d1717c766e9&path=//&platform=linux&test_suite_type=unit&modifier_id=0
2024-12-05 19:48:56,2024-12-05,796a5d2,3135996,5164417,60.7231368032442,980404,1971095,49.7390536732121,https://analysis.chromium.org/coverage/p/chromium/dir?host=chromium.googlesource.com&project=chromium/src&ref=refs/heads/main&revision=796a5d2e1665bdc15b225c7bb05c89a6c38eedf2&path=//&platform=linux&test_suite_type=unit&modifier_id=0
2024-12-06 19:41:20,2024-12-06,777c11d,3137307,5166341,60.725898658257364,979500,1971735,49.6770610655083,https://analysis.chromium.org/coverage/p/chromium/dir?host=chromium.googlesource.com&project=chromium/src&ref=refs/heads/main&revision=777c11d808d27a7fd2cc8fd9cbc7523d2dc9f194&path=//&platform=linux&test_suite_type=unit&modifier_id=0
2024-12-07 19:55:03,2024-12-07,4f9b812,3137841,5166562,60.733636797545444,980153,1971837,49.70760767751087,https://analysis.chromium.org/coverage/p/chromium/dir?host=chromium.googlesource.com&project=chromium/src&ref=refs/heads/main&revision=4f9b812a4ce8765e46cc79390693f3fb8c89bb4e&path=//&platform=linux&test_suite_type=unit&modifier_id=0
2024-12-08 19:17:15,2024-12-08,c6f8a21,3138661,5166595,60.74912006843966,980707,1971823,49.736056431028544,https://analysis.chromium.org/coverage/p/chromium/dir?host=chromium.googlesource.com&project=chromium/src&ref=refs/heads/main&revision=c6f8a2130ceeb7a0d31d4c8efea929ffb6ebd737&path=//&platform=linux&test_suite_type=unit&modifier_id=0
2024-12-09 19:58:15,2024-12-09,5bc05a8,3138414,5168613,60.72062272799298,980717,1972491,49.71971988718833,https://analysis.chromium.org/coverage/p/chromium/dir?host=chromium.googlesource.com&project=chromium/src&ref=refs/heads/main&revision=5bc05a8d3e602a1ddce3d91e95de39b50b5852dc&path=//&platform=linux&test_suite_type=unit&modifier_id=0
2024-12-10 19:57:50,2024-12-10,382c9b5,3140940,5169552,60.758456438778445,981723,1972623,49.767390930755646,https://analysis.chromium.org/coverage/p/chromium/dir?host=chromium.googlesource.com&project=chromium/src&ref=refs/heads/main&revision=382c9b5f350ab23743598b413876b3a2a7718b08&path=//&platform=linux&test_suite_type=unit&modifier_id=0
2024-12-11 19:53:18,2024-12-11,dab1120,3142039,5171952,60.751511228255794,981981,1973370,49.7616260508673,https://analysis.chromium.org/coverage/p/chromium/dir?host=chromium.googlesource.com&project=chromium/src&ref=refs/heads/main&revision=dab1120c6cd8a6f56f27ace1fcb2df484542eb5c&path=//&platform=linux&test_suite_type=unit&modifier_id=0
2024-12-12 19:54:00,2024-12-12,a9fbe4c,3141562,5172697,60.73353996957486,981387,1973821,49.7201620613014,https://analysis.chromium.org/coverage/p/chromium/dir?host=chromium.googlesource.com&project=chromium/src&ref=refs/heads/main&revision=a9fbe4ceca72499c8baaf2684ca4ef69538d34f9&path=//&platform=linux&test_suite_type=unit&modifier_id=0
2024-12-13 19:47:57,2024-12-13,8cc3867,3143570,5174022,60.75679616360348,982205,1974115,49.75419365133237,https://analysis.chromium.org/coverage/p/chromium/dir?host=chromium.googlesource.com&project=chromium/src&ref=refs/heads/main&revision=8cc38670c948cf3f6f3a2a4b765aa714c2f464aa&path=//&platform=linux&test_suite_type=unit&modifier_id=0
2024-12-14 19:48:45,2024-12-14,ecbe1f3,3143147,5174102,60.747681433415885,982042,1974105,49.74618877921894,https://analysis.chromium.org/coverage/p/chromium/dir?host=chromium.googlesource.com&project=chromium/src&ref=refs/heads/main&revision=ecbe1f35d0359987b721728f68e256cb4b06dcf8&path=//&platform=linux&test_suite_type=unit&modifier_id=0
2024-12-15 19:38:48,2024-12-15,9cc9461,3143194,5174133,60.74822583802929,982056,1974113,49.74669636439251,https://analysis.chromium.org/coverage/p/chromium/dir?host=chromium.googlesource.com&project=chromium/src&ref=refs/heads/main&revision=9cc9461a9e78c585d9a90306b3e0afb29a2d135a&path=//&platform=linux&test_suite_type=unit&modifier_id=0
2024-12-16 19:53:11,2024-12-16,58ccc3a,3144332,5176083,60.74732572874121,981371,1974854,49.69334441938493,https://analysis.chromium.org/coverage/p/chromium/dir?host=chromium.googlesource.com&project=chromium/src&ref=refs/heads/main&revision=58ccc3a8d579cdcf1892052ce3852fd15f713eaa&path=//&platform=linux&test_suite_type=unit&modifier_id=0
2024-12-17 19:53:53,2024-12-17,7678884,3146153,5177950,60.76059058121457,982556,1975495,49.73720510555582,https://analysis.chromium.org/coverage/p/chromium/dir?host=chromium.googlesource.com&project=chromium/src&ref=refs/heads/main&revision=767888496095713307bc97644f98eeca54b886c1&path=//&platform=linux&test_suite_type=unit&modifier_id=0
2024-12-18 19:56:55,2024-12-18,5469b05,3146377,5179807,60.74313193522461,982578,1976276,49.71866277787111,https://analysis.chromium.org/coverage/p/chromium/dir?host=chromium.googlesource.com&project=chromium/src&ref=refs/heads/main&revision=5469b050b910a682cea6c541b6f22fa7667c7647&path=//&platform=linux&test_suite_type=unit&modifier_id=0
2024-12-19 19:55:17,2024-12-19,073a0d1,3148218,5180939,60.76539407238727,983709,1976948,49.7589719102374,https://analysis.chromium.org/coverage/p/chromium/dir?host=chromium.googlesource.com&project=chromium/src&ref=refs/heads/main&revision=073a0d158ffdc014f6d3273b6a0f99891490a9b6&path=//&platform=linux&test_suite_type=unit&modifier_id=0
2024-12-20 19:55:02,2024-12-20,988e6ea,3148470,5182303,60.754263114294936,1122205,2223066,50.480057722082925,https://analysis.chromium.org/coverage/p/chromium/dir?host=chromium.googlesource.com&project=chromium/src&ref=refs/heads/main&revision=988e6eae6751b1789b9a44c5b0c3ef31653be3dc&path=//&platform=linux&test_suite_type=unit&modifier_id=0
2024-12-21 19:44:00,2024-12-21,8635e2e,3148511,5182426,60.75361230435321,1122536,2223106,50.494038520880245,https://analysis.chromium.org/coverage/p/chromium/dir?host=chromium.googlesource.com&project=chromium/src&ref=refs/heads/main&revision=8635e2e8461d4243be7a4e662052dd8c475dc683&path=//&platform=linux&test_suite_type=unit&modifier_id=0
2024-12-22 19:48:33,2024-12-22,e25b2d0,3152010,5187848,60.75756267338596,1123143,2223073,50.52209261684164,https://analysis.chromium.org/coverage/p/chromium/dir?host=chromium.googlesource.com&project=chromium/src&ref=refs/heads/main&revision=e25b2d03ae6d065bc40b9cb0c50eb0184ccb3ba3&path=//&platform=linux&test_suite_type=unit&modifier_id=0
2024-12-23 19:34:36,2024-12-23,fe5465e,3152093,5187827,60.7594085153572,984041,1977636,49.758448976454716,https://analysis.chromium.org/coverage/p/chromium/dir?host=chromium.googlesource.com&project=chromium/src&ref=refs/heads/main&revision=fe5465eb24256dfb11f5f98339d7b4858ffbdb2c&path=//&platform=linux&test_suite_type=unit&modifier_id=0
2024-12-24 19:55:52,2024-12-24,12ce220,3151886,5188119,60.75199894219851,984406,1977757,49.77385998380994,https://analysis.chromium.org/coverage/p/chromium/dir?host=chromium.googlesource.com&project=chromium/src&ref=refs/heads/main&revision=12ce22023bb20aa831fd9de85315256a95927080&path=//&platform=linux&test_suite_type=unit&modifier_id=0
2024-12-25 19:04:33,2024-12-25,3279538,3150436,5188060,60.724741040003394,983440,1977730,49.72569562073691,https://analysis.chromium.org/coverage/p/chromium/dir?host=chromium.googlesource.com&project=chromium/src&ref=refs/heads/main&revision=3279538c1d80949807e3e76cb47336211c4a1503&path=//&platform=linux&test_suite_type=unit&modifier_id=0
2024-12-26 19:54:36,2024-12-26,56aa4a6,3151090,5188435,60.732957047741756,983741,1977801,49.73912946752479,https://analysis.chromium.org/coverage/p/chromium/dir?host=chromium.googlesource.com&project=chromium/src&ref=refs/heads/main&revision=56aa4a6a4d829c1e54eb012bccbe3b01bddc82d4&path=//&platform=linux&test_suite_type=unit&modifier_id=0
2024-12-27 19:51:22,2024-12-27,688ebbb,3152618,5190211,60.741615321612166,983618,1977945,49.72928974263693,https://analysis.chromium.org/coverage/p/chromium/dir?host=chromium.googlesource.com&project=chromium/src&ref=refs/heads/main&revision=688ebbb1d34a2c19ee496ce4d5cccc3e3fd32d28&path=//&platform=linux&test_suite_type=unit&modifier_id=0
2024-12-28 19:22:33,2024-12-28,3cf8400,3152614,5190311,60.740367966389684,984059,1977965,49.75108255201685,https://analysis.chromium.org/coverage/p/chromium/dir?host=chromium.googlesource.com&project=chromium/src&ref=refs/heads/main&revision=3cf8400ada5fcea7a68232b7ec79648bae990c0f&path=//&platform=linux&test_suite_type=unit&modifier_id=0
2024-12-29 19:54:39,2024-12-29,88079b0,3153422,5190317,60.75586520052629,984076,1977965,49.75194202121878,https://analysis.chromium.org/coverage/p/chromium/dir?host=chromium.googlesource.com&project=chromium/src&ref=refs/heads/main&revision=88079b04add414e38a5641bbbeb1d526bdeb6481&path=//&platform=linux&test_suite_type=unit&modifier_id=0
2024-12-30 19:57:43,2024-12-30,ed46067,3152396,5190431,60.7347636448688,983554,1978128,49.72145381896419,https://analysis.chromium.org/coverage/p/chromium/dir?host=chromium.googlesource.com&project=chromium/src&ref=refs/heads/main&revision=ed4606733e0545f7a47efaf89e6af87b66742c35&path=//&platform=linux&test_suite_type=unit&modifier_id=0
2024-12-31 19:41:11,2024-12-31,3731874,3151645,5190635,60.7179083098696,983430,1978279,49.71139055714588,https://analysis.chromium.org/coverage/p/chromium/dir?host=chromium.googlesource.com&project=chromium/src&ref=refs/heads/main&revision=37318745990607328d13f43f9be0766561043375&path=//&platform=linux&test_suite_type=unit&modifier_id=0
2025-01-01 19:47:07,2025-01-01,8f7fcd4,3153657,5190635,60.75667042664337,984594,1978279,49.77022957833551,https://analysis.chromium.org/coverage/p/chromium/dir?host=chromium.googlesource.com&project=chromium/src&ref=refs/heads/main&revision=8f7fcd4ccebd37bbfe91e62dc650102632adafb8&path=//&platform=linux&test_suite_type=unit&modifier_id=0
2025-01-02 19:37:29,2025-01-02,2015d74,3153220,5191526,60.737825448625316,1122907,2224357,50.482319160098854,https://analysis.chromium.org/coverage/p/chromium/dir?host=chromium.googlesource.com&project=chromium/src&ref=refs/heads/main&revision=2015d74e45cc4433ce4e9bf545ec1fba61da2aef&path=//&platform=linux&test_suite_type=unit&modifier_id=0
2025-01-03 19:54:48,2025-01-03,d2f399c,3154482,5191963,60.757020032692836,1123774,2224612,50.515505625250604,https://analysis.chromium.org/coverage/p/chromium/dir?host=chromium.googlesource.com&project=chromium/src&ref=refs/heads/main&revision=d2f399c22a7d41faab704c5fed056519d171a5ab&path=//&platform=linux&test_suite_type=unit&modifier_id=0
2025-01-04 19:59:06,2025-01-04,3e5a94d,3153757,5191980,60.742857252917,1123309,2224616,50.49451231133823,https://analysis.chromium.org/coverage/p/chromium/dir?host=chromium.googlesource.com&project=chromium/src&ref=refs/heads/main&revision=3e5a94daf32200d65dea6072dd4d1b9a2025508b&path=//&platform=linux&test_suite_type=unit&modifier_id=0
2025-01-05 19:55:41,2025-01-05,f4955f3,3153000,5191864,60.72963390412384,1123025,2224528,50.483743068192446,https://analysis.chromium.org/coverage/p/chromium/dir?host=chromium.googlesource.com&project=chromium/src&ref=refs/heads/main&revision=f4955f3c3b8bc3f3f3c15b39da05d9d7063d9aeb&path=//&platform=linux&test_suite_type=unit&modifier_id=0
2025-01-06 19:54:53,2025-01-06,7df00a2,3153440,5192871,60.7263303864086,1123494,2225136,50.4910261664905,https://analysis.chromium.org/coverage/p/chromium/dir?host=chromium.googlesource.com&project=chromium/src&ref=refs/heads/main&revision=7df00a2ca54843ec01bd34eb02845ec797873bb8&path=//&platform=linux&test_suite_type=unit&modifier_id=0
2025-01-07 19:51:20,2025-01-07,ddda50f,3152977,5192832,60.717870325864574,1123668,2225657,50.48702473022573,https://analysis.chromium.org/coverage/p/chromium/dir?host=chromium.googlesource.com&project=chromium/src&ref=refs/heads/main&revision=ddda50f568dd102827d380f79bfd8eb32f97d3f7&path=//&platform=linux&test_suite_type=unit&modifier_id=0
2025-01-08 19:56:30,2025-01-08,b370a2f,3156279,5194760,60.758899352424365,1124487,2226638,50.50156334348017,https://analysis.chromium.org/coverage/p/chromium/dir?host=chromium.googlesource.com&project=chromium/src&ref=refs/heads/main&revision=b370a2f99563adf1e49c89cb14fa0a934b3b03e7&path=//&platform=linux&test_suite_type=unit&modifier_id=0
2025-01-09 19:54:14,2025-01-09,3350aa7,3158876,5195989,60.79450899530388,1125798,2226696,50.55912437081667,https://analysis.chromium.org/coverage/p/chromium/dir?host=chromium.googlesource.com&project=chromium/src&ref=refs/heads/main&revision=3350aa7b32e5e2baf33d10ec148128a1098caecb&path=//&platform=linux&test_suite_type=unit&modifier_id=0
2025-01-10 19:57:28,2025-01-10,aa083d1,3158199,5197550,60.76322498100066,1124342,2226965,50.48763676124232,https://analysis.chromium.org/coverage/p/chromium/dir?host=chromium.googlesource.com&project=chromium/src&ref=refs/heads/main&revision=aa083d147701f34e1bcbab94eb479f4f58655107&path=//&platform=linux&test_suite_type=unit&modifier_id=0
2025-01-11 19:15:10,2025-01-11,dff45d6,3157921,5197582,60.75750223854092,1124604,2227045,50.49758761048834,https://analysis.chromium.org/coverage/p/chromium/dir?host=chromium.googlesource.com&project=chromium/src&ref=refs/heads/main&revision=dff45d62154c075e029496cc1b392c957346ebd7&path=//&platform=linux&test_suite_type=unit&modifier_id=0
2025-01-12 19:47:19,2025-01-12,504a068,3157754,5197665,60.753319038452844,1125038,2227082,50.516236043396695,https://analysis.chromium.org/coverage/p/chromium/dir?host=chromium.googlesource.com&project=chromium/src&ref=refs/heads/main&revision=504a068e301d0462b79deaaf8961655adaa281c1&path=//&platform=linux&test_suite_type=unit&modifier_id=0
2025-01-13 19:52:35,2025-01-13,8aa3d56,3159364,5199492,60.76293607144698,1125722,2228031,50.52541908079376,https://analysis.chromium.org/coverage/p/chromium/dir?host=chromium.googlesource.com&project=chromium/src&ref=refs/heads/main&revision=8aa3d565be2cb007f01492ed2f2ba0115347d883&path=//&platform=linux&test_suite_type=unit&modifier_id=0
2025-01-14 19:59:17,2025-01-14,238f4ef,3160197,5201291,60.75793490500724,1125942,2229444,50.50326449105696,https://analysis.chromium.org/coverage/p/chromium/dir?host=chromium.googlesource.com&project=chromium/src&ref=refs/heads/main&revision=238f4efe973b6ca3ed87dbcb277573d61727a389&path=//&platform=linux&test_suite_type=unit&modifier_id=0
2025-01-15 19:42:52,2025-01-15,bcd3a8b,3161042,5202002,60.765874369137116,1125316,2229694,50.46952631168223,https://analysis.chromium.org/coverage/p/chromium/dir?host=chromium.googlesource.com&project=chromium/src&ref=refs/heads/main&revision=bcd3a8b2f74b00ae4fa7bed6e0a63cbfa064c9cc&path=//&platform=linux&test_suite_type=unit&modifier_id=0
2025-01-16 19:55:40,2025-01-16,96cda15,3163466,5204678,60.7812049083536,1126553,2231068,50.49388902534571,https://analysis.chromium.org/coverage/p/chromium/dir?host=chromium.googlesource.com&project=chromium/src&ref=refs/heads/main&revision=96cda15687bd49f11785183a8e0fbdc6ad8b3255&path=//&platform=linux&test_suite_type=unit&modifier_id=0
2025-01-17 19:49:48,2025-01-17,67931b1,3162731,5207085,60.73899312187145,1126750,2232214,50.476791203710754,https://analysis.chromium.org/coverage/p/chromium/dir?host=chromium.googlesource.com&project=chromium/src&ref=refs/heads/main&revision=67931b1c9c05ced5e20cfef2de06fb29089603ee&path=//&platform=linux&test_suite_type=unit&modifier_id=0
2025-01-18 19:42:51,2025-01-18,d89f4d6,3163624,5207086,60.75613116434029,1126702,2232221,50.47448258931351,https://analysis.chromium.org/coverage/p/chromium/dir?host=chromium.googlesource.com&project=chromium/src&ref=refs/heads/main&revision=d89f4d681f1397225c1e4bf3d2b7538e0f3a0d4b&path=//&platform=linux&test_suite_type=unit&modifier_id=0
2025-01-19 19:31:09,2025-01-19,df0a06f,3163055,5207223,60.743605564808725,1126673,2232285,50.471736359828604,https://analysis.chromium.org/coverage/p/chromium/dir?host=chromium.googlesource.com&project=chromium/src&ref=refs/heads/main&revision=df0a06ffabd52c8b58e1ac0fa4f16e68d514599e&path=//&platform=linux&test_suite_type=unit&modifier_id=0
2025-01-20 19:59:12,2025-01-20,92371b4,3164095,5208164,60.75259918850482,1127044,2232831,50.47601005181315,https://analysis.chromium.org/coverage/p/chromium/dir?host=chromium.googlesource.com&project=chromium/src&ref=refs/heads/main&revision=92371b4d412242fdfb0d12d253278b68fa6ad3ab&path=//&platform=linux&test_suite_type=unit&modifier_id=0
2025-01-21 19:13:15,2025-01-21,fea5b0b,3163882,5207803,60.75272048501066,1127648,2232563,50.50912337076266,https://analysis.chromium.org/coverage/p/chromium/dir?host=chromium.googlesource.com&project=chromium/src&ref=refs/heads/main&revision=fea5b0b44f676b9eee64e3d71928947ade84643b&path=//&platform=linux&test_suite_type=unit&modifier_id=0
2025-01-22 19:48:35,2025-01-22,0e40f06,3165138,5207474,60.7806779256123,1127978,2233224,50.508950288909666,https://analysis.chromium.org/coverage/p/chromium/dir?host=chromium.googlesource.com&project=chromium/src&ref=refs/heads/main&revision=0e40f0640b6f6e2834397dde541da0a350480316&path=//&platform=linux&test_suite_type=unit&modifier_id=0
2025-01-23 19:55:47,2025-01-23,8ac2469,3165258,5202231,60.84424163402202,1128193,2231551,50.556451544239856,https://analysis.chromium.org/coverage/p/chromium/dir?host=chromium.googlesource.com&project=chromium/src&ref=refs/heads/main&revision=8ac246900bb1bfe2f72384fe728a5702ea17fd59&path=//&platform=linux&test_suite_type=unit&modifier_id=0
2025-01-24 19:59:04,2025-01-24,4aead32,3166843,5203804,60.8563081930065,1128583,2232282,50.557366855979666,https://analysis.chromium.org/coverage/p/chromium/dir?host=chromium.googlesource.com&project=chromium/src&ref=refs/heads/main&revision=4aead320070211ff10240c3e8a7b94f7688c771b&path=//&platform=linux&test_suite_type=unit&modifier_id=0
2025-01-25 19:54:11,2025-01-25,3bd4761,3167739,5203835,60.873163734053826,1128196,2232276,50.54016618016769,https://analysis.chromium.org/coverage/p/chromium/dir?host=chromium.googlesource.com&project=chromium/src&ref=refs/heads/main&revision=3bd4761adb05abb89ad5b3a0cf19335ac673241d&path=//&platform=linux&test_suite_type=unit&modifier_id=0
2025-01-26 19:30:02,2025-01-26,54b7540,3165645,5203875,60.83245658283491,1127853,2232284,50.52461962725173,https://analysis.chromium.org/coverage/p/chromium/dir?host=chromium.googlesource.com&project=chromium/src&ref=refs/heads/main&revision=54b754014027498cc25064ded88d5c1a07875d97&path=//&platform=linux&test_suite_type=unit&modifier_id=0
2025-01-27 19:57:26,2025-01-27,56a1316,3167730,5205278,60.85611565799175,1128476,2232996,50.53640938004367,https://analysis.chromium.org/coverage/p/chromium/dir?host=chromium.googlesource.com&project=chromium/src&ref=refs/heads/main&revision=56a13160ba90c2fd9c68f63d2665e39efe99d411&path=//&platform=linux&test_suite_type=unit&modifier_id=0
2025-01-28 19:56:19,2025-01-28,051bcc8,3167162,5204571,60.85346899869365,1128587,2231414,50.57721247603538,https://analysis.chromium.org/coverage/p/chromium/dir?host=chromium.googlesource.com&project=chromium/src&ref=refs/heads/main&revision=051bcc8499594919501da97807a3a18806348966&path=//&platform=linux&test_suite_type=unit&modifier_id=0
2025-01-29 19:58:10,2025-01-29,0343664,3169074,5206052,60.87288409720072,1129679,2232325,50.60548979203297,https://analysis.chromium.org/coverage/p/chromium/dir?host=chromium.googlesource.com&project=chromium/src&ref=refs/heads/main&revision=034366475dd6709e66ae11d26304998bf65c576e&path=//&platform=linux&test_suite_type=unit&modifier_id=0
2025-01-30 19:44:00,2025-01-30,c9d58ee,3170357,5209106,60.86182542647433,1129695,2233798,50.57283603978515,https://analysis.chromium.org/coverage/p/chromium/dir?host=chromium.googlesource.com&project=chromium/src&ref=refs/heads/main&revision=c9d58eea57cfb472979aa873cff5ee974b21211a&path=//&platform=linux&test_suite_type=unit&modifier_id=0
2025-01-31 19:57:30,2025-01-31,03bc0a5,3171093,5210425,60.86054400552738,1129810,2234154,50.569924902222496,https://analysis.chromium.org/coverage/p/chromium/dir?host=chromium.googlesource.com&project=chromium/src&ref=refs/heads/main&revision=03bc0a568c51d605f2f280e1220fb2fd01a55187&path=//&platform=linux&test_suite_type=unit&modifier_id=0
2025-02-01 19:32:34,2025-02-01,b0b3a9b,3172518,5210619,60.88562606477273,1129880,2234224,50.57147358545965,https://analysis.chromium.org/coverage/p/chromium/dir?host=chromium.googlesource.com&project=chromium/src&ref=refs/heads/main&revision=b0b3a9bfd2762a64e6c3c38b06114bdd92947944&path=//&platform=linux&test_suite_type=unit&modifier_id=0
2025-02-02 19:54:10,2025-02-02,b18b305,3170080,5210635,60.83865018371081,1129045,2234230,50.53396472162669,https://analysis.chromium.org/coverage/p/chromium/dir?host=chromium.googlesource.com&project=chromium/src&ref=refs/heads/main&revision=b18b3059355489335a2f14046d26a63c2ae3d031&path=//&platform=linux&test_suite_type=unit&modifier_id=0
2025-02-03 19:50:46,2025-02-03,7f3d30b,3173326,5212319,60.881269929948644,1130636,2234752,50.59335443037975,https://analysis.chromium.org/coverage/p/chromium/dir?host=chromium.googlesource.com&project=chromium/src&ref=refs/heads/main&revision=7f3d30b9cf97c8a5bc1db73bf6d94e24b8bc9cfd&path=//&platform=linux&test_suite_type=unit&modifier_id=0
2025-02-04 19:58:41,2025-02-04,21792d7,3174854,5214158,60.88910232486242,1131594,2235533,50.61853258261005,https://analysis.chromium.org/coverage/p/chromium/dir?host=chromium.googlesource.com&project=chromium/src&ref=refs/heads/main&revision=21792d77a179cc57a10a49d2ab32bb3d53bf28c8&path=//&platform=linux&test_suite_type=unit&modifier_id=0
2025-02-05 19:56:31,2025-02-05,e3c5fc1,3176115,5213074,60.92595271043534,1131109,2233601,50.64060232781056,https://analysis.chromium.org/coverage/p/chromium/dir?host=chromium.googlesource.com&project=chromium/src&ref=refs/heads/main&revision=e3c5fc1ec869876ec8b70ab24256948249e59e18&path=//&platform=linux&test_suite_type=unit&modifier_id=0
2025-02-06 19:47:37,2025-02-06,9a5cd36,3177007,5209781,60.981584446639886,1130927,2231738,50.67472077815586,https://analysis.chromium.org/coverage/p/chromium/dir?host=chromium.googlesource.com&project=chromium/src&ref=refs/heads/main&revision=9a5cd36ea7ec580d7dffb0e9b4b8e339aae805fe&path=//&platform=linux&test_suite_type=unit&modifier_id=0
2025-02-07 19:52:23,2025-02-07,e6757e0,3176661,5211045,60.96015290599102,1131800,2232367,50.69954895409223,https://analysis.chromium.org/coverage/p/chromium/dir?host=chromium.googlesource.com&project=chromium/src&ref=refs/heads/main&revision=e6757e0a9a6bfb26fc9e0b41d576966809eb677e&path=//&platform=linux&test_suite_type=unit&modifier_id=0
2025-02-08 19:57:29,2025-02-08,21103d8,3176534,5211209,60.955797397494514,1131421,2232453,50.68061903206921,https://analysis.chromium.org/coverage/p/chromium/dir?host=chromium.googlesource.com&project=chromium/src&ref=refs/heads/main&revision=21103d8d797bc67652d87111f8c1e8f5af024111&path=//&platform=linux&test_suite_type=unit&modifier_id=0
2025-02-09 19:39:17,2025-02-09,d806cbd,3178099,5210998,60.98829821082257,1132574,2232399,50.7334934301619,https://analysis.chromium.org/coverage/p/chromium/dir?host=chromium.googlesource.com&project=chromium/src&ref=refs/heads/main&revision=d806cbdab8f329673c18bb1d0e4d6f5af89b243a&path=//&platform=linux&test_suite_type=unit&modifier_id=0
2025-02-10 19:57:40,2025-02-10,7c87235,3177202,5211434,60.965983642889846,1131684,2233519,50.6682056432025,https://analysis.chromium.org/coverage/p/chromium/dir?host=chromium.googlesource.com&project=chromium/src&ref=refs/heads/main&revision=7c8723576ce9eacd602ec8abddbfe8b0ce716608&path=//&platform=linux&test_suite_type=unit&modifier_id=0
2025-02-11 19:51:43,2025-02-11,3e0e149,3178745,5214387,60.961048729217836,1131422,2234458,50.63518759359093,https://analysis.chromium.org/coverage/p/chromium/dir?host=chromium.googlesource.com&project=chromium/src&ref=refs/heads/main&revision=3e0e1496d0d670517c34495b08fb4707877f6d36&path=//&platform=linux&test_suite_type=unit&modifier_id=0
2025-02-12 19:55:50,2025-02-12,dea3f7f,3180237,5215597,60.975512486873505,1132882,2234933,50.689752220760084,https://analysis.chromium.org/coverage/p/chromium/dir?host=chromium.googlesource.com&project=chromium/src&ref=refs/heads/main&revision=dea3f7f78b535482ee02f8fcd262fa4be580cf97&path=//&platform=linux&test_suite_type=unit&modifier_id=0
2025-02-13 19:59:51,2025-02-13,ee2f220,3182303,5217489,60.99299873943194,1133661,2235847,50.70387195546028,https://analysis.chromium.org/coverage/p/chromium/dir?host=chromium.googlesource.com&project=chromium/src&ref=refs/heads/main&revision=ee2f220fe6d1dac0ebc3c7cdab28fff92cff6fa5&path=//&platform=linux&test_suite_type=unit&modifier_id=0
2025-02-14 18:39:50,2025-02-14,8f68ae0,3181303,5219234,60.953446425280035,1132689,2236519,50.64517672329187,https://analysis.chromium.org/coverage/p/chromium/dir?host=chromium.googlesource.com&project=chromium/src&ref=refs/heads/main&revision=8f68ae0dc09483d11056235dd23538a9c1716adb&path=//&platform=linux&test_suite_type=unit&modifier_id=0
2025-02-14 20:00:41,2025-02-14,7073389,3182084,5219234,60.96841030695309,1133361,2236519,50.675223416389485,https://analysis.chromium.org/coverage/p/chromium/dir?host=chromium.googlesource.com&project=chromium/src&ref=refs/heads/main&revision=70733890e6ccd273c88472fd5823612501a5d0fe&path=//&platform=linux&test_suite_type=unit&modifier_id=0
2025-02-16 19:59:39,2025-02-16,adac189,3181895,5219240,60.964719001233895,1132629,2236521,50.6424486959881,https://analysis.chromium.org/coverage/p/chromium/dir?host=chromium.googlesource.com&project=chromium/src&ref=refs/heads/main&revision=adac18905e6434bc2a2a657816bef0baa1e1fea0&path=//&platform=linux&test_suite_type=unit&modifier_id=0
2025-02-17 19:57:14,2025-02-17,218f2e5,3182534,5220155,60.966273989948576,1133504,2236978,50.67121804505901,https://analysis.chromium.org/coverage/p/chromium/dir?host=chromium.googlesource.com&project=chromium/src&ref=refs/heads/main&revision=218f2e5a90bf62e5bfe99aaa83b115f0a6ffcc87&path=//&platform=linux&test_suite_type=unit&modifier_id=0
2025-02-18 19:59:31,2025-02-18,afff9c2,3184999,5221900,60.99310595760164,1134493,2237712,50.698794125428115,https://analysis.chromium.org/coverage/p/chromium/dir?host=chromium.googlesource.com&project=chromium/src&ref=refs/heads/main&revision=afff9c2873ece527c03e495690afdb3d73993359&path=//&platform=linux&test_suite_type=unit&modifier_id=0
2025-02-19 19:59:32,2025-02-19,018dbbe,3185467,5222328,60.99706874022467,1134303,2237788,50.68858176020249,https://analysis.chromium.org/coverage/p/chromium/dir?host=chromium.googlesource.com&project=chromium/src&ref=refs/heads/main&revision=018dbbea853b92f06135d1b5282477d3aadaca4a&path=//&platform=linux&test_suite_type=unit&modifier_id=0
2025-02-20 19:53:12,2025-02-20,f102ae6,3186933,5223254,61.01432172358457,1134919,2238450,50.701110143179434,https://analysis.chromium.org/coverage/p/chromium/dir?host=chromium.googlesource.com&project=chromium/src&ref=refs/heads/main&revision=f102ae6360c028abcfa577457dcffb988d258c29&path=//&platform=linux&test_suite_type=unit&modifier_id=0
2025-02-21 19:55:52,2025-02-21,d0f85f6,3188737,5225722,61.02002747180198,1135315,2239774,50.688819496967106,https://analysis.chromium.org/coverage/p/chromium/dir?host=chromium.googlesource.com&project=chromium/src&ref=refs/heads/main&revision=d0f85f698d67ce07ffb339fa367041019cd3d2c2&path=//&platform=linux&test_suite_type=unit&modifier_id=0
2025-02-22 19:51:17,2025-02-22,4da3a7d,3189160,5225843,61.02670899221427,1135961,2239853,50.715872872014366,https://analysis.chromium.org/coverage/p/chromium/dir?host=chromium.googlesource.com&project=chromium/src&ref=refs/heads/main&revision=4da3a7d119b92422a85457ecfb76264e80ed7ca9&path=//&platform=linux&test_suite_type=unit&modifier_id=0
2025-02-23 19:52:01,2025-02-23,52835ec,3187709,5225884,60.99846456599496,1135665,2239889,50.70184281453233,https://analysis.chromium.org/coverage/p/chromium/dir?host=chromium.googlesource.com&project=chromium/src&ref=refs/heads/main&revision=52835ecdba4b2e9fd9c2901e3296a0cd9cb86777&path=//&platform=linux&test_suite_type=unit&modifier_id=0
2025-02-24 19:47:56,2025-02-24,bc351d7,3189081,5227277,61.00845621917492,1136135,2240478,50.70949145673379,https://analysis.chromium.org/coverage/p/chromium/dir?host=chromium.googlesource.com&project=chromium/src&ref=refs/heads/main&revision=bc351d7210f9c09cf981aa96f7a10957f89492d1&path=//&platform=linux&test_suite_type=unit&modifier_id=0
2025-02-25 19:59:54,2025-02-25,8bf9868,3191905,5228607,61.04694806857735,1137729,2241300,50.762013117387234,https://analysis.chromium.org/coverage/p/chromium/dir?host=chromium.googlesource.com&project=chromium/src&ref=refs/heads/main&revision=8bf98680e59814a513020aa6736ff8fadbe22013&path=//&platform=linux&test_suite_type=unit&modifier_id=0
2025-02-26 19:59:27,2025-02-26,2c4a6b3,3192736,5231082,61.03395052878162,1137630,2241864,50.74482662641445,https://analysis.chromium.org/coverage/p/chromium/dir?host=chromium.googlesource.com&project=chromium/src&ref=refs/heads/main&revision=2c4a6b3005377cfd492e9328d1755e38b8644c8c&path=//&platform=linux&test_suite_type=unit&modifier_id=0
2025-02-27 19:38:25,2025-02-27,25863e6,3193593,5232584,61.0328090289616,1138049,2242412,50.75111085741603,https://analysis.chromium.org/coverage/p/chromium/dir?host=chromium.googlesource.com&project=chromium/src&ref=refs/heads/main&revision=25863e6fb0b4ec3b7f1342a6007b92c16d9136e0&path=//&platform=linux&test_suite_type=unit&modifier_id=0
2025-02-28 19:57:33,2025-02-28,32b1e17,3194112,5234199,61.02389305412347,1138208,2243345,50.737091263269804,https://analysis.chromium.org/coverage/p/chromium/dir?host=chromium.googlesource.com&project=chromium/src&ref=refs/heads/main&revision=32b1e17e9511e012a5b685e680875a7f86f77419&path=//&platform=linux&test_suite_type=unit&modifier_id=0
2025-03-01 19:29:27,2025-03-01,a51f43d,3194806,5234343,61.03547283775633,1138409,2243378,50.745304625435395,https://analysis.chromium.org/coverage/p/chromium/dir?host=chromium.googlesource.com&project=chromium/src&ref=refs/heads/main&revision=a51f43d3a927fabe738830213ef8cc747386ea9f&path=//&platform=linux&test_suite_type=unit&modifier_id=0
2025-03-02 19:56:41,2025-03-02,93f99b8,3193930,5234259,61.019716448880345,1138159,2243342,50.73497487231104,https://analysis.chromium.org/coverage/p/chromium/dir?host=chromium.googlesource.com&project=chromium/src&ref=refs/heads/main&revision=93f99b887ef71b332f19a3cd42a7a337b0a05132&path=//&platform=linux&test_suite_type=unit&modifier_id=0
2025-03-03 19:53:26,2025-03-03,a574383,3194135,5235705,61.006779411750664,1138021,2244233,50.70868310019503,https://analysis.chromium.org/coverage/p/chromium/dir?host=chromium.googlesource.com&project=chromium/src&ref=refs/heads/main&revision=a574383a0a2aae342e32f63fcf79061fbc34eace&path=//&platform=linux&test_suite_type=unit&modifier_id=0
2025-03-04 19:53:45,2025-03-04,c462c51,3195073,5237412,61.0048054268024,1138887,2244896,50.73228336635639,https://analysis.chromium.org/coverage/p/chromium/dir?host=chromium.googlesource.com&project=chromium/src&ref=refs/heads/main&revision=c462c511fdfe338a178ffba0deccec7a8c68f7e8&path=//&platform=linux&test_suite_type=unit&modifier_id=0
2025-03-05 19:48:15,2025-03-05,632d245,3196762,5238760,61.0213485634005,1139550,2245487,50.748456793559704,https://analysis.chromium.org/coverage/p/chromium/dir?host=chromium.googlesource.com&project=chromium/src&ref=refs/heads/main&revision=632d24554ffe5d96c72626fdd8c96997ff14e3ab&path=//&platform=linux&test_suite_type=unit&modifier_id=0
2025-03-06 19:57:21,2025-03-06,5e05c93,3197779,5240608,61.01923669925321,1139547,2246444,50.72670407096727,https://analysis.chromium.org/coverage/p/chromium/dir?host=chromium.googlesource.com&project=chromium/src&ref=refs/heads/main&revision=5e05c93f8cbfa3eded8b5a81905eb8f5d1018c0e&path=//&platform=linux&test_suite_type=unit&modifier_id=0
2025-03-07 19:57:42,2025-03-07,0bdb23e,3198290,5241951,61.01335170817125,1139114,2245484,50.729107844901144,https://analysis.chromium.org/coverage/p/chromium/dir?host=chromium.googlesource.com&project=chromium/src&ref=refs/heads/main&revision=0bdb23e7b21bcdfc1b485ecc4b15db2c074408ea&path=//&platform=linux&test_suite_type=unit&modifier_id=0
2025-03-08 19:37:09,2025-03-08,eea566d,3199537,5241973,61.03688439448276,1139879,2245490,50.76304058356973,https://analysis.chromium.org/coverage/p/chromium/dir?host=chromium.googlesource.com&project=chromium/src&ref=refs/heads/main&revision=eea566d61792465621b54f81b27458caac96f5be&path=//&platform=linux&test_suite_type=unit&modifier_id=0
2025-03-09 19:43:05,2025-03-09,c565cde,3198221,5241769,61.01415380952499,1139208,2245422,50.73469485914006,https://analysis.chromium.org/coverage/p/chromium/dir?host=chromium.googlesource.com&project=chromium/src&ref=refs/heads/main&revision=c565cdee3140c7b22e3cb2a591446067c221660d&path=//&platform=linux&test_suite_type=unit&modifier_id=0
2025-03-10 19:46:45,2025-03-10,4aeb583,3200457,5242716,61.04578237692066,1140514,2245898,50.7820925082083,https://analysis.chromium.org/coverage/p/chromium/dir?host=chromium.googlesource.com&project=chromium/src&ref=refs/heads/main&revision=4aeb583033a2b018e77a82ab90dba3a4bdcf1229&path=//&platform=linux&test_suite_type=unit&modifier_id=0
2025-03-11 19:44:59,2025-03-11,5ebb056,3200918,5244402,61.03494735910786,1140145,2246751,50.746388896677914,https://analysis.chromium.org/coverage/p/chromium/dir?host=chromium.googlesource.com&project=chromium/src&ref=refs/heads/main&revision=5ebb0564593ef4c2be8b09461756bd9c9d6ca451&path=//&platform=linux&test_suite_type=unit&modifier_id=0
2025-03-12 19:39:47,2025-03-12,0c8b464,3202070,5246143,61.03665111683002,1140126,2247155,50.73642005113132,https://analysis.chromium.org/coverage/p/chromium/dir?host=chromium.googlesource.com&project=chromium/src&ref=refs/heads/main&revision=0c8b464d49f98bf02d03faaf4aee8d1ee2a2e73d&path=//&platform=linux&test_suite_type=unit&modifier_id=0
2025-03-13 19:55:13,2025-03-13,5be7d91,3206228,5248807,61.08489033793774,1142189,2248370,50.80075788237701,https://analysis.chromium.org/coverage/p/chromium/dir?host=chromium.googlesource.com&project=chromium/src&ref=refs/heads/main&revision=5be7d91546d433bb9e4ff42f4ad0228d2cf6537f&path=//&platform=linux&test_suite_type=unit&modifier_id=0
2025-03-14 19:58:11,2025-03-14,74a3dd2,3204392,5249852,61.03775877872366,1141115,2248801,50.743262743124,https://analysis.chromium.org/coverage/p/chromium/dir?host=chromium.googlesource.com&project=chromium/src&ref=refs/heads/main&revision=74a3dd22fc64d0f865437d392445e6d094f6334d&path=//&platform=linux&test_suite_type=unit&modifier_id=0
2025-03-15 19:48:25,2025-03-15,685eb0e,3203516,5249671,61.02317650001305,1140260,2248692,50.70770029866251,https://analysis.chromium.org/coverage/p/chromium/dir?host=chromium.googlesource.com&project=chromium/src&ref=refs/heads/main&revision=685eb0eb03061315458a8c6a88e4f9973f378d0b&path=//&platform=linux&test_suite_type=unit&modifier_id=0
2025-03-16 19:55:57,2025-03-16,c848b88,3203944,5249966,61.02789999020946,1141308,2248828,50.75123575480206,https://analysis.chromium.org/coverage/p/chromium/dir?host=chromium.googlesource.com&project=chromium/src&ref=refs/heads/main&revision=c848b883f4d9488e9c791c1f4ec53d865f2f9c2e&path=//&platform=linux&test_suite_type=unit&modifier_id=0
2025-03-17 19:50:37,2025-03-17,806991b,3202748,5248590,61.021112336837135,1139752,2247959,50.70163646223085,https://analysis.chromium.org/coverage/p/chromium/dir?host=chromium.googlesource.com&project=chromium/src&ref=refs/heads/main&revision=806991b2ecb76eaa558a182428b077ce266bf183&path=//&platform=linux&test_suite_type=unit&modifier_id=0
2025-03-18 19:55:11,2025-03-18,8836c36,3203338,5249555,61.021134172325084,1140746,2248492,50.733825159262295,https://analysis.chromium.org/coverage/p/chromium/dir?host=chromium.googlesource.com&project=chromium/src&ref=refs/heads/main&revision=8836c36865e41ab34afbef0509e94e74ddf2aad1&path=//&platform=linux&test_suite_type=unit&modifier_id=0
2025-03-19 19:56:03,2025-03-19,156138f,3205270,5251926,61.0303724766876,1141095,2249542,50.72565882299597,https://analysis.chromium.org/coverage/p/chromium/dir?host=chromium.googlesource.com&project=chromium/src&ref=refs/heads/main&revision=156138f5c104ae481424c76698ff1bac332be3e5&path=//&platform=linux&test_suite_type=unit&modifier_id=0
2025-03-20 19:55:41,2025-03-20,354143d,3207042,5254061,61.03929893467168,1141902,2250814,50.73284598371967,https://analysis.chromium.org/coverage/p/chromium/dir?host=chromium.googlesource.com&project=chromium/src&ref=refs/heads/main&revision=354143d5db1344f5eafbdd511370f5643944d5c6&path=//&platform=linux&test_suite_type=unit&modifier_id=0
2025-03-21 19:50:47,2025-03-21,9bdc057,3206489,5255728,61.009416773470775,1141821,2251541,50.71286732064839,https://analysis.chromium.org/coverage/p/chromium/dir?host=chromium.googlesource.com&project=chromium/src&ref=refs/heads/main&revision=9bdc05711b747c153b2aec321a1c30a314a226cb&path=//&platform=linux&test_suite_type=unit&modifier_id=0
2025-03-22 19:48:26,2025-03-22,a079592,3206640,5255871,61.01062982710192,1141803,2251663,50.70932017801953,https://analysis.chromium.org/coverage/p/chromium/dir?host=chromium.googlesource.com&project=chromium/src&ref=refs/heads/main&revision=a0795925b7c24deaf734cafe118f5a3865678540&path=//&platform=linux&test_suite_type=unit&modifier_id=0
2025-03-23 19:29:13,2025-03-23,1599e82,3208697,5255943,61.04893070567927,1143141,2251624,50.7696222815177,https://analysis.chromium.org/coverage/p/chromium/dir?host=chromium.googlesource.com&project=chromium/src&ref=refs/heads/main&revision=1599e8211fa4594aea24e57052ca53ce5d070dcc&path=//&platform=linux&test_suite_type=unit&modifier_id=0
2025-03-24 19:49:52,2025-03-24,3e8dca9,3206318,5256039,61.0025534437625,1141972,2252092,50.70716471618388,https://analysis.chromium.org/coverage/p/chromium/dir?host=chromium.googlesource.com&project=chromium/src&ref=refs/heads/main&revision=3e8dca91ea8cc7ebc350d759cb3ea49abfbb28ce&path=//&platform=linux&test_suite_type=unit&modifier_id=0
2025-03-25 19:59:34,2025-03-25,de17170,3209260,5257407,61.0426394608597,1142968,2252796,50.7355304253026,https://analysis.chromium.org/coverage/p/chromium/dir?host=chromium.googlesource.com&project=chromium/src&ref=refs/heads/main&revision=de17170f9ef0643dabbb8ceadb3d92953793450d&path=//&platform=linux&test_suite_type=unit&modifier_id=0
2025-03-26 19:35:33,2025-03-26,e102511,3210010,5259138,61.036808693744106,1143783,2253625,50.753031227466856,https://analysis.chromium.org/coverage/p/chromium/dir?host=chromium.googlesource.com&project=chromium/src&ref=refs/heads/main&revision=e102511131e16058c0b2cd51be6427b3dcdc0db6&path=//&platform=linux&test_suite_type=unit&modifier_id=0
2025-03-27 19:55:18,2025-03-27,3613d42,3211109,5261777,61.02708267568162,1143875,2255494,50.715053997040116,https://analysis.chromium.org/coverage/p/chromium/dir?host=chromium.googlesource.com&project=chromium/src&ref=refs/heads/main&revision=3613d42190eb3fd0bfef9368ac54614d729e8e8e&path=//&platform=linux&test_suite_type=unit&modifier_id=0
2025-03-28 19:51:44,2025-03-28,b7a58e0,3212507,5263458,61.034152832605486,1143072,2255984,50.668444457052885,https://analysis.chromium.org/coverage/p/chromium/dir?host=chromium.googlesource.com&project=chromium/src&ref=refs/heads/main&revision=b7a58e058603b5ba4de5a853ffb1dff4be19d344&path=//&platform=linux&test_suite_type=unit&modifier_id=0
2025-03-29 19:59:43,2025-03-29,4417925,3212433,5264011,61.02633524132074,1143684,2256093,50.69312302285411,https://analysis.chromium.org/coverage/p/chromium/dir?host=chromium.googlesource.com&project=chromium/src&ref=refs/heads/main&revision=4417925551a15dda8760b92c3465d140949371e5&path=//&platform=linux&test_suite_type=unit&modifier_id=0
2025-03-30 19:52:38,2025-03-30,9952833,3212249,5264037,61.022538405410145,1143628,2256123,50.689966814752566,https://analysis.chromium.org/coverage/p/chromium/dir?host=chromium.googlesource.com&project=chromium/src&ref=refs/heads/main&revision=99528339fbb7ac1a6d7f898aa66b1ee73d8fc6a3&path=//&platform=linux&test_suite_type=unit&modifier_id=0
2025-03-31 19:58:18,2025-03-31,44e54de,3214399,5265391,61.04767908024304,1145233,2256711,50.74788043307273,https://analysis.chromium.org/coverage/p/chromium/dir?host=chromium.googlesource.com&project=chromium/src&ref=refs/heads/main&revision=44e54de5301ffb71a2eb05b11eb7421ad107b3d0&path=//&platform=linux&test_suite_type=unit&modifier_id=0
2025-04-01 19:58:58,2025-04-01,28165ef,3213002,5265519,61.01966396854707,1144034,2256596,50.697333505864584,https://analysis.chromium.org/coverage/p/chromium/dir?host=chromium.googlesource.com&project=chromium/src&ref=refs/heads/main&revision=28165ef7fe760e536435fcd6872f1dfbf4a33a7a&path=//&platform=linux&test_suite_type=unit&modifier_id=0
2025-04-02 19:52:42,2025-04-02,34999f1,3214947,5268857,61.01792096464186,1145145,2257929,50.716608006717664,https://analysis.chromium.org/coverage/p/chromium/dir?host=chromium.googlesource.com&project=chromium/src&ref=refs/heads/main&revision=34999f1c798e4f0dbcc7fcd21b0dd10d50fab220&path=//&platform=linux&test_suite_type=unit&modifier_id=0
2025-04-03 19:55:53,2025-04-03,eebd3ff,3215309,5271216,60.997481416052764,1144581,2258678,50.67481951832001,https://analysis.chromium.org/coverage/p/chromium/dir?host=chromium.googlesource.com&project=chromium/src&ref=refs/heads/main&revision=eebd3ffa48b38b3b351f50b400e4d3f1473526f2&path=//&platform=linux&test_suite_type=unit&modifier_id=0
2025-04-04 19:59:08,2025-04-04,438e714,3215232,5271953,60.98749362902135,1145053,2259050,50.68736858413935,https://analysis.chromium.org/coverage/p/chromium/dir?host=chromium.googlesource.com&project=chromium/src&ref=refs/heads/main&revision=438e714f0645c40999bfc4a064c95882f08e7757&path=//&platform=linux&test_suite_type=unit&modifier_id=0
2025-04-05 19:33:18,2025-04-05,b6a0e00,3214607,5272270,60.97197222448774,1144715,2259142,50.67034298862134,https://analysis.chromium.org/coverage/p/chromium/dir?host=chromium.googlesource.com&project=chromium/src&ref=refs/heads/main&revision=b6a0e007e2e543a3d77226a228544e17d4a4b3e2&path=//&platform=linux&test_suite_type=unit&modifier_id=0
2025-04-06 19:54:41,2025-04-06,74f899a,3216706,5272281,61.01165700386607,1145687,2259143,50.71334572446277,https://analysis.chromium.org/coverage/p/chromium/dir?host=chromium.googlesource.com&project=chromium/src&ref=refs/heads/main&revision=74f899ab2c65bb99dab31c0369e0f9e908ff722c&path=//&platform=linux&test_suite_type=unit&modifier_id=0
2025-04-07 19:55:58,2025-04-07,5d1122a,3215336,5274067,60.96501997414898,1145516,2259879,50.68926256671264,https://analysis.chromium.org/coverage/p/chromium/dir?host=chromium.googlesource.com&project=chromium/src&ref=refs/heads/main&revision=5d1122a860bd8d228dc55f50e906fd0ba6746849&path=//&platform=linux&test_suite_type=unit&modifier_id=0
2025-04-08 19:57:14,2025-04-08,43d490a,3216081,5277825,60.93572636455358,1145080,2260123,50.664499233006346,https://analysis.chromium.org/coverage/p/chromium/dir?host=chromium.googlesource.com&project=chromium/src&ref=refs/heads/main&revision=43d490acb906fb73374d48974257620437a50b2a&path=//&platform=linux&test_suite_type=unit&modifier_id=0
2025-04-09 19:56:44,2025-04-09,3949375,3217613,5279197,60.9489094648296,1146190,2260792,50.69860473674712,https://analysis.chromium.org/coverage/p/chromium/dir?host=chromium.googlesource.com&project=chromium/src&ref=refs/heads/main&revision=394937587b05a0d1eb7d67bf7db25e6d1d03b182&path=//&platform=linux&test_suite_type=unit&modifier_id=0
2025-04-10 19:56:18,2025-04-10,5516d90,3220244,5286022,60.91998860390668,1147478,2261761,50.73383085127031,https://analysis.chromium.org/coverage/p/chromium/dir?host=chromium.googlesource.com&project=chromium/src&ref=refs/heads/main&revision=5516d908843c43e1eff7f434648db661ce4d6002&path=//&platform=linux&test_suite_type=unit&modifier_id=0
2025-04-11 19:54:04,2025-04-11,07c9826,3219630,5286916,60.89807365957772,1146928,2262447,50.69413780742709,https://analysis.chromium.org/coverage/p/chromium/dir?host=chromium.googlesource.com&project=chromium/src&ref=refs/heads/main&revision=07c98262d5cb52820f7e83e29f53c2b0bc5725ab&path=//&platform=linux&test_suite_type=unit&modifier_id=0
2025-04-12 19:36:30,2025-04-12,07918d4,3218564,5286916,60.877910676091695,1145959,2262447,50.65130807484109,https://analysis.chromium.org/coverage/p/chromium/dir?host=chromium.googlesource.com&project=chromium/src&ref=refs/heads/main&revision=07918d4457357623b5234f13ebeda35dff49e75f&path=//&platform=linux&test_suite_type=unit&modifier_id=0
2025-04-13 19:27:15,2025-04-13,2793a5b,3220353,5287050,60.91020512384033,1147065,2262525,50.69844532104618,https://analysis.chromium.org/coverage/p/chromium/dir?host=chromium.googlesource.com&project=chromium/src&ref=refs/heads/main&revision=2793a5b74339baac3cc6a9e39bda997ea4904eb4&path=//&platform=linux&test_suite_type=unit&modifier_id=0
2025-04-14 19:55:08,2025-04-14,d367243,3220709,5289537,60.88829702864353,1147522,2263800,50.69007862885414,https://analysis.chromium.org/coverage/p/chromium/dir?host=chromium.googlesource.com&project=chromium/src&ref=refs/heads/main&revision=d367243766c6561382619010aa99dfd7ca760038&path=//&platform=linux&test_suite_type=unit&modifier_id=0
2025-04-15 19:12:18,2025-04-15,27c7fe7,3221024,5289703,60.89234121462018,1147297,2263738,50.68152763261473,https://analysis.chromium.org/coverage/p/chromium/dir?host=chromium.googlesource.com&project=chromium/src&ref=refs/heads/main&revision=27c7fe778d6af5556f2d32b1dcae2611e6d602e9&path=//&platform=linux&test_suite_type=unit&modifier_id=0
2025-04-16 19:54:46,2025-04-16,4b1a486,3222121,5286908,60.94528219518857,1147332,2262994,50.69973672046855,https://analysis.chromium.org/coverage/p/chromium/dir?host=chromium.googlesource.com&project=chromium/src&ref=refs/heads/main&revision=4b1a486ffea5fe76265428e2a5bd5001a6c71471&path=//&platform=linux&test_suite_type=unit&modifier_id=0
2025-04-17 19:59:36,2025-04-17,afdc0b5,3222909,5286872,60.960602034624635,1147951,2262985,50.72729160820774,https://analysis.chromium.org/coverage/p/chromium/dir?host=chromium.googlesource.com&project=chromium/src&ref=refs/heads/main&revision=afdc0b51e5d8d4f8d0a33fbd013e9ae0c232bca4&path=//&platform=linux&test_suite_type=unit&modifier_id=0
2025-04-18 19:49:20,2025-04-18,7de363e,3222896,5286507,60.9645650710384,1148077,2263060,50.731178139333466,https://analysis.chromium.org/coverage/p/chromium/dir?host=chromium.googlesource.com&project=chromium/src&ref=refs/heads/main&revision=7de363ed8146d18e5dabe21a1fcba5c43ffd3c56&path=//&platform=linux&test_suite_type=unit&modifier_id=0
2025-04-19 19:58:50,2025-04-19,0c73ef6,3221904,5286495,60.945938660681605,1148652,2262998,50.75797680775679,https://analysis.chromium.org/coverage/p/chromium/dir?host=chromium.googlesource.com&project=chromium/src&ref=refs/heads/main&revision=0c73ef61c8370255e02fa5ed8e6387cb3fa9df32&path=//&platform=linux&test_suite_type=unit&modifier_id=0
2025-04-20 19:59:10,2025-04-20,3bc4ade,3222684,5286630,60.95913653877801,1148245,2263139,50.73683057028313,https://analysis.chromium.org/coverage/p/chromium/dir?host=chromium.googlesource.com&project=chromium/src&ref=refs/heads/main&revision=3bc4adef716b4af295d4f54ce62990214809be52&path=//&platform=linux&test_suite_type=unit&modifier_id=0
2025-04-21 19:55:34,2025-04-21,98e4570,3221937,5287969,60.92957428456937,1148106,2263647,50.71930384905421,https://analysis.chromium.org/coverage/p/chromium/dir?host=chromium.googlesource.com&project=chromium/src&ref=refs/heads/main&revision=98e4570474596a6f1d23734c80150104a032d3ec&path=//&platform=linux&test_suite_type=unit&modifier_id=0
2025-04-22 19:51:36,2025-04-22,9b60bfb,3223861,5289826,60.944556588439774,1148646,2264062,50.733857995054905,https://analysis.chromium.org/coverage/p/chromium/dir?host=chromium.googlesource.com&project=chromium/src&ref=refs/heads/main&revision=9b60bfb88cd2c493c105ef676e80c59a9e102ede&path=//&platform=linux&test_suite_type=unit&modifier_id=0
2025-04-23 19:59:50,2025-04-23,4b9510c,3223758,5291344,60.92512601713289,1148417,2264633,50.7109540486251,https://analysis.chromium.org/coverage/p/chromium/dir?host=chromium.googlesource.com&project=chromium/src&ref=refs/heads/main&revision=4b9510ca48d0928709e8ad567d28d4fac4f68db5&path=//&platform=linux&test_suite_type=unit&modifier_id=0
2025-04-24 19:52:00,2025-04-24,7372be1,3224643,5293790,60.91369321412447,1148459,2265882,50.684854727651306,https://analysis.chromium.org/coverage/p/chromium/dir?host=chromium.googlesource.com&project=chromium/src&ref=refs/heads/main&revision=7372be1b23a04abff32d61596954dd874e2327cb&path=//&platform=linux&test_suite_type=unit&modifier_id=0
2025-04-25 19:42:10,2025-04-25,c01d04a,3226956,5295667,60.93578013874362,1149401,2266612,50.710090655127566,https://analysis.chromium.org/coverage/p/chromium/dir?host=chromium.googlesource.com&project=chromium/src&ref=refs/heads/main&revision=c01d04ad74c6e01eb7e94a64938f332d4f3db925&path=//&platform=linux&test_suite_type=unit&modifier_id=0
2025-04-26 19:00:34,2025-04-26,c44eaa4,3226766,5295744,60.9313063471346,1150024,2266643,50.73688269392225,https://analysis.chromium.org/coverage/p/chromium/dir?host=chromium.googlesource.com&project=chromium/src&ref=refs/heads/main&revision=c44eaa4f7a4174d79b7a49ea4cd454910821a9aa&path=//&platform=linux&test_suite_type=unit&modifier_id=0
2025-04-27 19:41:19,2025-04-27,a6c96ea,3228183,5295696,60.95861620455555,1151210,2266637,50.78934121343647,https://analysis.chromium.org/coverage/p/chromium/dir?host=chromium.googlesource.com&project=chromium/src&ref=refs/heads/main&revision=a6c96ea0f4e85a2b924b04a5c263cebfe12a86c4&path=//&platform=linux&test_suite_type=unit&modifier_id=0
2025-04-28 19:34:15,2025-04-28,50eccc6,3228714,5298029,60.94179552433556,1150666,2267571,50.744430935128385,https://analysis.chromium.org/coverage/p/chromium/dir?host=chromium.googlesource.com&project=chromium/src&ref=refs/heads/main&revision=50eccc61c692de70aad0a2025a005d486f24c2e3&path=//&platform=linux&test_suite_type=unit&modifier_id=0
2025-04-29 19:59:14,2025-04-29,afd9dd1,3230153,5298447,60.964146664107425,1150559,2267780,50.735036026422314,https://analysis.chromium.org/coverage/p/chromium/dir?host=chromium.googlesource.com&project=chromium/src&ref=refs/heads/main&revision=afd9dd11d30c6d0c8eceba46b20ba2ab3aa98d29&path=//&platform=linux&test_suite_type=unit&modifier_id=0
2025-04-30 19:52:37,2025-04-30,0eebbc2,3230544,5300008,60.95356837197227,1151090,2268467,50.743078916290166,https://analysis.chromium.org/coverage/p/chromium/dir?host=chromium.googlesource.com&project=chromium/src&ref=refs/heads/main&revision=0eebbc236620fd680660c61b3a2febfaa7267c3b&path=//&platform=linux&test_suite_type=unit&modifier_id=0
2025-05-01 19:50:50,2025-05-01,9762378,3232754,5301734,60.975409177450246,1151858,2269891,50.74507982982443,https://analysis.chromium.org/coverage/p/chromium/dir?host=chromium.googlesource.com&project=chromium/src&ref=refs/heads/main&revision=97623785951284179acb0013fd8148ac5ea5256a&path=//&platform=linux&test_suite_type=unit&modifier_id=0
2025-05-02 19:50:26,2025-05-02,a13fde3,3231447,5302891,60.937458454265794,1151634,2270409,50.72363613780601,https://analysis.chromium.org/coverage/p/chromium/dir?host=chromium.googlesource.com&project=chromium/src&ref=refs/heads/main&revision=a13fde3d81b0d00b8a80a01c0d1364ff7afe783a&path=//&platform=linux&test_suite_type=unit&modifier_id=0
2025-05-03 19:46:12,2025-05-03,15cdfcf,3233302,5302935,60.971933467032876,1153240,2270405,50.79446178104787,https://analysis.chromium.org/coverage/p/chromium/dir?host=chromium.googlesource.com&project=chromium/src&ref=refs/heads/main&revision=15cdfcf57f7493352c567ab43801c7245ddaeb29&path=//&platform=linux&test_suite_type=unit&modifier_id=0
2025-05-04 19:17:33,2025-05-04,d5c0cec,3233764,5303067,60.979127738721765,1153799,2270466,50.817717596299616,https://analysis.chromium.org/coverage/p/chromium/dir?host=chromium.googlesource.com&project=chromium/src&ref=refs/heads/main&revision=d5c0cec8d02e65d1717c6fd3746c2e8aac2c4735&path=//&platform=linux&test_suite_type=unit&modifier_id=0
2025-05-05 19:58:43,2025-05-05,fa7f33c,3233557,5304037,60.96407321442139,1153136,2270875,50.779369185886495,https://analysis.chromium.org/coverage/p/chromium/dir?host=chromium.googlesource.com&project=chromium/src&ref=refs/heads/main&revision=fa7f33c86711728a155a15af2b004274e681ce03&path=//&platform=linux&test_suite_type=unit&modifier_id=0
2025-05-06 19:59:38,2025-05-06,75b08d7,3233500,5305825,60.94245475491559,1152987,2272047,50.74661747754338,https://analysis.chromium.org/coverage/p/chromium/dir?host=chromium.googlesource.com&project=chromium/src&ref=refs/heads/main&revision=75b08d7899f4fa84de538535ae56bd51884285d5&path=//&platform=linux&test_suite_type=unit&modifier_id=0
2025-05-07 19:58:46,2025-05-07,7a83b02,3234996,5298082,61.059757097002276,1153465,2268429,50.84862695724662,https://analysis.chromium.org/coverage/p/chromium/dir?host=chromium.googlesource.com&project=chromium/src&ref=refs/heads/main&revision=7a83b02fddfdab039800749c2358e73d50b63780&path=//&platform=linux&test_suite_type=unit&modifier_id=0
2025-05-08 19:58:36,2025-05-08,8b0fbe5,3234871,5299668,61.03912546974641,1153181,2269125,50.82051451550708,https://analysis.chromium.org/coverage/p/chromium/dir?host=chromium.googlesource.com&project=chromium/src&ref=refs/heads/main&revision=8b0fbe5a0f450fcec39690a5bb71644713ea2e86&path=//&platform=linux&test_suite_type=unit&modifier_id=0
2025-05-09 19:46:32,2025-05-09,5f7a401,3236729,5302606,61.04034506806653,1154284,2270474,50.838899718737146,https://analysis.chromium.org/coverage/p/chromium/dir?host=chromium.googlesource.com&project=chromium/src&ref=refs/heads/main&revision=5f7a4010a474f43254cb8b748624cc6f2cbfd1c7&path=//&platform=linux&test_suite_type=unit&modifier_id=0
2025-05-10 19:26:47,2025-05-10,4e4cfaa,3238159,5302719,61.06601160649848,1155480,2270576,50.88928976612102,https://analysis.chromium.org/coverage/p/chromium/dir?host=chromium.googlesource.com&project=chromium/src&ref=refs/heads/main&revision=4e4cfaaecb1ff43003ac8178f64543918337325d&path=//&platform=linux&test_suite_type=unit&modifier_id=0
2025-05-12 19:52:28,2025-05-12,170aba1,3236834,5303821,61.02834164275152,1153537,2271156,50.79074268786468,https://analysis.chromium.org/coverage/p/chromium/dir?host=chromium.googlesource.com&project=chromium/src&ref=refs/heads/main&revision=170aba132ccbc47ed73b59df164cd5f8c98876dd&path=//&platform=linux&test_suite_type=unit&modifier_id=0
2025-05-13 19:56:15,2025-05-13,2742436,3236496,5306301,60.99344910889902,1153477,2272223,50.764251572138825,https://analysis.chromium.org/coverage/p/chromium/dir?host=chromium.googlesource.com&project=chromium/src&ref=refs/heads/main&revision=274243632d0c927460706ca04f3c3e605d43b9c2&path=//&platform=linux&test_suite_type=unit&modifier_id=0
2025-05-14 19:54:59,2025-05-14,35e9651,3238065,5307411,61.01025528266042,1155143,2272797,50.82473269720085,https://analysis.chromium.org/coverage/p/chromium/dir?host=chromium.googlesource.com&project=chromium/src&ref=refs/heads/main&revision=35e96510ff321fc81e1dee2e666be935fee27fb3&path=//&platform=linux&test_suite_type=unit&modifier_id=0
2025-05-15 19:48:19,2025-05-15,91e6de6,3238549,5309295,60.99772191976524,1155511,2273807,50.81834122245204,https://analysis.chromium.org/coverage/p/chromium/dir?host=chromium.googlesource.com&project=chromium/src&ref=refs/heads/main&revision=91e6de673464751377e84836b7d7d67d947aace2&path=//&platform=linux&test_suite_type=unit&modifier_id=0
2025-05-16 19:35:15,2025-05-16,2b7f1fc,3238045,5310386,60.97569931827931,1154987,2274570,50.77825698923313,https://analysis.chromium.org/coverage/p/chromium/dir?host=chromium.googlesource.com&project=chromium/src&ref=refs/heads/main&revision=2b7f1fcd7cbed1391754b19cd2e5253c0e1b1d83&path=//&platform=linux&test_suite_type=unit&modifier_id=0
2025-05-17 19:07:01,2025-05-17,50ea347,3238990,5310336,60.99406892520549,1155322,2274599,50.79233746255933,https://analysis.chromium.org/coverage/p/chromium/dir?host=chromium.googlesource.com&project=chromium/src&ref=refs/heads/main&revision=50ea347fcd2e73fa9966ad5c22191134b1abe01e&path=//&platform=linux&test_suite_type=unit&modifier_id=0
2025-05-18 19:36:34,2025-05-18,d65a5ee,3238862,5310496,60.98982091315011,1155387,2274673,50.79354263228165,https://analysis.chromium.org/coverage/p/chromium/dir?host=chromium.googlesource.com&project=chromium/src&ref=refs/heads/main&revision=d65a5ee19a910526762ba2561f020a5295bc1547&path=//&platform=linux&test_suite_type=unit&modifier_id=0
2025-05-19 19:48:12,2025-05-19,c89ca32,3241844,5313293,61.01383831081779,1156504,2275763,50.81829698435206,https://analysis.chromium.org/coverage/p/chromium/dir?host=chromium.googlesource.com&project=chromium/src&ref=refs/heads/main&revision=c89ca3267f93966b53d212ada6baf989ca17ed09&path=//&platform=linux&test_suite_type=unit&modifier_id=0
2025-05-20 19:58:39,2025-05-20,ebce36d,3248669,5350958,60.71191364237955,1158743,2286526,50.67700957697398,https://analysis.chromium.org/coverage/p/chromium/dir?host=chromium.googlesource.com&project=chromium/src&ref=refs/heads/main&revision=ebce36d84c639153a6c4830a356e48480c766b2a&path=//&platform=linux&test_suite_type=unit&modifier_id=0
2025-05-21 19:54:35,2025-05-21,918b47f,3243673,5317851,60.99593614036949,1157059,2277728,50.79882233523933,https://analysis.chromium.org/coverage/p/chromium/dir?host=chromium.googlesource.com&project=chromium/src&ref=refs/heads/main&revision=918b47ff10eaaed2312cb07b44537b7f277fd255&path=//&platform=linux&test_suite_type=unit&modifier_id=0
2025-05-22 19:59:29,2025-05-22,f792e63,3243752,5320326,60.96904588177491,1156682,2278911,50.7559092917626,https://analysis.chromium.org/coverage/p/chromium/dir?host=chromium.googlesource.com&project=chromium/src&ref=refs/heads/main&revision=f792e638e042a31818195792b08de9c159a9b937&path=//&platform=linux&test_suite_type=unit&modifier_id=0
2025-05-23 19:52:03,2025-05-23,dd9b84e,3245614,5321416,60.99154811426132,1157831,2279583,50.79135087426077,https://analysis.chromium.org/coverage/p/chromium/dir?host=chromium.googlesource.com&project=chromium/src&ref=refs/heads/main&revision=dd9b84eb1c91743c0b943804b9bf53dad2405b37&path=//&platform=linux&test_suite_type=unit&modifier_id=0
2025-05-24 19:00:47,2025-05-24,96868c8,3245241,5321325,60.985581598568025,1156900,2279559,50.751044390603624,https://analysis.chromium.org/coverage/p/chromium/dir?host=chromium.googlesource.com&project=chromium/src&ref=refs/heads/main&revision=96868c8887bce31db7faef75b818b7f2939ea400&path=//&platform=linux&test_suite_type=unit&modifier_id=0
2025-05-25 19:53:16,2025-05-25,23404ce,3246066,5321418,61.00001916782331,1157713,2279633,50.78506057773335,https://analysis.chromium.org/coverage/p/chromium/dir?host=chromium.googlesource.com&project=chromium/src&ref=refs/heads/main&revision=23404ce957e2d10899ec94d070f8de5eb88fb081&path=//&platform=linux&test_suite_type=unit&modifier_id=0
2025-05-27 19:59:21,2025-05-27,ecc335e,3249918,5334243,60.925570882316386,1159282,2285532,50.72263262995224,https://analysis.chromium.org/coverage/p/chromium/dir?host=chromium.googlesource.com&project=chromium/src&ref=refs/heads/main&revision=ecc335ecca512e8cf1d467d55125bbd3ba57b0b5&path=//&platform=linux&test_suite_type=unit&modifier_id=0
2025-05-28 19:57:09,2025-05-28,6e48cdc,3249701,5335317,60.90923931980049,1159570,2286154,50.7214299649105,https://analysis.chromium.org/coverage/p/chromium/dir?host=chromium.googlesource.com&project=chromium/src&ref=refs/heads/main&revision=6e48cdcbc4d58885e7f9c3095a4de59dd68f414f&path=//&platform=linux&test_suite_type=unit&modifier_id=0
2025-05-29 19:55:34,2025-05-29,8cc6745,3249120,5336843,60.880936538699004,1158937,2286696,50.68172594870503,https://analysis.chromium.org/coverage/p/chromium/dir?host=chromium.googlesource.com&project=chromium/src&ref=refs/heads/main&revision=8cc674589b7f1d61a8bad46e75efa9c0b50f03f0&path=//&platform=linux&test_suite_type=unit&modifier_id=0
2025-05-30 19:56:12,2025-05-30,4019263,3250059,5338131,60.88383743298919,1159811,2287487,50.70240836341365,https://analysis.chromium.org/coverage/p/chromium/dir?host=chromium.googlesource.com&project=chromium/src&ref=refs/heads/main&revision=401926310054459337be64b2d72db8f0ed878b19&path=//&platform=linux&test_suite_type=unit&modifier_id=0
2025-05-31 19:49:08,2025-05-31,d52d2ff,3248923,5337892,60.865281650509225,1158547,2287443,50.648125439628444,https://analysis.chromium.org/coverage/p/chromium/dir?host=chromium.googlesource.com&project=chromium/src&ref=refs/heads/main&revision=d52d2ffa840375d19e8669155698adc6d79ffd3f&path=//&platform=linux&test_suite_type=unit&modifier_id=0
2025-06-01 19:24:25,2025-06-01,2afd0e5,3249829,5337905,60.88210636944644,1159455,2287477,50.68706701750444,https://analysis.chromium.org/coverage/p/chromium/dir?host=chromium.googlesource.com&project=chromium/src&ref=refs/heads/main&revision=2afd0e50f0d58192d18a770da3434d2bf4fc33b1&path=//&platform=linux&test_suite_type=unit&modifier_id=0
2025-06-02 19:45:01,2025-06-02,b12d858,3250465,5339034,60.881144416761536,1159227,2287924,50.667198735622335,https://analysis.chromium.org/coverage/p/chromium/dir?host=chromium.googlesource.com&project=chromium/src&ref=refs/heads/main&revision=b12d8583281565a03f8e4d7c5ddadc9a5ef16cd7&path=//&platform=linux&test_suite_type=unit&modifier_id=0
2025-06-03 19:57:16,2025-06-03,d05d3fb,3250117,5340210,60.8612208134137,1159963,2288272,50.69165728549753,https://analysis.chromium.org/coverage/p/chromium/dir?host=chromium.googlesource.com&project=chromium/src&ref=refs/heads/main&revision=d05d3fbd8bfc1c8c8c3f7c8ddb3c28e934d61834&path=//&platform=linux&test_suite_type=unit&modifier_id=0
2025-06-04 19:59:24,2025-06-04,ce3ff9b,3251282,5342123,60.86123438191146,1160037,2289116,50.67619989550551,https://analysis.chromium.org/coverage/p/chromium/dir?host=chromium.googlesource.com&project=chromium/src&ref=refs/heads/main&revision=ce3ff9b450315333093023350513df1235c4b255&path=//&platform=linux&test_suite_type=unit&modifier_id=0
2025-06-05 19:57:12,2025-06-05,281e16d,3254718,5343918,60.905088738262826,1161799,2289869,50.73648317873206,https://analysis.chromium.org/coverage/p/chromium/dir?host=chromium.googlesource.com&project=chromium/src&ref=refs/heads/main&revision=281e16d2a2a3584627ae92f9ecb476252848286b&path=//&platform=linux&test_suite_type=unit&modifier_id=0
2025-06-06 19:58:09,2025-06-06,ba93f1c,3253531,5346181,60.85710528693286,1160187,2290776,50.64602562625067,https://analysis.chromium.org/coverage/p/chromium/dir?host=chromium.googlesource.com&project=chromium/src&ref=refs/heads/main&revision=ba93f1c7d7a13c567f0af7400c88928fd9d9d18e&path=//&platform=linux&test_suite_type=unit&modifier_id=0
2025-06-07 19:24:16,2025-06-07,7858ef5,3254676,5346390,60.8761425934135,1161982,2290843,50.72289982334014,https://analysis.chromium.org/coverage/p/chromium/dir?host=chromium.googlesource.com&project=chromium/src&ref=refs/heads/main&revision=7858ef52adf5dcfa2b11ef1cd38b8d6afc5495a9&path=//&platform=linux&test_suite_type=unit&modifier_id=0
2025-06-08 19:47:57,2025-06-08,e7d0ad6,3254598,5346593,60.87237236872154,1161350,2290963,50.69265631963502,https://analysis.chromium.org/coverage/p/chromium/dir?host=chromium.googlesource.com&project=chromium/src&ref=refs/heads/main&revision=e7d0ad64b5b6f1146f7082989435ad4bc89681ab&path=//&platform=linux&test_suite_type=unit&modifier_id=0
2025-06-09 19:32:16,2025-06-09,f36c97e,3254704,5347924,60.85920443147659,1161497,2291491,50.68739087345313,https://analysis.chromium.org/coverage/p/chromium/dir?host=chromium.googlesource.com&project=chromium/src&ref=refs/heads/main&revision=f36c97e8cacdc26c33db2c5317ee923954bb5795&path=//&platform=linux&test_suite_type=unit&modifier_id=0
2025-06-10 19:49:30,2025-06-10,e7dfa0e,3256694,5350049,60.87222752539276,1162042,2292529,50.68821375869182,https://analysis.chromium.org/coverage/p/chromium/dir?host=chromium.googlesource.com&project=chromium/src&ref=refs/heads/main&revision=e7dfa0e65926e93af8f9d29f2f268e84c3021a7d&path=//&platform=linux&test_suite_type=unit&modifier_id=0
2025-06-11 19:59:43,2025-06-11,7f0637c,3255572,5352894,60.81891403042915,1161325,2294034,50.62370479251833,https://analysis.chromium.org/coverage/p/chromium/dir?host=chromium.googlesource.com&project=chromium/src&ref=refs/heads/main&revision=7f0637c965c0c5cd4cec17884b2ac11574065981&path=//&platform=linux&test_suite_type=unit&modifier_id=0
2025-06-12 19:49:56,2025-06-12,b94d22a,3256818,5353147,60.839315639940395,1161741,2294453,50.6325908615256,https://analysis.chromium.org/coverage/p/chromium/dir?host=chromium.googlesource.com&project=chromium/src&ref=refs/heads/main&revision=b94d22abe117a6fa4f152bed271ec83671596627&path=//&platform=linux&test_suite_type=unit&modifier_id=0
2025-06-13 19:53:26,2025-06-13,ca82c71,3256698,5354079,60.826483882662174,1162292,2295184,50.64047152646585,https://analysis.chromium.org/coverage/p/chromium/dir?host=chromium.googlesource.com&project=chromium/src&ref=refs/heads/main&revision=ca82c71509e66359013536d1f746da84e624584c&path=//&platform=linux&test_suite_type=unit&modifier_id=0
2025-06-14 19:57:19,2025-06-14,4b6db0e,3257045,5354197,60.83162423795763,1162149,2295235,50.63311599901535,https://analysis.chromium.org/coverage/p/chromium/dir?host=chromium.googlesource.com&project=chromium/src&ref=refs/heads/main&revision=4b6db0e1cac4bdefbb2e590eb4d3e3cdc84b6d71&path=//&platform=linux&test_suite_type=unit&modifier_id=0
2025-06-15 19:44:59,2025-06-15,3e63e67,3257500,5354244,60.83958818462513,1162430,2295255,50.64491744925945,https://analysis.chromium.org/coverage/p/chromium/dir?host=chromium.googlesource.com&project=chromium/src&ref=refs/heads/main&revision=3e63e6732e43165e6a22241a1dcde2fda4671ce4&path=//&platform=linux&test_suite_type=unit&modifier_id=0
2025-06-16 19:52:11,2025-06-16,6809deb,3256173,5355361,60.80211959567245,1161483,2295784,50.591998201921434,https://analysis.chromium.org/coverage/p/chromium/dir?host=chromium.googlesource.com&project=chromium/src&ref=refs/heads/main&revision=6809deb1b23ff69cf3558a2d069e1fce0eb01e33&path=//&platform=linux&test_suite_type=unit&modifier_id=0
2025-06-17 19:57:51,2025-06-17,8490cc9,3260077,5359061,60.832989212102646,1163268,2297250,50.63741429970617,https://analysis.chromium.org/coverage/p/chromium/dir?host=chromium.googlesource.com&project=chromium/src&ref=refs/heads/main&revision=8490cc98298c05105af6f74e2277cb41ec32ddf2&path=//&platform=linux&test_suite_type=unit&modifier_id=0
2025-06-18 19:58:58,2025-06-18,7610e0a,3259888,5361971,60.79644966375238,1162832,2298553,50.58974058897054,https://analysis.chromium.org/coverage/p/chromium/dir?host=chromium.googlesource.com&project=chromium/src&ref=refs/heads/main&revision=7610e0a7748eae7f21771a1832a5a2ab9aa6879b&path=//&platform=linux&test_suite_type=unit&modifier_id=0
2025-06-19 19:54:15,2025-06-19,0011020,3259463,5363278,60.77370966039799,1162210,2299260,50.54713255569183,https://analysis.chromium.org/coverage/p/chromium/dir?host=chromium.googlesource.com&project=chromium/src&ref=refs/heads/main&revision=001102083565b1d7d47b191e1b6e97f385495ae1&path=//&platform=linux&test_suite_type=unit&modifier_id=0
2025-06-20 19:49:07,2025-06-20,7c305fa,3261037,5364521,60.788968856678906,1163063,2299630,50.57609267577828,https://analysis.chromium.org/coverage/p/chromium/dir?host=chromium.googlesource.com&project=chromium/src&ref=refs/heads/main&revision=7c305fa8e495065b5a9f7772196903170057ce58&path=//&platform=linux&test_suite_type=unit&modifier_id=0
2025-06-21 19:46:55,2025-06-21,47e8817,3261058,5364926,60.7847713090544,1162940,2299780,50.5674455817513,https://analysis.chromium.org/coverage/p/chromium/dir?host=chromium.googlesource.com&project=chromium/src&ref=refs/heads/main&revision=47e8817349f7d194d2e7391e240ed806937678d5&path=//&platform=linux&test_suite_type=unit&modifier_id=0
2025-06-22 19:56:07,2025-06-22,ad83e4a,3260969,5365208,60.77991757262719,1163217,2299801,50.57902835941023,https://analysis.chromium.org/coverage/p/chromium/dir?host=chromium.googlesource.com&project=chromium/src&ref=refs/heads/main&revision=ad83e4af07d50fca3994c58c1161fc1e41386af8&path=//&platform=linux&test_suite_type=unit&modifier_id=0
2025-06-23 19:46:35,2025-06-23,68db7e9,3262906,5367337,60.79189735990119,1164538,2300847,50.61344800414804,https://analysis.chromium.org/coverage/p/chromium/dir?host=chromium.googlesource.com&project=chromium/src&ref=refs/heads/main&revision=68db7e92c0cbafc8a30309d9367928566e998752&path=//&platform=linux&test_suite_type=unit&modifier_id=0
2025-06-24 19:45:30,2025-06-24,c7ad944,3263184,5353339,60.956050046522364,1163258,2296979,50.642953200704056,https://analysis.chromium.org/coverage/p/chromium/dir?host=chromium.googlesource.com&project=chromium/src&ref=refs/heads/main&revision=c7ad944b696beab278801db5ee912ebc1c2d3e4b&path=//&platform=linux&test_suite_type=unit&modifier_id=0
2025-06-25 19:47:21,2025-06-25,c534653,3262303,5354646,60.92471845944625,1163758,2297441,50.65453258647339,https://analysis.chromium.org/coverage/p/chromium/dir?host=chromium.googlesource.com&project=chromium/src&ref=refs/heads/main&revision=c534653669e05ef0572855662b4dcbe486e6d64c&path=//&platform=linux&test_suite_type=unit&modifier_id=0
2025-06-26 19:48:23,2025-06-26,cf0ed15,3265152,5356114,60.961211803930986,1165512,2297706,50.72502748393398,https://analysis.chromium.org/coverage/p/chromium/dir?host=chromium.googlesource.com&project=chromium/src&ref=refs/heads/main&revision=cf0ed1592d705e05a56605ded731126404bc2f37&path=//&platform=linux&test_suite_type=unit&modifier_id=0
2025-06-27 19:34:40,2025-06-27,0e5b0bd,3264938,5358066,60.93500901258029,1163117,2298634,50.60035655959148,https://analysis.chromium.org/coverage/p/chromium/dir?host=chromium.googlesource.com&project=chromium/src&ref=refs/heads/main&revision=0e5b0bd2527c766d011e590ce91f7db9f2e12f5a&path=//&platform=linux&test_suite_type=unit&modifier_id=0
2025-06-28 19:40:12,2025-06-28,8264cee,3264476,5358291,60.92382813848669,1164212,2298743,50.64559196047579,https://analysis.chromium.org/coverage/p/chromium/dir?host=chromium.googlesource.com&project=chromium/src&ref=refs/heads/main&revision=8264cee4d09de80e5500e1c6cab929b1ad4b0671&path=//&platform=linux&test_suite_type=unit&modifier_id=0
2025-06-29 19:56:35,2025-06-29,513cbdc,3264046,5358322,60.915450769849215,1163806,2298761,50.627533701850695,https://analysis.chromium.org/coverage/p/chromium/dir?host=chromium.googlesource.com&project=chromium/src&ref=refs/heads/main&revision=513cbdcfc763e56075c7cbec2b52ca8bc059dbcb&path=//&platform=linux&test_suite_type=unit&modifier_id=0
2025-06-30 19:52:02,2025-06-30,7c89dea,3264719,5358786,60.92273511201977,1164494,2299118,50.64959693238885,https://analysis.chromium.org/coverage/p/chromium/dir?host=chromium.googlesource.com&project=chromium/src&ref=refs/heads/main&revision=7c89deac3ad2d0bbcee5ada3f6c0c1bafd564d4f&path=//&platform=linux&test_suite_type=unit&modifier_id=0
2025-07-01 19:41:43,2025-07-01,d0bfbc1,3266881,5360232,60.94663439940659,1165166,2299682,50.66639648438349,https://analysis.chromium.org/coverage/p/chromium/dir?host=chromium.googlesource.com&project=chromium/src&ref=refs/heads/main&revision=d0bfbc14a35d6aaf6c04fd09b3dfd60b37dcdfc1&path=//&platform=linux&test_suite_type=unit&modifier_id=0
2025-07-02 19:54:46,2025-07-02,79bc927,3266961,5361037,60.9389750527743,1165433,2300179,50.667056781233114,https://analysis.chromium.org/coverage/p/chromium/dir?host=chromium.googlesource.com&project=chromium/src&ref=refs/heads/main&revision=79bc9274820feaeeb367be384bff8d4284eb6631&path=//&platform=linux&test_suite_type=unit&modifier_id=0
2025-07-03 19:59:10,2025-07-03,4dbede8,3267347,5361144,60.94495876253277,1165166,2300286,50.653092702385706,https://analysis.chromium.org/coverage/p/chromium/dir?host=chromium.googlesource.com&project=chromium/src&ref=refs/heads/main&revision=4dbede822757b68366a771d23e31f404f65f9224&path=//&platform=linux&test_suite_type=unit&modifier_id=0
2025-07-04 19:34:43,2025-07-04,4f85be2,3267316,5363464,60.91801865361639,1165278,2300713,50.64855981602225,https://analysis.chromium.org/coverage/p/chromium/dir?host=chromium.googlesource.com&project=chromium/src&ref=refs/heads/main&revision=4f85be2bae3d0997215876d390a3eec5324e69c3&path=//&platform=linux&test_suite_type=unit&modifier_id=0
2025-07-05 19:53:32,2025-07-05,ec9bd4f,3267751,5363463,60.92614044321738,1166108,2300713,50.68463558905435,https://analysis.chromium.org/coverage/p/chromium/dir?host=chromium.googlesource.com&project=chromium/src&ref=refs/heads/main&revision=ec9bd4f9f3abc293571d44cdda003d568c736c26&path=//&platform=linux&test_suite_type=unit&modifier_id=0
2025-07-06 19:43:46,2025-07-06,93b297c,3266916,5363724,60.90760822145211,1164848,2300874,50.626327213050345,https://analysis.chromium.org/coverage/p/chromium/dir?host=chromium.googlesource.com&project=chromium/src&ref=refs/heads/main&revision=93b297ceb467f76d15a679a5f82feb61af60fc49&path=//&platform=linux&test_suite_type=unit&modifier_id=0
2025-07-07 19:57:19,2025-07-07,59418a0,3267469,5365977,60.89234076105805,1164947,2301947,50.6070296144959,https://analysis.chromium.org/coverage/p/chromium/dir?host=chromium.googlesource.com&project=chromium/src&ref=refs/heads/main&revision=59418a0e216290ee6f8ba68c835aa31dfb2a2946&path=//&platform=linux&test_suite_type=unit&modifier_id=0
2025-07-08 19:58:34,2025-07-08,95e37b6,3269373,5368321,60.9012203256847,1165898,2303256,50.6195577043976,https://analysis.chromium.org/coverage/p/chromium/dir?host=chromium.googlesource.com&project=chromium/src&ref=refs/heads/main&revision=95e37b6f0399e96f9ff335bcf99248354595bf3c&path=//&platform=linux&test_suite_type=unit&modifier_id=0
2025-07-09 19:58:44,2025-07-09,49acded,3270456,5369659,60.906213970011876,1166921,2304007,50.64745897039375,https://analysis.chromium.org/coverage/p/chromium/dir?host=chromium.googlesource.com&project=chromium/src&ref=refs/heads/main&revision=49acded77f925d5779644a7936f11f6c68fd97ca&path=//&platform=linux&test_suite_type=unit&modifier_id=0
2025-07-10 19:56:55,2025-07-10,09d0904,3271823,5371700,60.908520580077074,1166165,2305122,50.590163991320196,https://analysis.chromium.org/coverage/p/chromium/dir?host=chromium.googlesource.com&project=chromium/src&ref=refs/heads/main&revision=09d0904d403abb13f552837af58ef29e523ea641&path=//&platform=linux&test_suite_type=unit&modifier_id=0
2025-07-11 19:58:31,2025-07-11,ff2e79d,3271775,5373194,60.89069183059461,1166321,2305383,50.59120328379276,https://analysis.chromium.org/coverage/p/chromium/dir?host=chromium.googlesource.com&project=chromium/src&ref=refs/heads/main&revision=ff2e79db7a381235030fd2f74a51fbda8ae1734f&path=//&platform=linux&test_suite_type=unit&modifier_id=0
2025-07-12 19:37:51,2025-07-12,977d337,3273064,5373170,60.91495337017068,1166710,2305358,50.60862564512757,https://analysis.chromium.org/coverage/p/chromium/dir?host=chromium.googlesource.com&project=chromium/src&ref=refs/heads/main&revision=977d3372047535d38a318b0823ed2fcbc984b6bc&path=//&platform=linux&test_suite_type=unit&modifier_id=0
2025-07-13 19:57:12,2025-07-13,8c87189,3272208,5373045,60.90043913646731,1166484,2305425,50.59735189824002,https://analysis.chromium.org/coverage/p/chromium/dir?host=chromium.googlesource.com&project=chromium/src&ref=refs/heads/main&revision=8c87189988e4b7b26500a94c71832ca95613c5a1&path=//&platform=linux&test_suite_type=unit&modifier_id=0
2025-07-14 19:57:59,2025-07-14,eef8347,3273317,5374434,60.90533440358557,1166545,2306077,50.58569163128551,https://analysis.chromium.org/coverage/p/chromium/dir?host=chromium.googlesource.com&project=chromium/src&ref=refs/heads/main&revision=eef8347cbe61c690cadb05c68b65c6872c70107e&path=//&platform=linux&test_suite_type=unit&modifier_id=0
2025-07-15 19:53:26,2025-07-15,bbc45f5,3272591,5374003,60.89670958501512,1165995,2306206,50.559013375214526,https://analysis.chromium.org/coverage/p/chromium/dir?host=chromium.googlesource.com&project=chromium/src&ref=refs/heads/main&revision=bbc45f5349599e3cfa29beb12175ff7d30bd20a6&path=//&platform=linux&test_suite_type=unit&modifier_id=0
2025-07-16 19:50:39,2025-07-16,6d0a301,3273043,5375911,60.88350420979812,1166423,2307062,50.55880596186839,https://analysis.chromium.org/coverage/p/chromium/dir?host=chromium.googlesource.com&project=chromium/src&ref=refs/heads/main&revision=6d0a301ca426a1f43152459adb34f7ba322d5190&path=//&platform=linux&test_suite_type=unit&modifier_id=0
2025-07-17 19:54:22,2025-07-17,510f438,3276331,5377408,60.927699739353976,1167786,2308052,50.59617374305258,https://analysis.chromium.org/coverage/p/chromium/dir?host=chromium.googlesource.com&project=chromium/src&ref=refs/heads/main&revision=510f438fa746034a65619e523bf0c9d8c015e319&path=//&platform=linux&test_suite_type=unit&modifier_id=0
2025-07-18 19:47:12,2025-07-18,a4b730f,3276246,5378187,60.91729424804307,1167733,2308497,50.5841246490682,https://analysis.chromium.org/coverage/p/chromium/dir?host=chromium.googlesource.com&project=chromium/src&ref=refs/heads/main&revision=a4b730feb052c9b6b830873254621d37bbf75d67&path=//&platform=linux&test_suite_type=unit&modifier_id=0
2025-07-19 19:53:58,2025-07-19,3fecd97,3277503,5378312,60.9392500844131,1168388,2308531,50.611752668688446,https://analysis.chromium.org/coverage/p/chromium/dir?host=chromium.googlesource.com&project=chromium/src&ref=refs/heads/main&revision=3fecd97ad03e1a4801663e7247abba8a223420fa&path=//&platform=linux&test_suite_type=unit&modifier_id=0
2025-07-20 19:44:44,2025-07-20,5d34f0b,3278059,5378458,60.94793340396076,1168440,2308574,50.61306243594531,https://analysis.chromium.org/coverage/p/chromium/dir?host=chromium.googlesource.com&project=chromium/src&ref=refs/heads/main&revision=5d34f0b65bbc0c4eda3553b054e07bec4dfee8e1&path=//&platform=linux&test_suite_type=unit&modifier_id=0
2025-07-21 19:58:01,2025-07-21,58aa155,3277193,5378580,60.93045004443552,1168506,2308610,50.61513204915512,https://analysis.chromium.org/coverage/p/chromium/dir?host=chromium.googlesource.com&project=chromium/src&ref=refs/heads/main&revision=58aa155c60d04d576d82c86b8148e2cb0b03a16a&path=//&platform=linux&test_suite_type=unit&modifier_id=0
2025-07-22 19:55:18,2025-07-22,2e99dd9,3279043,5380662,60.94125592724464,1169015,2309709,50.6130858909066,https://analysis.chromium.org/coverage/p/chromium/dir?host=chromium.googlesource.com&project=chromium/src&ref=refs/heads/main&revision=2e99dd98de0f0474f8aafa2bfba1912129f6c00b&path=//&platform=linux&test_suite_type=unit&modifier_id=0
2025-07-23 19:54:56,2025-07-23,bad989a,3281374,5384036,60.94636068555262,1169765,2312043,50.594430985928895,https://analysis.chromium.org/coverage/p/chromium/dir?host=chromium.googlesource.com&project=chromium/src&ref=refs/heads/main&revision=bad989a1109bce64b0f0dc9c54fe344034832127&path=//&platform=linux&test_suite_type=unit&modifier_id=0
2025-07-24 19:59:52,2025-07-24,f3f2123,3282676,5385951,60.94886492654686,1170442,2312695,50.60944050123341,https://analysis.chromium.org/coverage/p/chromium/dir?host=chromium.googlesource.com&project=chromium/src&ref=refs/heads/main&revision=f3f212374819b4031918acfdb0485da9616873ce&path=//&platform=linux&test_suite_type=unit&modifier_id=0
2025-07-25 19:43:54,2025-07-25,4682e86,3283281,5388156,60.93515109807511,1169562,2312769,50.569771559546155,https://analysis.chromium.org/coverage/p/chromium/dir?host=chromium.googlesource.com&project=chromium/src&ref=refs/heads/main&revision=4682e864617746dc6ee183fe6a96de0a1082817b&path=//&platform=linux&test_suite_type=unit&modifier_id=0
2025-07-26 19:56:00,2025-07-26,5aa8973,3283386,5388194,60.93667006050636,1169628,2312779,50.57240661559103,https://analysis.chromium.org/coverage/p/chromium/dir?host=chromium.googlesource.com&project=chromium/src&ref=refs/heads/main&revision=5aa8973bbf52d9862babbe195c6c341584b6ac38&path=//&platform=linux&test_suite_type=unit&modifier_id=0
2025-07-27 19:32:37,2025-07-27,c3ddc46,3283653,5388228,60.94124079381942,1170295,2312813,50.60050250495825,https://analysis.chromium.org/coverage/p/chromium/dir?host=chromium.googlesource.com&project=chromium/src&ref=refs/heads/main&revision=c3ddc46d9b861237fad94b760e3c8dc2e54288a0&path=//&platform=linux&test_suite_type=unit&modifier_id=0
2025-07-28 19:35:56,2025-07-28,0f943df,3285213,5390747,60.94170251358485,1170749,2313769,50.59921712150176,https://analysis.chromium.org/coverage/p/chromium/dir?host=chromium.googlesource.com&project=chromium/src&ref=refs/heads/main&revision=0f943dfb4b6a633b068fa2da607bfb9c6c9ff9de&path=//&platform=linux&test_suite_type=unit&modifier_id=0
2025-07-29 19:57:26,2025-07-29,11c9580,3287474,5394078,60.94598557899978,1170983,2315145,50.57925097564083,https://analysis.chromium.org/coverage/p/chromium/dir?host=chromium.googlesource.com&project=chromium/src&ref=refs/heads/main&revision=11c95804efd6e1bba54ec9b62e2536b5f71bd56f&path=//&platform=linux&test_suite_type=unit&modifier_id=0
2025-07-30 19:53:23,2025-07-30,ac70277,3289823,5396854,60.95816192174181,1171816,2316544,50.584664051276384,https://analysis.chromium.org/coverage/p/chromium/dir?host=chromium.googlesource.com&project=chromium/src&ref=refs/heads/main&revision=ac70277b95ee3c1a0375e9fc07669741e416f315&path=//&platform=linux&test_suite_type=unit&modifier_id=0
2025-07-31 19:54:54,2025-07-31,caa822f,3291247,5398595,60.96488067728733,1172524,2317431,50.595853770835035,https://analysis.chromium.org/coverage/p/chromium/dir?host=chromium.googlesource.com&project=chromium/src&ref=refs/heads/main&revision=caa822f7b4a346bb770439c62d5bd67b30d88476&path=//&platform=linux&test_suite_type=unit&modifier_id=0
2025-08-01 19:57:59,2025-08-01,a1cf167,3293944,5401422,60.98290413154166,1173721,2318985,50.61356584885198,https://analysis.chromium.org/coverage/p/chromium/dir?host=chromium.googlesource.com&project=chromium/src&ref=refs/heads/main&revision=a1cf167898e8c77c56eca06a07d3721e675dc8e9&path=//&platform=linux&test_suite_type=unit&modifier_id=0
2025-08-02 19:35:33,2025-08-02,8d47722,3294925,5401609,60.99895420049841,1174117,2319094,50.628262588752335,https://analysis.chromium.org/coverage/p/chromium/dir?host=chromium.googlesource.com&project=chromium/src&ref=refs/heads/main&revision=8d47722cf773d7d2ab9ecb8b34bd43c6e52dba7d&path=//&platform=linux&test_suite_type=unit&modifier_id=0
2025-08-03 19:56:58,2025-08-03,fe27f47,3294452,5401745,60.98866199718795,1174194,2319164,50.630054623131436,https://analysis.chromium.org/coverage/p/chromium/dir?host=chromium.googlesource.com&project=chromium/src&ref=refs/heads/main&revision=fe27f476859fa904c2e14b8c4babcbc75f2b2f70&path=//&platform=linux&test_suite_type=unit&modifier_id=0
2025-08-04 19:57:15,2025-08-04,5c587db,3291598,5400437,60.95058603590783,1173370,2318996,50.59818990632153,https://analysis.chromium.org/coverage/p/chromium/dir?host=chromium.googlesource.com&project=chromium/src&ref=refs/heads/main&revision=5c587dbdc94952ff7a318955a667ec0febc6e6e9&path=//&platform=linux&test_suite_type=unit&modifier_id=0
2025-08-05 19:59:28,2025-08-05,a8119a5,3293761,5400910,60.985296922185334,1173240,2319016,50.59214770402619,https://analysis.chromium.org/coverage/p/chromium/dir?host=chromium.googlesource.com&project=chromium/src&ref=refs/heads/main&revision=a8119a58ba85f1aa2a9fc888b454d8ab1e61eb79&path=//&platform=linux&test_suite_type=unit&modifier_id=0
2025-08-06 19:43:58,2025-08-06,8b653f9,3293991,5401770,60.97984549508772,1173749,2319228,50.60947004779177,https://analysis.chromium.org/coverage/p/chromium/dir?host=chromium.googlesource.com&project=chromium/src&ref=refs/heads/main&revision=8b653f90178f4fa1e6d5ba7faebe65505a50bcba&path=//&platform=linux&test_suite_type=unit&modifier_id=0
2025-08-07 19:54:45,2025-08-07,21bc359,3294550,5403845,60.966774583652935,1175244,2320685,50.64211644406716,https://analysis.chromium.org/coverage/p/chromium/dir?host=chromium.googlesource.com&project=chromium/src&ref=refs/heads/main&revision=21bc35956045550d0523b77cf75e37edcea13802&path=//&platform=linux&test_suite_type=unit&modifier_id=0
2025-08-08 19:53:49,2025-08-08,7718ddc,3296368,5405194,60.98519313090335,1174819,2321961,50.59598330893585,https://analysis.chromium.org/coverage/p/chromium/dir?host=chromium.googlesource.com&project=chromium/src&ref=refs/heads/main&revision=7718ddc5213f17051e36e922dff853c9d887b2b5&path=//&platform=linux&test_suite_type=unit&modifier_id=0
2025-08-09 19:15:22,2025-08-09,9083941,3296012,5405222,60.97829099341341,1174298,2321986,50.57300087080628,https://analysis.chromium.org/coverage/p/chromium/dir?host=chromium.googlesource.com&project=chromium/src&ref=refs/heads/main&revision=908394191932288641b93ed6d64d40b456edc430&path=//&platform=linux&test_suite_type=unit&modifier_id=0
2025-08-10 19:49:47,2025-08-10,d11fb89,3296301,5405237,60.983468439959246,1174382,2321995,50.57642242985019,https://analysis.chromium.org/coverage/p/chromium/dir?host=chromium.googlesource.com&project=chromium/src&ref=refs/heads/main&revision=d11fb89150cb00cdc7f480a299577f3a7105610c&path=//&platform=linux&test_suite_type=unit&modifier_id=0
2025-08-11 19:53:44,2025-08-11,aa7abd9,3297130,5406205,60.987883367352886,1175403,2322435,50.61080288576429,https://analysis.chromium.org/coverage/p/chromium/dir?host=chromium.googlesource.com&project=chromium/src&ref=refs/heads/main&revision=aa7abd9d0521512392f4565c3e6dc66732f5a772&path=//&platform=linux&test_suite_type=unit&modifier_id=0
2025-08-12 19:58:08,2025-08-12,e447986,3299686,5407965,61.01529873066856,1176067,2323139,50.62404789381953,https://analysis.chromium.org/coverage/p/chromium/dir?host=chromium.googlesource.com&project=chromium/src&ref=refs/heads/main&revision=e4479869f3950d1705a00dd1547e35e11295bfd8&path=//&platform=linux&test_suite_type=unit&modifier_id=0
2025-08-13 19:59:48,2025-08-13,7ae7b3a,3299594,5409827,60.99259736032224,1176451,2324084,50.61998619671234,https://analysis.chromium.org/coverage/p/chromium/dir?host=chromium.googlesource.com&project=chromium/src&ref=refs/heads/main&revision=7ae7b3a510cf2f922a3e24b3b6edf7f91e4346df&path=//&platform=linux&test_suite_type=unit&modifier_id=0
2025-08-14 19:48:35,2025-08-14,ccd770f,3300199,5411106,60.98936150945851,1176094,2324733,50.59049791954603,https://analysis.chromium.org/coverage/p/chromium/dir?host=chromium.googlesource.com&project=chromium/src&ref=refs/heads/main&revision=ccd770ff9265d5c5f02a721ab7fd2b7f9deb43c0&path=//&platform=linux&test_suite_type=unit&modifier_id=0
2025-08-15 19:54:39,2025-08-15,6725e9e,3300650,5412695,60.9797891808055,1176168,2325590,50.57503687236357,https://analysis.chromium.org/coverage/p/chromium/dir?host=chromium.googlesource.com&project=chromium/src&ref=refs/heads/main&revision=6725e9e5f236524efe64080c0e4562aa26ac0808&path=//&platform=linux&test_suite_type=unit&modifier_id=0
2025-08-16 19:52:48,2025-08-16,da4e203,3301277,5412697,60.9913505226692,1177334,2325590,50.62517468685366,https://analysis.chromium.org/coverage/p/chromium/dir?host=chromium.googlesource.com&project=chromium/src&ref=refs/heads/main&revision=da4e203cc65647099f75cdc7333ccf3caa343e9b&path=//&platform=linux&test_suite_type=unit&modifier_id=0
2025-08-17 19:59:45,2025-08-17,6818672,3301281,5412747,60.99086101752031,1176614,2325680,50.592256888307936,https://analysis.chromium.org/coverage/p/chromium/dir?host=chromium.googlesource.com&project=chromium/src&ref=refs/heads/main&revision=681867228421f48df91d32bd8844b0cd76079770&path=//&platform=linux&test_suite_type=unit&modifier_id=0
2025-08-18 19:56:34,2025-08-18,118d835,3302734,5414476,60.998220326399085,1177850,2326193,50.63423370287848,https://analysis.chromium.org/coverage/p/chromium/dir?host=chromium.googlesource.com&project=chromium/src&ref=refs/heads/main&revision=118d83594afc8df3e6407bb520188ba83832ccb9&path=//&platform=linux&test_suite_type=unit&modifier_id=0
2025-08-19 19:56:47,2025-08-19,785219a,3304166,5416625,61.000456926591745,1178882,2327035,50.66026080398447,https://analysis.chromium.org/coverage/p/chromium/dir?host=chromium.googlesource.com&project=chromium/src&ref=refs/heads/main&revision=785219ab28eed87e414aa36c00729837f29e4fd8&path=//&platform=linux&test_suite_type=unit&modifier_id=0
2025-08-20 19:58:33,2025-08-20,f182ab8,3306223,5418121,61.0215792522906,1179140,2327885,50.652845823569464,https://analysis.chromium.org/coverage/p/chromium/dir?host=chromium.googlesource.com&project=chromium/src&ref=refs/heads/main&revision=f182ab875fdacce573d9c1a4e8531121ce4c1ebf&path=//&platform=linux&test_suite_type=unit&modifier_id=0
2025-08-21 19:52:39,2025-08-21,88c9287,3303488,5419738,60.952909531789174,1179069,2328591,50.63443945287086,https://analysis.chromium.org/coverage/p/chromium/dir?host=chromium.googlesource.com&project=chromium/src&ref=refs/heads/main&revision=88c928788852dad1fa6cdd43a2560dcda5d9b2b1&path=//&platform=linux&test_suite_type=unit&modifier_id=0
2025-08-22 19:55:29,2025-08-22,8251323,3305167,5421653,60.962348567862975,1178148,2328851,50.58923907111275,https://analysis.chromium.org/coverage/p/chromium/dir?host=chromium.googlesource.com&project=chromium/src&ref=refs/heads/main&revision=8251323ff870dcdc364af4ffa756c797484fdcbe&path=//&platform=linux&test_suite_type=unit&modifier_id=0
2025-08-23 19:57:21,2025-08-23,a3deb18,3305012,5421668,60.95932100600775,1178377,2328857,50.598941884366454,https://analysis.chromium.org/coverage/p/chromium/dir?host=chromium.googlesource.com&project=chromium/src&ref=refs/heads/main&revision=a3deb1847ccccca4d9467e48c9f2fd2c5785f206&path=//&platform=linux&test_suite_type=unit&modifier_id=0
2025-08-24 19:49:05,2025-08-24,a11807e,3305804,5421634,60.974311434523244,1178207,2328836,50.59209837017291,https://analysis.chromium.org/coverage/p/chromium/dir?host=chromium.googlesource.com&project=chromium/src&ref=refs/heads/main&revision=a11807e93b42a7e37ff8dfd538facd4f03ee5b5c&path=//&platform=linux&test_suite_type=unit&modifier_id=0
2025-08-25 19:56:42,2025-08-25,eaffaef,3307410,5423310,60.98508106672862,1179278,2329557,50.62241447622874,https://analysis.chromium.org/coverage/p/chromium/dir?host=chromium.googlesource.com&project=chromium/src&ref=refs/heads/main&revision=eaffaef877a6f4503dd31c655791cf99d3e066d9&path=//&platform=linux&test_suite_type=unit&modifier_id=0
2025-08-26 19:47:05,2025-08-26,3470cf5,3306605,5423388,60.969360849712395,1178757,2329868,50.5932954141608,https://analysis.chromium.org/coverage/p/chromium/dir?host=chromium.googlesource.com&project=chromium/src&ref=refs/heads/main&revision=3470cf52d594edc6cd9f0ed7dcf7498ae060740e&path=//&platform=linux&test_suite_type=unit&modifier_id=0
2025-08-27 19:59:03,2025-08-27,d10d756,3307751,5425108,60.971154859958546,1179964,2330851,50.62374214396373,https://analysis.chromium.org/coverage/p/chromium/dir?host=chromium.googlesource.com&project=chromium/src&ref=refs/heads/main&revision=d10d75674f9f60141b7e276906ac4a8314b148a9&path=//&platform=linux&test_suite_type=unit&modifier_id=0
2025-08-28 19:57:09,2025-08-28,28ed621,3309128,5428311,60.96054555459332,1179697,2332215,50.582686416132304,https://analysis.chromium.org/coverage/p/chromium/dir?host=chromium.googlesource.com&project=chromium/src&ref=refs/heads/main&revision=28ed6215c589f9cb94ea33c4c73d940034743fc7&path=//&platform=linux&test_suite_type=unit&modifier_id=0
2025-08-29 19:55:39,2025-08-29,9a2fee7,3311879,5431527,60.97509963588509,1180631,2333203,50.60129787249545,https://analysis.chromium.org/coverage/p/chromium/dir?host=chromium.googlesource.com&project=chromium/src&ref=refs/heads/main&revision=9a2fee78102740780d882c4b92d3756feaea66f1&path=//&platform=linux&test_suite_type=unit&modifier_id=0
2025-08-30 19:29:28,2025-08-30,2bae14d,3311573,5431590,60.96875868760345,1179789,2333245,50.564299934211796,https://analysis.chromium.org/coverage/p/chromium/dir?host=chromium.googlesource.com&project=chromium/src&ref=refs/heads/main&revision=2bae14d205b7d65d1b41839bc2bb520ad539a688&path=//&platform=linux&test_suite_type=unit&modifier_id=0
2025-08-31 19:56:35,2025-08-31,cda6cf7,3311892,5431624,60.974250058546026,1180792,2333265,50.60685348642353,https://analysis.chromium.org/coverage/p/chromium/dir?host=chromium.googlesource.com&project=chromium/src&ref=refs/heads/main&revision=cda6cf783138dd3a44561ce7493b960f33e29d33&path=//&platform=linux&test_suite_type=unit&modifier_id=0
2025-09-01 19:38:03,2025-09-01,849f811,3312606,5433614,60.96505935092187,1180665,2334208,50.58096793430577,https://analysis.chromium.org/coverage/p/chromium/dir?host=chromium.googlesource.com&project=chromium/src&ref=refs/heads/main&revision=849f811b08ad3e46c608f68e84ed0300bc9f3ade&path=//&platform=linux&test_suite_type=unit&modifier_id=0
2025-09-02 19:58:06,2025-09-02,4694dcc,3313610,5434554,60.97298876779953,1181739,2335125,50.60709812108559,https://analysis.chromium.org/coverage/p/chromium/dir?host=chromium.googlesource.com&project=chromium/src&ref=refs/heads/main&revision=4694dccaa905e832c96bf92fd5a327412935bb70&path=//&platform=linux&test_suite_type=unit&modifier_id=0
2025-09-03 19:58:43,2025-09-03,9b4e823,3314536,5437101,60.96145721773423,1181903,2337708,50.55819631878746,https://analysis.chromium.org/coverage/p/chromium/dir?host=chromium.googlesource.com&project=chromium/src&ref=refs/heads/main&revision=9b4e823f9071aa75815c21023ce870380b0f7538&path=//&platform=linux&test_suite_type=unit&modifier_id=0
2025-09-04 19:59:51,2025-09-04,1dd30e0,3317300,5439282,60.98782890830076,1183366,2338913,50.5946993325532,https://analysis.chromium.org/coverage/p/chromium/dir?host=chromium.googlesource.com&project=chromium/src&ref=refs/heads/main&revision=1dd30e0069697b517385feae7d7b3f5132568500&path=//&platform=linux&test_suite_type=unit&modifier_id=0
2025-09-05 19:34:40,2025-09-05,b751b3d,3316603,5439645,60.97094571428834,1182177,2338871,50.54477138756263,https://analysis.chromium.org/coverage/p/chromium/dir?host=chromium.googlesource.com&project=chromium/src&ref=refs/heads/main&revision=b751b3dbf67c77035b95888f4eb885b2f169825b&path=//&platform=linux&test_suite_type=unit&modifier_id=0
2025-09-06 19:44:39,2025-09-06,b781bbd,3316493,5439905,60.96600951671031,1182653,2338842,50.565750059217336,https://analysis.chromium.org/coverage/p/chromium/dir?host=chromium.googlesource.com&project=chromium/src&ref=refs/heads/main&revision=b781bbdc5861cf2c74fc125551dbce34c0a87bff&path=//&platform=linux&test_suite_type=unit&modifier_id=0
2025-09-07 19:52:37,2025-09-07,e80537f,3315970,5439954,60.95584631781813,1181538,2338819,50.518573690396735,https://analysis.chromium.org/coverage/p/chromium/dir?host=chromium.googlesource.com&project=chromium/src&ref=refs/heads/main&revision=e80537f37d2f23f63a8a1718a9b5780494ed5b99&path=//&platform=linux&test_suite_type=unit&modifier_id=0
2025-09-08 19:45:22,2025-09-08,ee2a595,3317101,5441319,60.96134043969854,1182840,2340074,50.54711945006867,https://analysis.chromium.org/coverage/p/chromium/dir?host=chromium.googlesource.com&project=chromium/src&ref=refs/heads/main&revision=ee2a59597f4d1421cb8cefca571c5415f71601e6&path=//&platform=linux&test_suite_type=unit&modifier_id=0
2025-09-09 19:02:26,2025-09-09,4ce6ef9,3315119,5443953,60.89543756163949,1183823,2340667,50.57631008597122,https://analysis.chromium.org/coverage/p/chromium/dir?host=chromium.googlesource.com&project=chromium/src&ref=refs/heads/main&revision=4ce6ef900cbb1381e39a3c4e0cbea015286ee11e&path=//&platform=linux&test_suite_type=unit&modifier_id=0
2025-09-10 19:45:21,2025-09-10,3f231d6,3315281,5445712,60.87874276127713,1183636,2341446,50.55149681009086,https://analysis.chromium.org/coverage/p/chromium/dir?host=chromium.googlesource.com&project=chromium/src&ref=refs/heads/main&revision=3f231d6f4d55dc741ae5ae7c3effee5e88333a27&path=//&platform=linux&test_suite_type=unit&modifier_id=0
2025-09-11 19:49:26,2025-09-11,1aef97c,3315920,5447891,60.86612232146348,1184712,2342331,50.578334146625735,https://analysis.chromium.org/coverage/p/chromium/dir?host=chromium.googlesource.com&project=chromium/src&ref=refs/heads/main&revision=1aef97cba691554b9e71d7c3a3656e1d915cc994&path=//&platform=linux&test_suite_type=unit&modifier_id=0
2025-09-12 19:38:16,2025-09-12,1ebe791,3316819,5449124,60.86884791023291,1184613,2342868,50.562515685902916,https://analysis.chromium.org/coverage/p/chromium/dir?host=chromium.googlesource.com&project=chromium/src&ref=refs/heads/main&revision=1ebe79181c6a29df1da5649368dec11e137ca7a0&path=//&platform=linux&test_suite_type=unit&modifier_id=0
2025-09-13 19:58:04,2025-09-13,bb006a3,3316707,5449284,60.865005384193594,1184249,2342928,50.54568471587689,https://analysis.chromium.org/coverage/p/chromium/dir?host=chromium.googlesource.com&project=chromium/src&ref=refs/heads/main&revision=bb006a3714038cfea7a5d437c6b072f3227b5c66&path=//&platform=linux&test_suite_type=unit&modifier_id=0
2025-09-14 19:52:25,2025-09-14,066a0b8,3316755,5449233,60.86645588470891,1185327,2342921,50.59184667344738,https://analysis.chromium.org/coverage/p/chromium/dir?host=chromium.googlesource.com&project=chromium/src&ref=refs/heads/main&revision=066a0b873a9c8f5f488d8ca777b3420fdac34f3e&path=//&platform=linux&test_suite_type=unit&modifier_id=0
2025-09-15 19:54:30,2025-09-15,c8598c9,3317363,5450257,60.86617566841343,1184493,2343280,50.54850466013451,https://analysis.chromium.org/coverage/p/chromium/dir?host=chromium.googlesource.com&project=chromium/src&ref=refs/heads/main&revision=c8598c906c1ee0dbd974c477c1e0b8c945e2fd95&path=//&platform=linux&test_suite_type=unit&modifier_id=0
2025-09-16 19:59:19,2025-09-16,1aa3602,3318601,5451558,60.87435921987806,1185424,2343763,50.577810128413155,https://analysis.chromium.org/coverage/p/chromium/dir?host=chromium.googlesource.com&project=chromium/src&ref=refs/heads/main&revision=1aa360295ebeee7f12fc972282aee0d6b0cbc800&path=//&platform=linux&test_suite_type=unit&modifier_id=0
2025-09-17 19:54:39,2025-09-17,7606288,3320856,5453893,60.889643416179965,1187086,2345469,50.61188188801472,https://analysis.chromium.org/coverage/p/chromium/dir?host=chromium.googlesource.com&project=chromium/src&ref=refs/heads/main&revision=76062885fa289e5d1700856b6fbfac3de90e62a3&path=//&platform=linux&test_suite_type=unit&modifier_id=0
2025-09-18 19:58:45,2025-09-18,91dea87,3321197,5455464,60.87835975088462,1186675,2346638,50.569154680014556,https://analysis.chromium.org/coverage/p/chromium/dir?host=chromium.googlesource.com&project=chromium/src&ref=refs/heads/main&revision=91dea872a75c47bfc7120ae411bdfd0b7995ccd4&path=//&platform=linux&test_suite_type=unit&modifier_id=0
2025-09-19 19:59:04,2025-09-19,642e27d,3322208,5456757,60.882461872500464,1187204,2346751,50.58926149386961,https://analysis.chromium.org/coverage/p/chromium/dir?host=chromium.googlesource.com&project=chromium/src&ref=refs/heads/main&revision=642e27dfdeb7287f2c3aa355931e25c7ee9349e2&path=//&platform=linux&test_suite_type=unit&modifier_id=0
2025-09-20 19:58:33,2025-09-20,3f31dd4,3321280,5456812,60.86484196266978,1186766,2346756,50.57048964613279,https://analysis.chromium.org/coverage/p/chromium/dir?host=chromium.googlesource.com&project=chromium/src&ref=refs/heads/main&revision=3f31dd4185d8ececc1fa7479c5b6be0656f6dbec&path=//&platform=linux&test_suite_type=unit&modifier_id=0
2025-09-21 19:57:02,2025-09-21,98c8dec,3321182,5457073,60.86013509439951,1187315,2346922,50.59030508896333,https://analysis.chromium.org/coverage/p/chromium/dir?host=chromium.googlesource.com&project=chromium/src&ref=refs/heads/main&revision=98c8dece28052c736c459c69f0baf624e980eb8d&path=//&platform=linux&test_suite_type=unit&modifier_id=0
2025-09-22 19:45:58,2025-09-22,b0f8a7a,3322566,5458551,60.86901084188826,1187901,2347541,50.60192771926028,https://analysis.chromium.org/coverage/p/chromium/dir?host=chromium.googlesource.com&project=chromium/src&ref=refs/heads/main&revision=b0f8a7a47b4c6d5eb5cbcdf17a81f8f853fee84c&path=//&platform=linux&test_suite_type=unit&modifier_id=0
2025-09-23 19:56:36,2025-09-23,07af493,3320441,5460345,60.81009533280406,1187590,2348516,50.567677631321224,https://analysis.chromium.org/coverage/p/chromium/dir?host=chromium.googlesource.com&project=chromium/src&ref=refs/heads/main&revision=07af49356ef3da209bc98ed4ef9d254bef2c03f4&path=//&platform=linux&test_suite_type=unit&modifier_id=0
2025-09-24 19:00:49,2025-09-24,f66a285,3322083,5460671,60.8365345577494,1186479,2348641,50.51768235332688,https://analysis.chromium.org/coverage/p/chromium/dir?host=chromium.googlesource.com&project=chromium/src&ref=refs/heads/main&revision=f66a285d2ff2d94096cdf90d6ceb33e4248c21fa&path=//&platform=linux&test_suite_type=unit&modifier_id=0
2025-09-25 19:46:37,2025-09-25,c37f119,3323812,5463884,60.83240420184616,1188366,2350015,50.56844318014991,https://analysis.chromium.org/coverage/p/chromium/dir?host=chromium.googlesource.com&project=chromium/src&ref=refs/heads/main&revision=c37f119c698fbb959eb84939a52ed54df114240e&path=//&platform=linux&test_suite_type=unit&modifier_id=0
2025-09-26 19:58:43,2025-09-26,fc43083,3325761,5465052,60.85506597192488,1188676,2350483,50.57156337654857,https://analysis.chromium.org/coverage/p/chromium/dir?host=chromium.googlesource.com&project=chromium/src&ref=refs/heads/main&revision=fc430836806da2d5d0de5653c210efb0d6dd5287&path=//&platform=linux&test_suite_type=unit&modifier_id=0
2025-09-27 19:56:14,2025-09-27,fdf0317,3324956,5464984,60.84109303888172,1189162,2350435,50.593273160074624,https://analysis.chromium.org/coverage/p/chromium/dir?host=chromium.googlesource.com&project=chromium/src&ref=refs/heads/main&revision=fdf03173c2c398be496a77063428ecaeed32f0cd&path=//&platform=linux&test_suite_type=unit&modifier_id=0
2025-09-28 19:56:50,2025-09-28,dfe2e8a,3325450,5465068,60.84919711886476,1189242,2350439,50.59659067944329,https://analysis.chromium.org/coverage/p/chromium/dir?host=chromium.googlesource.com&project=chromium/src&ref=refs/heads/main&revision=dfe2e8a9524568be019835913665b5089fb6a2f2&path=//&platform=linux&test_suite_type=unit&modifier_id=0
2025-09-29 19:56:56,2025-09-29,2704436,3328261,5467084,60.878175641713206,1190010,2351447,50.60756206710166,https://analysis.chromium.org/coverage/p/chromium/dir?host=chromium.googlesource.com&project=chromium/src&ref=refs/heads/main&revision=270443633a22588db9cb2f1593351d88061bfb28&path=//&platform=linux&test_suite_type=unit&modifier_id=0
2025-09-30 19:54:09,2025-09-30,1a17f1e,3328717,5468589,60.86976000573457,1190310,2352205,50.604007728918184,https://analysis.chromium.org/coverage/p/chromium/dir?host=chromium.googlesource.com&project=chromium/src&ref=refs/heads/main&revision=1a17f1e5a225b82826643949f292cbd53fc5d0ab&path=//&platform=linux&test_suite_type=unit&modifier_id=0
2025-10-01 19:59:11,2025-10-01,f7af6e4,3329704,5470269,60.86910899628519,1190211,2352832,50.58631470500231,https://analysis.chromium.org/coverage/p/chromium/dir?host=chromium.googlesource.com&project=chromium/src&ref=refs/heads/main&revision=f7af6e46badf11f295c34151948c30ac0b2bde06&path=//&platform=linux&test_suite_type=unit&modifier_id=0
2025-10-02 19:57:34,2025-10-02,97240af,3330640,5471602,60.87138647876801,1190665,2353624,50.588581693592516,https://analysis.chromium.org/coverage/p/chromium/dir?host=chromium.googlesource.com&project=chromium/src&ref=refs/heads/main&revision=97240afb76b59072e29654fd4cee75c44dab1943&path=//&platform=linux&test_suite_type=unit&modifier_id=0
2025-10-03 19:50:43,2025-10-03,56fb862,3330441,5472385,60.85904043666518,1190904,2353881,50.59321180637424,https://analysis.chromium.org/coverage/p/chromium/dir?host=chromium.googlesource.com&project=chromium/src&ref=refs/heads/main&revision=56fb862b99d2a11e36deed0ae240394f240a26fb&path=//&platform=linux&test_suite_type=unit&modifier_id=0
2025-10-04 19:31:19,2025-10-04,59ed325,3330527,5472947,60.85436237551725,1190471,2354815,50.55475695542962,https://analysis.chromium.org/coverage/p/chromium/dir?host=chromium.googlesource.com&project=chromium/src&ref=refs/heads/main&revision=59ed3253ea9bf2f408c68e7f767728fc2c389df4&path=//&platform=linux&test_suite_type=unit&modifier_id=0
2025-10-05 19:56:49,2025-10-05,6115204,3330935,5472934,60.86196179234027,1191385,2354799,50.59391480971412,https://analysis.chromium.org/coverage/p/chromium/dir?host=chromium.googlesource.com&project=chromium/src&ref=refs/heads/main&revision=6115204aa52e2e9717a256eefa73dd788dc4fd17&path=//&platform=linux&test_suite_type=unit&modifier_id=0
2025-10-06 19:53:27,2025-10-06,c9bbaac,3331280,5474625,60.849464575199214,1191782,2355476,50.59622768391612,https://analysis.chromium.org/coverage/p/chromium/dir?host=chromium.googlesource.com&project=chromium/src&ref=refs/heads/main&revision=c9bbaac96a4aff204dc653af4c4909b18a666755&path=//&platform=linux&test_suite_type=unit&modifier_id=0
2025-10-07 19:51:25,2025-10-07,e1afb33,3331447,5476210,60.834902240783315,1190950,2356274,50.54378225961836,https://analysis.chromium.org/coverage/p/chromium/dir?host=chromium.googlesource.com&project=chromium/src&ref=refs/heads/main&revision=e1afb3333dcb8d76a8ccb79f80ff59e1cce19e16&path=//&platform=linux&test_suite_type=unit&modifier_id=0
2025-10-08 19:55:30,2025-10-08,e409142,3333362,5477397,60.85668064593455,1192946,2356725,50.61880363640221,https://analysis.chromium.org/coverage/p/chromium/dir?host=chromium.googlesource.com&project=chromium/src&ref=refs/heads/main&revision=e40914296adde4b2398c404dfa35d958e2bb5a81&path=//&platform=linux&test_suite_type=unit&modifier_id=0
2025-10-09 19:59:24,2025-10-09,646b46b,3334245,5479128,60.8535701301375,1192901,2357447,50.601392099164904,https://analysis.chromium.org/coverage/p/chromium/dir?host=chromium.googlesource.com&project=chromium/src&ref=refs/heads/main&revision=646b46ba1d19c23edeab26ab22a0dc03030dadf4&path=//&platform=linux&test_suite_type=unit&modifier_id=0
2025-10-10 19:53:45,2025-10-10,ffa0c7b,3334906,5480778,60.847310363601665,1192912,2358257,50.584478282053226,https://analysis.chromium.org/coverage/p/chromium/dir?host=chromium.googlesource.com&project=chromium/src&ref=refs/heads/main&revision=ffa0c7b4a9f603203226d83b26a2b54d680a9077&path=//&platform=linux&test_suite_type=unit&modifier_id=0
2025-10-11 19:50:09,2025-10-11,40f95d2,3335688,5480814,60.861178649740715,1193025,2358323,50.58785416586278,https://analysis.chromium.org/coverage/p/chromium/dir?host=chromium.googlesource.com&project=chromium/src&ref=refs/heads/main&revision=40f95d2ff84eb940a42b6aa7bbcf30e4fee90141&path=//&platform=linux&test_suite_type=unit&modifier_id=0
2025-10-12 19:49:38,2025-10-12,214b799,3332094,5480837,60.79534932347012,1192320,2358331,50.55778853774131,https://analysis.chromium.org/coverage/p/chromium/dir?host=chromium.googlesource.com&project=chromium/src&ref=refs/heads/main&revision=214b799ef2915a58c5e3d3944da7fe795771b4b5&path=//&platform=linux&test_suite_type=unit&modifier_id=0
2025-10-13 19:58:16,2025-10-13,6961508,3336372,5482427,60.855748740475704,1193187,2358883,50.58271224134474,https://analysis.chromium.org/coverage/p/chromium/dir?host=chromium.googlesource.com&project=chromium/src&ref=refs/heads/main&revision=6961508468d62b59a32c6a0018bd757681b3ed77&path=//&platform=linux&test_suite_type=unit&modifier_id=0
2025-10-14 19:51:15,2025-10-14,b4b648b,3338040,5484459,60.86361480685697,1194129,2359738,50.604304376163796,https://analysis.chromium.org/coverage/p/chromium/dir?host=chromium.googlesource.com&project=chromium/src&ref=refs/heads/main&revision=b4b648b61e1e8b6c9d29499f279645bd26d5fb13&path=//&platform=linux&test_suite_type=unit&modifier_id=0
2025-10-15 19:59:20,2025-10-15,0115971,3338636,5485947,60.85797037412137,1195090,2360241,50.63423608012911,https://analysis.chromium.org/coverage/p/chromium/dir?host=chromium.googlesource.com&project=chromium/src&ref=refs/heads/main&revision=01159715bb94b92dcfacd332995ed8587605a174&path=//&platform=linux&test_suite_type=unit&modifier_id=0
2025-10-16 19:57:53,2025-10-16,57934d8,3339063,5487428,60.849326861327384,1194698,2360842,50.60474186752015,https://analysis.chromium.org/coverage/p/chromium/dir?host=chromium.googlesource.com&project=chromium/src&ref=refs/heads/main&revision=57934d8b7546c5ff9f08046730491f2146861aef&path=//&platform=linux&test_suite_type=unit&modifier_id=0
2025-10-17 19:56:49,2025-10-17,073bcc8,3339255,5487731,60.84946583569785,1194661,2361050,50.598716672666825,https://analysis.chromium.org/coverage/p/chromium/dir?host=chromium.googlesource.com&project=chromium/src&ref=refs/heads/main&revision=073bcc8338d6b4c70feac3054503d91caab6fdb2&path=//&platform=linux&test_suite_type=unit&modifier_id=0
2025-10-18 19:30:32,2025-10-18,31e2638,3340745,5488198,60.87143721855516,1196214,2361186,50.66157431053716,https://analysis.chromium.org/coverage/p/chromium/dir?host=chromium.googlesource.com&project=chromium/src&ref=refs/heads/main&revision=31e263804c79b20aef76004a6e6fa2d1319eb6d0&path=//&platform=linux&test_suite_type=unit&modifier_id=0
2025-10-19 19:49:37,2025-10-19,2466e9f,3339475,5488342,60.846700150974556,1194609,2361232,50.592614364026915,https://analysis.chromium.org/coverage/p/chromium/dir?host=chromium.googlesource.com&project=chromium/src&ref=refs/heads/main&revision=2466e9f5a58613ed4b17415fa68e6b09d4339595&path=//&platform=linux&test_suite_type=unit&modifier_id=0
2025-10-20 19:51:13,2025-10-20,91bc65f,3339448,5490468,60.82264754115678,1194056,2362075,50.551146767143294,https://analysis.chromium.org/coverage/p/chromium/dir?host=chromium.googlesource.com&project=chromium/src&ref=refs/heads/main&revision=91bc65f60a8f083c2370a64f4c0398c6fa39253c&path=//&platform=linux&test_suite_type=unit&modifier_id=0
2025-10-21 19:57:15,2025-10-21,fceb636,3340786,5491949,60.83060858722468,1195659,2362535,50.60915499664555,https://analysis.chromium.org/coverage/p/chromium/dir?host=chromium.googlesource.com&project=chromium/src&ref=refs/heads/main&revision=fceb636cc6950c8d6fd290255486e83082c64950&path=//&platform=linux&test_suite_type=unit&modifier_id=0
2025-10-22 19:45:28,2025-10-22,bc8a377,3342509,5494716,60.831333229961295,1195852,2363679,50.592825844795335,https://analysis.chromium.org/coverage/p/chromium/dir?host=chromium.googlesource.com&project=chromium/src&ref=refs/heads/main&revision=bc8a3778042b87c2a3ba19b34529f11dd98ad875&path=//&platform=linux&test_suite_type=unit&modifier_id=0
2025-10-23 19:51:31,2025-10-23,88e7da6,3342676,5497123,60.80773524623699,1195449,2364623,50.55558539352785,https://analysis.chromium.org/coverage/p/chromium/dir?host=chromium.googlesource.com&project=chromium/src&ref=refs/heads/main&revision=88e7da66d66615b228aed8e5e202b8fe45218bcb&path=//&platform=linux&test_suite_type=unit&modifier_id=0
2025-10-24 19:26:23,2025-10-24,51edaae,3342097,5500084,60.76447196079187,1196554,2365867,50.57570860914836,https://analysis.chromium.org/coverage/p/chromium/dir?host=chromium.googlesource.com&project=chromium/src&ref=refs/heads/main&revision=51edaae4845568f8a62b1fa82548ac20d00e0788&path=//&platform=linux&test_suite_type=unit&modifier_id=0
2025-10-25 19:28:09,2025-10-25,d948d26,3344493,5500449,60.80399981892387,1196757,2366114,50.579008450142304,https://analysis.chromium.org/coverage/p/chromium/dir?host=chromium.googlesource.com&project=chromium/src&ref=refs/heads/main&revision=d948d26b20d612ccb5ee0b79e8e75ea669577818&path=//&platform=linux&test_suite_type=unit&modifier_id=0
2025-10-26 19:51:31,2025-10-26,5617f46,3344579,5501056,60.79885389277986,1195879,2366278,50.538398277801676,https://analysis.chromium.org/coverage/p/chromium/dir?host=chromium.googlesource.com&project=chromium/src&ref=refs/heads/main&revision=5617f46d6056df12388539875b8a95fcf26d29de&path=//&platform=linux&test_suite_type=unit&modifier_id=0
2025-10-27 19:48:54,2025-10-27,def5a35,3346202,5504658,60.78855398464355,1197575,2367857,50.57632281003456,https://analysis.chromium.org/coverage/p/chromium/dir?host=chromium.googlesource.com&project=chromium/src&ref=refs/heads/main&revision=def5a35c25fb5959435f2dc6ec5176f953c12e9d&path=//&platform=linux&test_suite_type=unit&modifier_id=0
2025-10-28 19:53:54,2025-10-28,f3c2cc0,3346058,5506050,60.770570554208554,1196594,2368753,50.515777710888386,https://analysis.chromium.org/coverage/p/chromium/dir?host=chromium.googlesource.com&project=chromium/src&ref=refs/heads/main&revision=f3c2cc0f74d9e2946c4a7a74642b2f010d3dc3d3&path=//&platform=linux&test_suite_type=unit&modifier_id=0
2025-10-29 19:58:19,2025-10-29,d79a30f,3346077,5506802,60.7626168509418,1196980,2369153,50.52354153573028,https://analysis.chromium.org/coverage/p/chromium/dir?host=chromium.googlesource.com&project=chromium/src&ref=refs/heads/main&revision=d79a30fd068d6eee03c22bdb20378a0d770283d1&path=//&platform=linux&test_suite_type=unit&modifier_id=0
2025-10-30 19:50:43,2025-10-30,2a02c14,3346668,5507830,60.76200608951257,1197085,2370240,50.50480120156609,https://analysis.chromium.org/coverage/p/chromium/dir?host=chromium.googlesource.com&project=chromium/src&ref=refs/heads/main&revision=2a02c1402cc5f9a1e3b88fe98f426ac86a3e8244&path=//&platform=linux&test_suite_type=unit&modifier_id=0
2025-10-31 19:53:09,2025-10-31,d11d2d5,3347985,5508479,60.77875580536841,1197434,2370236,50.519610705431866,https://analysis.chromium.org/coverage/p/chromium/dir?host=chromium.googlesource.com&project=chromium/src&ref=refs/heads/main&revision=d11d2d50407c1f58a1cb1698a8ae857797404f9f&path=//&platform=linux&test_suite_type=unit&modifier_id=0
2025-11-01 19:51:24,2025-11-01,97a12a6,3347848,5508445,60.77664386228781,1197682,2370252,50.52973270352688,https://analysis.chromium.org/coverage/p/chromium/dir?host=chromium.googlesource.com&project=chromium/src&ref=refs/heads/main&revision=97a12a689330738d7f655ebe3efea377eec695fe&path=//&platform=linux&test_suite_type=unit&modifier_id=0
2025-11-02 19:58:45,2025-11-02,e2231f4,3347335,5508494,60.76679034233313,1197491,2370262,50.52146134056066,https://analysis.chromium.org/coverage/p/chromium/dir?host=chromium.googlesource.com&project=chromium/src&ref=refs/heads/main&revision=e2231f4bc5efea646f0c75891645f84cd35a6b47&path=//&platform=linux&test_suite_type=unit&modifier_id=0
2025-11-03 19:31:32,2025-11-03,1205533,3348662,5508248,60.79359535010043,1198020,2370293,50.543118508977585,https://analysis.chromium.org/coverage/p/chromium/dir?host=chromium.googlesource.com&project=chromium/src&ref=refs/heads/main&revision=12055332ca87931e511c37cb9d66096c19fb7bce&path=//&platform=linux&test_suite_type=unit&modifier_id=0
2025-11-04 19:51:05,2025-11-04,1dced5d,3349422,5511801,60.76819536844672,1198403,2372002,50.52284947483181,https://analysis.chromium.org/coverage/p/chromium/dir?host=chromium.googlesource.com&project=chromium/src&ref=refs/heads/main&revision=1dced5d5e769a3e9ce5e79c14ff80cd1123af550&path=//&platform=linux&test_suite_type=unit&modifier_id=0
2025-11-05 19:53:33,2025-11-05,cb2a8f2,3350706,5515442,60.75135954652411,1200153,2374857,50.53580068189369,https://analysis.chromium.org/coverage/p/chromium/dir?host=chromium.googlesource.com&project=chromium/src&ref=refs/heads/main&revision=cb2a8f2cd0b3277fbcdfb13588473e2c65a4b227&path=//&platform=linux&test_suite_type=unit&modifier_id=0
2025-11-06 19:55:17,2025-11-06,aff0b6a,3352097,5516249,60.767688333140875,1200667,2375448,50.54486564218623,https://analysis.chromium.org/coverage/p/chromium/dir?host=chromium.googlesource.com&project=chromium/src&ref=refs/heads/main&revision=aff0b6a276af42aa0c46f3815fe15ff7670a2361&path=//&platform=linux&test_suite_type=unit&modifier_id=0
2025-11-07 19:33:30,2025-11-07,091e9e8,3354195,5518194,60.784289207664685,1201461,2376315,50.559837395294814,https://analysis.chromium.org/coverage/p/chromium/dir?host=chromium.googlesource.com&project=chromium/src&ref=refs/heads/main&revision=091e9e89827aa90184eca4b9c689c0e606f8dd97&path=//&platform=linux&test_suite_type=unit&modifier_id=0
2025-11-08 19:18:35,2025-11-08,1c970c8,3354918,5518477,60.79427349248715,1202375,2376440,50.59563885475754,https://analysis.chromium.org/coverage/p/chromium/dir?host=chromium.googlesource.com&project=chromium/src&ref=refs/heads/main&revision=1c970c8d4b7f65c4c957073bd075e90328b15d58&path=//&platform=linux&test_suite_type=unit&modifier_id=0
2025-11-09 19:39:58,2025-11-09,f41ae41,3353072,5518531,60.76022767653203,1201153,2376499,50.542962568046526,https://analysis.chromium.org/coverage/p/chromium/dir?host=chromium.googlesource.com&project=chromium/src&ref=refs/heads/main&revision=f41ae4180179c05c0b43069bd19eeb34369d8a50&path=//&platform=linux&test_suite_type=unit&modifier_id=0
2025-11-10 19:59:27,2025-11-10,95884b0,3355118,5519022,60.791893926134016,1201594,2376549,50.56045551764344,https://analysis.chromium.org/coverage/p/chromium/dir?host=chromium.googlesource.com&project=chromium/src&ref=refs/heads/main&revision=95884b0d357c567fb38ab36a5dde9efdb828cb5f&path=//&platform=linux&test_suite_type=unit&modifier_id=0
2025-11-11 19:49:00,2025-11-11,49198ae,3355712,5519561,60.796719159367925,1201754,2376897,50.55978445847675,https://analysis.chromium.org/coverage/p/chromium/dir?host=chromium.googlesource.com&project=chromium/src&ref=refs/heads/main&revision=49198ae96da18f4eba601064f4689101b091237d&path=//&platform=linux&test_suite_type=unit&modifier_id=0
2025-11-12 19:54:00,2025-11-12,afedab2,3356484,5521026,60.79456970497875,1202561,2377872,50.57299131324142,https://analysis.chromium.org/coverage/p/chromium/dir?host=chromium.googlesource.com&project=chromium/src&ref=refs/heads/main&revision=afedab28b4633e7d207665016931942a30367d6b&path=//&platform=linux&test_suite_type=unit&modifier_id=0
2025-11-13 19:59:35,2025-11-13,0c3bf92,3357060,5521940,60.794938010916454,1201756,2378320,50.529617545157926,https://analysis.chromium.org/coverage/p/chromium/dir?host=chromium.googlesource.com&project=chromium/src&ref=refs/heads/main&revision=0c3bf9240a8791e2cba3c7b555383f291a219e37&path=//&platform=linux&test_suite_type=unit&modifier_id=0
2025-11-14 19:58:39,2025-11-14,fc55fdd,3331468,5524725,60.3010647588794,1191922,2379770,50.08559650722549,https://analysis.chromium.org/coverage/p/chromium/dir?host=chromium.googlesource.com&project=chromium/src&ref=refs/heads/main&revision=fc55fdddf300bd573793a7c00a084be51e40968a&path=//&platform=linux&test_suite_type=unit&modifier_id=0
2025-11-15 19:48:22,2025-11-15,352ccc6,3327634,5524881,60.22996694408441,1190366,2379835,50.01884584435476,https://analysis.chromium.org/coverage/p/chromium/dir?host=chromium.googlesource.com&project=chromium/src&ref=refs/heads/main&revision=352ccc6fe32fe63e83f6d2dc9289ce7ac063c56c&path=//&platform=linux&test_suite_type=unit&modifier_id=0
2025-11-16 19:58:11,2025-11-16,fb175e3,3331425,5524885,60.29854015060947,1191156,2379822,50.05231483699201,https://analysis.chromium.org/coverage/p/chromium/dir?host=chromium.googlesource.com&project=chromium/src&ref=refs/heads/main&revision=fb175e333fa8d6a560444e4352600f015856ffb3&path=//&platform=linux&test_suite_type=unit&modifier_id=0
2025-11-17 19:43:03,2025-11-17,88d604a,3363156,5526755,60.852272264647155,1205063,2380640,50.61928725048726,https://analysis.chromium.org/coverage/p/chromium/dir?host=chromium.googlesource.com&project=chromium/src&ref=refs/heads/main&revision=88d604a44e8d441feeb6089aa397c119bffa94cb&path=//&platform=linux&test_suite_type=unit&modifier_id=0
2025-11-19 19:51:06,2025-11-19,7ebb4b2,3364394,5530024,60.83868713770501,1204020,2382053,50.545474848796395,https://analysis.chromium.org/coverage/p/chromium/dir?host=chromium.googlesource.com&project=chromium/src&ref=refs/heads/main&revision=7ebb4b2a887892dd6a1ff7bbd7c9ce05c2c1a306&path=//&platform=linux&test_suite_type=unit&modifier_id=0
2025-11-20 19:57:29,2025-11-20,d2721d3,3365280,5531696,60.83631493849264,1205553,2382818,50.593582892189,https://analysis.chromium.org/coverage/p/chromium/dir?host=chromium.googlesource.com&project=chromium/src&ref=refs/heads/main&revision=d2721d33468aeeda78c2a51778127bb3b3d97f20&path=//&platform=linux&test_suite_type=unit&modifier_id=0
2025-11-21 19:54:42,2025-11-21,e52c511,3365133,5532728,60.822310440708456,1204687,2383158,50.55002647747233,https://analysis.chromium.org/coverage/p/chromium/dir?host=chromium.googlesource.com&project=chromium/src&ref=refs/heads/main&revision=e52c5113d7f759db4f390392c0296c060374bb53&path=//&platform=linux&test_suite_type=unit&modifier_id=0
2025-11-22 18:41:48,2025-11-22,db2913e,3366007,5532838,60.836897809044835,1204489,2383194,50.540954701967195,https://analysis.chromium.org/coverage/p/chromium/dir?host=chromium.googlesource.com&project=chromium/src&ref=refs/heads/main&revision=db2913e838a8766d046e5f0c9184d3ba250e3518&path=//&platform=linux&test_suite_type=unit&modifier_id=0
2025-11-23 19:43:08,2025-11-23,dbbc080,3367199,5532888,60.857891936363075,1206301,2383201,50.61683844543536,https://analysis.chromium.org/coverage/p/chromium/dir?host=chromium.googlesource.com&project=chromium/src&ref=refs/heads/main&revision=dbbc0800dd756619d26c0c5836d8af556b7a7719&path=//&platform=linux&test_suite_type=unit&modifier_id=0
2025-11-24 19:57:34,2025-11-24,54828dd,3366645,5533240,60.844008212186715,1205824,2383532,50.58979699034877,https://analysis.chromium.org/coverage/p/chromium/dir?host=chromium.googlesource.com&project=chromium/src&ref=refs/heads/main&revision=54828dd11a5fc3b7f5c56e28df140a3a52658ac5&path=//&platform=linux&test_suite_type=unit&modifier_id=0
2025-11-25 19:58:56,2025-11-25,5619214,3367047,5534143,60.84134435991264,1206657,2384360,50.607165025415625,https://analysis.chromium.org/coverage/p/chromium/dir?host=chromium.googlesource.com&project=chromium/src&ref=refs/heads/main&revision=5619214ef232602f8f3adf41ad316143dbbfdae2&path=//&platform=linux&test_suite_type=unit&modifier_id=0
2025-11-26 19:42:15,2025-11-26,1eba70e,3369133,5537434,60.842856095440595,1207005,2385484,50.59790801363581,https://analysis.chromium.org/coverage/p/chromium/dir?host=chromium.googlesource.com&project=chromium/src&ref=refs/heads/main&revision=1eba70e23a1bb51322d0f0adebedbfcf17283621&path=//&platform=linux&test_suite_type=unit&modifier_id=0
2025-11-27 19:40:07,2025-11-27,2d10b65,3370078,5539169,60.840858980832685,1207574,2385956,50.6117464026998,https://analysis.chromium.org/coverage/p/chromium/dir?host=chromium.googlesource.com&project=chromium/src&ref=refs/heads/main&revision=2d10b65ed620bc95e5e4c47fcf5f9b29e3759059&path=//&platform=linux&test_suite_type=unit&modifier_id=0
2025-11-28 19:55:11,2025-11-28,1f1de68,3368297,5540348,60.79576589773783,1206506,2386466,50.55617804737214,https://analysis.chromium.org/coverage/p/chromium/dir?host=chromium.googlesource.com&project=chromium/src&ref=refs/heads/main&revision=1f1de683087634de4aed3a5fd9f27813dc5c852f&path=//&platform=linux&test_suite_type=unit&modifier_id=0
2025-11-29 19:30:08,2025-11-29,f60d03e,3368032,5540433,60.79005016394928,1206750,2386512,50.565427703694766,https://analysis.chromium.org/coverage/p/chromium/dir?host=chromium.googlesource.com&project=chromium/src&ref=refs/heads/main&revision=f60d03e7bd738dea957e5bcc3aaeb78e2f6718e8&path=//&platform=linux&test_suite_type=unit&modifier_id=0
2025-11-30 19:49:24,2025-11-30,419e322,3369991,5540592,60.82366288656519,1206745,2386538,50.56466731307023,https://analysis.chromium.org/coverage/p/chromium/dir?host=chromium.googlesource.com&project=chromium/src&ref=refs/heads/main&revision=419e322dc9b32e7831a3f8cca9ce64762eeb9fd9&path=//&platform=linux&test_suite_type=unit&modifier_id=0
2025-12-01 19:59:30,2025-12-01,3779098,3371365,5541258,60.841148345736656,1207825,2387015,50.59980770962897,https://analysis.chromium.org/coverage/p/chromium/dir?host=chromium.googlesource.com&project=chromium/src&ref=refs/heads/main&revision=37790984312df7f6d29050b71574204895eef749&path=//&platform=linux&test_suite_type=unit&modifier_id=0
2025-12-02 19:54:41,2025-12-02,2f6a6bc,3369812,5542123,60.80363066644317,1206202,2387969,50.511627244742286,https://analysis.chromium.org/coverage/p/chromium/dir?host=chromium.googlesource.com&project=chromium/src&ref=refs/heads/main&revision=2f6a6bc3dac8a8fd0ad95bb687a8ac96be6c0779&path=//&platform=linux&test_suite_type=unit&modifier_id=0
2025-12-03 19:39:25,2025-12-03,8e69d7e,3370172,5542358,60.807547978676226,1207475,2388555,50.55253071417656,https://analysis.chromium.org/coverage/p/chromium/dir?host=chromium.googlesource.com&project=chromium/src&ref=refs/heads/main&revision=8e69d7e463fa2907a1ca2b1ec1b6a7a3f8f0d564&path=//&platform=linux&test_suite_type=unit&modifier_id=0
2025-12-04 19:41:32,2025-12-04,9ddf9a9,3366519,5540310,60.764090818022815,1206309,2387552,50.524930975325354,https://analysis.chromium.org/coverage/p/chromium/dir?host=chromium.googlesource.com&project=chromium/src&ref=refs/heads/main&revision=9ddf9a9b63d0c1fde77b14f7eb39538906ede691&path=//&platform=linux&test_suite_type=unit&modifier_id=0
2025-12-05 19:49:08,2025-12-05,ae0ff8e,3370096,5542928,60.799923794788604,1207065,2388843,50.52927295766193,https://analysis.chromium.org/coverage/p/chromium/dir?host=chromium.googlesource.com&project=chromium/src&ref=refs/heads/main&revision=ae0ff8ef916a9ec78b3dbe33a2b4058186decbf6&path=//&platform=linux&test_suite_type=unit&modifier_id=0
2025-12-06 19:51:54,2025-12-06,1eda529,3369911,5543079,60.7949300379807,1207244,2388928,50.53496798564042,https://analysis.chromium.org/coverage/p/chromium/dir?host=chromium.googlesource.com&project=chromium/src&ref=refs/heads/main&revision=1eda5296da3340710f746695ae05316513f63b82&path=//&platform=linux&test_suite_type=unit&modifier_id=0
2025-12-07 19:53:28,2025-12-07,97f1800,3370926,5543193,60.81199048995769,1207385,2388950,50.540404780342826,https://analysis.chromium.org/coverage/p/chromium/dir?host=chromium.googlesource.com&project=chromium/src&ref=refs/heads/main&revision=97f1800a8410359be3575ca26f112901e9386ebc&path=//&platform=linux&test_suite_type=unit&modifier_id=0
2025-12-08 19:55:02,2025-12-08,fc6ec3c,3372707,5544748,60.827056522676955,1207790,2389507,50.54557278970097,https://analysis.chromium.org/coverage/p/chromium/dir?host=chromium.googlesource.com&project=chromium/src&ref=refs/heads/main&revision=fc6ec3ca4ac027419d3f3496b2dd33b8b33bee40&path=//&platform=linux&test_suite_type=unit&modifier_id=0
2025-12-09 19:52:10,2025-12-09,a7db2f0,3373275,5547561,60.806451700125514,1208350,2390717,50.54341438154328,https://analysis.chromium.org/coverage/p/chromium/dir?host=chromium.googlesource.com&project=chromium/src&ref=refs/heads/main&revision=a7db2f0ae1124d2b8d4270a290920e910d4add07&path=//&platform=linux&test_suite_type=unit&modifier_id=0
2025-12-10 19:59:36,2025-12-10,91f7ecd,3375181,5549429,60.820329442903045,1208398,2391952,50.5193248025044,https://analysis.chromium.org/coverage/p/chromium/dir?host=chromium.googlesource.com&project=chromium/src&ref=refs/heads/main&revision=91f7ecd0acd53a9762e4d6b2bd414c767088b5ca&path=//&platform=linux&test_suite_type=unit&modifier_id=0
2025-12-11 19:22:51,2025-12-11,5e287ec,3377163,5551563,60.83265199368178,1209174,2392872,50.532331023138724,https://analysis.chromium.org/coverage/p/chromium/dir?host=chromium.googlesource.com&project=chromium/src&ref=refs/heads/main&revision=5e287ec56e38c25e74dcdb957c67b362020433d7&path=//&platform=linux&test_suite_type=unit&modifier_id=0
2025-12-12 19:50:40,2025-12-12,aae538e,3377233,5552993,60.81824702462258,1209773,2393848,50.53675087140036,https://analysis.chromium.org/coverage/p/chromium/dir?host=chromium.googlesource.com&project=chromium/src&ref=refs/heads/main&revision=aae538e62d0ad1b0e5386a598b30f165c48598e7&path=//&platform=linux&test_suite_type=unit&modifier_id=0
2025-12-13 19:58:12,2025-12-13,bc39d16,3378882,5552790,60.85016721323875,1211429,2393728,50.608465122185976,https://analysis.chromium.org/coverage/p/chromium/dir?host=chromium.googlesource.com&project=chromium/src&ref=refs/heads/main&revision=bc39d1623c203110bb7e10e6ab5b05ae0851abef&path=//&platform=linux&test_suite_type=unit&modifier_id=0
2025-12-14 19:59:26,2025-12-14,b429732,3377053,5552891,60.816122628735194,1209170,2393754,50.513544833763206,https://analysis.chromium.org/coverage/p/chromium/dir?host=chromium.googlesource.com&project=chromium/src&ref=refs/heads/main&revision=b429732166a1610f624ce159763b4d4e8a726ea8&path=//&platform=linux&test_suite_type=unit&modifier_id=0
2025-12-15 19:52:47,2025-12-15,52ae8ea,3379194,5555065,60.83086336523515,1211216,2395029,50.572080755598364,https://analysis.chromium.org/coverage/p/chromium/dir?host=chromium.googlesource.com&project=chromium/src&ref=refs/heads/main&revision=52ae8eae0e6920849dbdf9813a65b485e9407bdd&path=//&platform=linux&test_suite_type=unit&modifier_id=0
2025-12-16 19:51:58,2025-12-16,acbc29e,3378910,5557282,60.80148533041872,1210081,2396688,50.48971747678463,https://analysis.chromium.org/coverage/p/chromium/dir?host=chromium.googlesource.com&project=chromium/src&ref=refs/heads/main&revision=acbc29ea7b22f9989e8c4e4b4df823e90b87c13c&path=//&platform=linux&test_suite_type=unit&modifier_id=0
2025-12-17 19:50:27,2025-12-17,4142d96,3380553,5559538,60.806365564908454,1211523,2397744,50.527620963705886,https://analysis.chromium.org/coverage/p/chromium/dir?host=chromium.googlesource.com&project=chromium/src&ref=refs/heads/main&revision=4142d96015523775ce8d7e913b237b1b6d518343&path=//&platform=linux&test_suite_type=unit&modifier_id=0
2025-12-18 19:55:19,2025-12-18,a9cd34a,3381585,5562437,60.793227860378465,1210971,2398859,50.48112456797169,https://analysis.chromium.org/coverage/p/chromium/dir?host=chromium.googlesource.com&project=chromium/src&ref=refs/heads/main&revision=a9cd34a44ab9793a37b4f9a552b1b5d1c04e38ff&path=//&platform=linux&test_suite_type=unit&modifier_id=0
2025-12-19 19:59:14,2025-12-19,0a54166,3382626,5562420,60.81212853398341,1211545,2398836,50.5055368520399,https://analysis.chromium.org/coverage/p/chromium/dir?host=chromium.googlesource.com&project=chromium/src&ref=refs/heads/main&revision=0a54166820d232189a3ca4c9474b2c1d61e5543c&path=//&platform=linux&test_suite_type=unit&modifier_id=0
2025-12-20 19:45:18,2025-12-20,548280b,3383411,5562148,60.829215619577184,1212065,2398704,50.52999453037974,https://analysis.chromium.org/coverage/p/chromium/dir?host=chromium.googlesource.com&project=chromium/src&ref=refs/heads/main&revision=548280b703df84574e28cb89e596fed504b440ef&path=//&platform=linux&test_suite_type=unit&modifier_id=0
2025-12-21 19:56:19,2025-12-21,f899a76,3383319,5562146,60.827583454299834,1212251,2398718,50.53745375654829,https://analysis.chromium.org/coverage/p/chromium/dir?host=chromium.googlesource.com&project=chromium/src&ref=refs/heads/main&revision=f899a76bec6cc54459d90d72c8a8c80f6496a942&path=//&platform=linux&test_suite_type=unit&modifier_id=0
2025-12-22 19:59:10,2025-12-22,f4dce75,3384386,5563397,60.83308453450293,1211812,2399435,50.50405616322176,https://analysis.chromium.org/coverage/p/chromium/dir?host=chromium.googlesource.com&project=chromium/src&ref=refs/heads/main&revision=f4dce755c3d7ab86ac9a4d390476f49d2d42af12&path=//&platform=linux&test_suite_type=unit&modifier_id=0
2025-12-23 19:47:17,2025-12-23,7a539c6,3383938,5563847,60.82011241502507,1212536,2399562,50.53155534218328,https://analysis.chromium.org/coverage/p/chromium/dir?host=chromium.googlesource.com&project=chromium/src&ref=refs/heads/main&revision=7a539c6f8e55c8f3c003aa05f03716bbc522ab78&path=//&platform=linux&test_suite_type=unit&modifier_id=0
2025-12-24 19:51:08,2025-12-24,188691d,3382330,5563938,60.79021728854635,1212430,2399614,50.52604293857262,https://analysis.chromium.org/coverage/p/chromium/dir?host=chromium.googlesource.com&project=chromium/src&ref=refs/heads/main&revision=188691d01b1ae989c8a005d75694f1bb90ad9121&path=//&platform=linux&test_suite_type=unit&modifier_id=0
2025-12-25 19:50:05,2025-12-25,013e31b,3384100,5563965,60.821734141030724,1213909,2399632,50.58729838575248,https://analysis.chromium.org/coverage/p/chromium/dir?host=chromium.googlesource.com&project=chromium/src&ref=refs/heads/main&revision=013e31bf6b6de7de9e556ccda99a96af656981b0&path=//&platform=linux&test_suite_type=unit&modifier_id=0
2025-12-26 19:29:59,2025-12-26,b8078f9,3383350,5564073,60.80707424219632,1212738,2399632,50.538499236549605,https://analysis.chromium.org/coverage/p/chromium/dir?host=chromium.googlesource.com&project=chromium/src&ref=refs/heads/main&revision=b8078f9ff1d2f742311ef5449e59b0d53bad914e&path=//&platform=linux&test_suite_type=unit&modifier_id=0
2025-12-27 19:18:29,2025-12-27,7f4b34d,3384392,5564085,60.82567034831423,1212729,2399629,50.53818736146296,https://analysis.chromium.org/coverage/p/chromium/dir?host=chromium.googlesource.com&project=chromium/src&ref=refs/heads/main&revision=7f4b34d7d7e6e302209594f41c74069260d56331&path=//&platform=linux&test_suite_type=unit&modifier_id=0
2025-12-28 19:48:43,2025-12-28,616d4c1,3384210,5564095,60.822290057951925,1211864,2399633,50.5020559393874,https://analysis.chromium.org/coverage/p/chromium/dir?host=chromium.googlesource.com&project=chromium/src&ref=refs/heads/main&revision=616d4c1e868afdec696208e058f05ee77b4b389d&path=//&platform=linux&test_suite_type=unit&modifier_id=0
2025-12-29 19:54:01,2025-12-29,d7b8f46,3384389,5567108,60.79258746192817,1212806,2401117,50.510075102546026,https://analysis.chromium.org/coverage/p/chromium/dir?host=chromium.googlesource.com&project=chromium/src&ref=refs/heads/main&revision=d7b8f46596ea07f7a5c49ab63a60c24cdbcf90b9&path=//&platform=linux&test_suite_type=unit&modifier_id=0
2025-12-30 19:59:02,2025-12-30,ea9d54f,3382927,5567586,60.7611090336099,1211190,2401146,50.442163866753624,https://analysis.chromium.org/coverage/p/chromium/dir?host=chromium.googlesource.com&project=chromium/src&ref=refs/heads/main&revision=ea9d54f58823b7314fabe39958a31e90fc2eb9d3&path=//&platform=linux&test_suite_type=unit&modifier_id=0
2025-12-31 19:47:04,2025-12-31,0353b83,3384224,5567673,60.78345477545107,1212638,2401190,50.501542984936634,https://analysis.chromium.org/coverage/p/chromium/dir?host=chromium.googlesource.com&project=chromium/src&ref=refs/heads/main&revision=0353b8380feec043fd21b70d2fae81d47bb7e27f&path=//&platform=linux&test_suite_type=unit&modifier_id=0
2026-01-01 19:48:28,2026-01-01,76aef29,3383474,5567717,60.769503909771274,1212060,2401202,50.47721932598757,https://analysis.chromium.org/coverage/p/chromium/dir?host=chromium.googlesource.com&project=chromium/src&ref=refs/heads/main&revision=76aef29fa8277224d0a4c3e779917dcb737e5b9c&path=//&platform=linux&test_suite_type=unit&modifier_id=0
2026-01-02 19:50:07,2026-01-02,197c945,3384298,5568114,60.77996966297744,1212667,2401309,50.50024798974226,https://analysis.chromium.org/coverage/p/chromium/dir?host=chromium.googlesource.com&project=chromium/src&ref=refs/heads/main&revision=197c945686c7305c20f3042d5c35b612d717d2e9&path=//&platform=linux&test_suite_type=unit&modifier_id=0
2026-01-03 14:16:24,2026-01-03,ddd4762,3384413,5568210,60.78098706765729,1213147,2401357,50.519227253590365,https://analysis.chromium.org/coverage/p/chromium/dir?host=chromium.googlesource.com&project=chromium/src&ref=refs/heads/main&revision=ddd47623c276b2f01135c0f4a12053d083b114ea&path=//&platform=linux&test_suite_type=unit&modifier_id=0
2026-01-04 19:59:43,2026-01-04,f7ff363,3383769,5568362,60.76776258440094,1212103,2401418,50.474469667504785,https://analysis.chromium.org/coverage/p/chromium/dir?host=chromium.googlesource.com&project=chromium/src&ref=refs/heads/main&revision=f7ff363168c0cbd5e039babd64b6f6e63365ac35&path=//&platform=linux&test_suite_type=unit&modifier_id=0
2026-01-05 19:56:40,2026-01-05,71b0d1c,3385981,5568868,60.80196190680045,1213771,2402000,50.53168193172356,https://analysis.chromium.org/coverage/p/chromium/dir?host=chromium.googlesource.com&project=chromium/src&ref=refs/heads/main&revision=71b0d1c72d870c406dac54e58109b04437335618&path=//&platform=linux&test_suite_type=unit&modifier_id=0
2026-01-06 19:56:34,2026-01-06,86ec432,3386500,5569827,60.80081122806866,1213987,2402506,50.53002989378591,https://analysis.chromium.org/coverage/p/chromium/dir?host=chromium.googlesource.com&project=chromium/src&ref=refs/heads/main&revision=86ec43247e77d222df67b4c11a4e64ae8d67695a&path=//&platform=linux&test_suite_type=unit&modifier_id=0
2026-01-07 19:41:34,2026-01-07,45503e9,3387473,5571676,60.798097376803675,1214192,2402909,50.53008665746393,https://analysis.chromium.org/coverage/p/chromium/dir?host=chromium.googlesource.com&project=chromium/src&ref=refs/heads/main&revision=45503e9d52b1e44829663612935f3e5c9d35f1a3&path=//&platform=linux&test_suite_type=unit&modifier_id=0
2026-01-08 19:59:51,2026-01-08,81d8ad3,3388331,5574171,60.78627656022752,1214444,2403803,50.52177736694729,https://analysis.chromium.org/coverage/p/chromium/dir?host=chromium.googlesource.com&project=chromium/src&ref=refs/heads/main&revision=81d8ad3cc145d109ea81870d7dbae79af37ca5ea&path=//&platform=linux&test_suite_type=unit&modifier_id=0
2026-01-09 19:46:18,2026-01-09,20431f6,3389205,5576313,60.778600483868104,1214562,2405198,50.49738108879186,https://analysis.chromium.org/coverage/p/chromium/dir?host=chromium.googlesource.com&project=chromium/src&ref=refs/heads/main&revision=20431f62aef0cd888a31411b5d0fc84ef271e4c4&path=//&platform=linux&test_suite_type=unit&modifier_id=0
2026-01-10 19:40:15,2026-01-10,2be5a1c,3389971,5576219,60.793361953682236,1215431,2405093,50.53571732984962,https://analysis.chromium.org/coverage/p/chromium/dir?host=chromium.googlesource.com&project=chromium/src&ref=refs/heads/main&revision=2be5a1c64742b89040ab5c5691c8c9b34e7b0d92&path=//&platform=linux&test_suite_type=unit&modifier_id=0
2026-01-11 19:57:03,2026-01-11,b7c3cc4,3388948,5576229,60.77490719982985,1214811,2405095,50.50989669846721,https://analysis.chromium.org/coverage/p/chromium/dir?host=chromium.googlesource.com&project=chromium/src&ref=refs/heads/main&revision=b7c3cc4ca3ee5884c5648fce3d909792fc267390&path=//&platform=linux&test_suite_type=unit&modifier_id=0
2026-01-12 19:36:54,2026-01-12,46767f2,3393574,5578309,60.83517424366416,1216737,2406305,50.56453774563075,https://analysis.chromium.org/coverage/p/chromium/dir?host=chromium.googlesource.com&project=chromium/src&ref=refs/heads/main&revision=46767f2413323a7e98ccc980252eee193c0246ba&path=//&platform=linux&test_suite_type=unit&modifier_id=0
2026-01-13 19:59:46,2026-01-13,4004871,3390336,5572417,60.841390728655085,1215289,2405824,50.5144599106169,https://analysis.chromium.org/coverage/p/chromium/dir?host=chromium.googlesource.com&project=chromium/src&ref=refs/heads/main&revision=40048716e6d126ff8d2252d2e0d8e88d2dbbd525&path=//&platform=linux&test_suite_type=unit&modifier_id=0
2026-01-14 19:44:36,2026-01-14,9f49c46,3390415,5573654,60.82930515600717,1215899,2406420,50.52729781168707,https://analysis.chromium.org/coverage/p/chromium/dir?host=chromium.googlesource.com&project=chromium/src&ref=refs/heads/main&revision=9f49c462115eeb4a4a012b4e1d9412e6a8dcc309&path=//&platform=linux&test_suite_type=unit&modifier_id=0
2026-01-15 19:57:12,2026-01-15,adf0dbd,3393567,5576462,60.85519815252036,1216513,2407265,50.53506780516478,https://analysis.chromium.org/coverage/p/chromium/dir?host=chromium.googlesource.com&project=chromium/src&ref=refs/heads/main&revision=adf0dbd49ab32f907d7f91df890820143c068279&path=//&platform=linux&test_suite_type=unit&modifier_id=0
2026-01-16 19:45:29,2026-01-16,6b8cac3,3391487,5577386,60.80782287616457,1206895,2392523,50.444447138021246,https://analysis.chromium.org/coverage/p/chromium/dir?host=chromium.googlesource.com&project=chromium/src&ref=refs/heads/main&revision=6b8cac38fddc27ce1544b4ed42d63c0d687cd113&path=//&platform=linux&test_suite_type=unit&modifier_id=0
2026-01-17 19:50:31,2026-01-17,ed45615,3391145,5577433,60.801178606717464,1207119,2392711,50.44984538458677,https://analysis.chromium.org/coverage/p/chromium/dir?host=chromium.googlesource.com&project=chromium/src&ref=refs/heads/main&revision=ed456158fcbc5249e87fdf1e4a94d220ed70484e&path=//&platform=linux&test_suite_type=unit&modifier_id=0
2026-01-18 19:59:44,2026-01-18,2b3923a,3390990,5577477,60.79791991970563,1206623,2392744,50.428420257244404,https://analysis.chromium.org/coverage/p/chromium/dir?host=chromium.googlesource.com&project=chromium/src&ref=refs/heads/main&revision=2b3923a7046fe7c032be104947aaef1b3eea2afd&path=//&platform=linux&test_suite_type=unit&modifier_id=0
2026-01-19 19:58:48,2026-01-19,ac064a2,3390438,5577125,60.79185960508327,1206327,2392525,50.42066436087397,https://analysis.chromium.org/coverage/p/chromium/dir?host=chromium.googlesource.com&project=chromium/src&ref=refs/heads/main&revision=ac064a20728852f656ba44b801cac36f5bb41105&path=//&platform=linux&test_suite_type=unit&modifier_id=0
2026-01-20 19:56:34,2026-01-20,01d19e6,3391635,5579551,60.78688052138963,1206894,2393417,50.42556311750104,https://analysis.chromium.org/coverage/p/chromium/dir?host=chromium.googlesource.com&project=chromium/src&ref=refs/heads/main&revision=01d19e61c4345d3fe1ef092c366d684f8d62c369&path=//&platform=linux&test_suite_type=unit&modifier_id=0
2026-01-21 19:45:13,2026-01-21,e9b3569,3393175,5581629,60.79184051824297,1207276,2394201,50.425006087625896,https://analysis.chromium.org/coverage/p/chromium/dir?host=chromium.googlesource.com&project=chromium/src&ref=refs/heads/main&revision=e9b356950de7697ee127c116017a55254cf8192c&path=//&platform=linux&test_suite_type=unit&modifier_id=0
2026-01-22 19:59:34,2026-01-22,087ca7c,3393601,5582118,60.794146594536336,1206720,2394774,50.3897236231895,https://analysis.chromium.org/coverage/p/chromium/dir?host=chromium.googlesource.com&project=chromium/src&ref=refs/heads/main&revision=087ca7c7c8c2c75d717c6c020dca03c2fdb453e3&path=//&platform=linux&test_suite_type=unit&modifier_id=0
2026-01-23 19:49:08,2026-01-23,cd75943,3395480,5583498,60.812773641183355,1208111,2395639,50.42959310647389,https://analysis.chromium.org/coverage/p/chromium/dir?host=chromium.googlesource.com&project=chromium/src&ref=refs/heads/main&revision=cd759432ba4841ec682ba03c1c4e24e7193a4555&path=//&platform=linux&test_suite_type=unit&modifier_id=0
2026-01-24 19:49:11,2026-01-24,665606c,3395750,5583430,60.81835001065653,1207784,2395602,50.41672197635501,https://analysis.chromium.org/coverage/p/chromium/dir?host=chromium.googlesource.com&project=chromium/src&ref=refs/heads/main&revision=665606c36b8a8d8911d4c8a4a04ec0293ada807e&path=//&platform=linux&test_suite_type=unit&modifier_id=0
2026-01-25 19:45:10,2026-01-25,f2d2cad,3396202,5583491,60.825780860038996,1208645,2395626,50.45215739017693,https://analysis.chromium.org/coverage/p/chromium/dir?host=chromium.googlesource.com&project=chromium/src&ref=refs/heads/main&revision=f2d2cad7697c941615847ae503eb9b3b64773cce&path=//&platform=linux&test_suite_type=unit&modifier_id=0
2026-01-26 19:51:17,2026-01-26,1719b2e,3396960,5585253,60.820163383825225,1208344,2396591,50.4192830566417,https://analysis.chromium.org/coverage/p/chromium/dir?host=chromium.googlesource.com&project=chromium/src&ref=refs/heads/main&revision=1719b2e80112ff45617ee7ccd80ab6f05655cdcc&path=//&platform=linux&test_suite_type=unit&modifier_id=0
2026-01-27 19:54:00,2026-01-27,5da82c9,3398802,5587591,60.82768047983469,1209316,2397506,50.44058283900019,https://analysis.chromium.org/coverage/p/chromium/dir?host=chromium.googlesource.com&project=chromium/src&ref=refs/heads/main&revision=5da82c9e8b369bdccde864fb5c8efc4ff7c974d5&path=//&platform=linux&test_suite_type=unit&modifier_id=0
2026-01-28 19:56:35,2026-01-28,51c0ebf,3397472,5588586,60.793052124455095,1208572,2397920,50.40084740108094,https://analysis.chromium.org/coverage/p/chromium/dir?host=chromium.googlesource.com&project=chromium/src&ref=refs/heads/main&revision=51c0ebfef0b9e789a2371c157a8f48794b8d39b3&path=//&platform=linux&test_suite_type=unit&modifier_id=0
2026-01-29 19:58:13,2026-01-29,7c15310,3397499,5590685,60.77071056587878,1208080,2399390,50.34946382205477,https://analysis.chromium.org/coverage/p/chromium/dir?host=chromium.googlesource.com&project=chromium/src&ref=refs/heads/main&revision=7c15310e8e7c9a1b1ce59a8fb906fb71770cf16f&path=//&platform=linux&test_suite_type=unit&modifier_id=0
2026-01-30 19:59:52,2026-01-30,9275292,3399108,5592605,60.77861747790162,1209658,2400227,50.397649888948,https://analysis.chromium.org/coverage/p/chromium/dir?host=chromium.googlesource.com&project=chromium/src&ref=refs/heads/main&revision=927529240b3d96374d7e79b0c7a728bdde22ab0e&path=//&platform=linux&test_suite_type=unit&modifier_id=0
2026-01-31 19:17:03,2026-01-31,860960d,3398454,5592700,60.76589125109518,1209804,2400357,50.40100285082594,https://analysis.chromium.org/coverage/p/chromium/dir?host=chromium.googlesource.com&project=chromium/src&ref=refs/heads/main&revision=860960d7ffd70e8fe6ed00669444dd68280efde5&path=//&platform=linux&test_suite_type=unit&modifier_id=0
2026-02-01 19:57:48,2026-02-01,631b2f0,3399443,5592603,60.78462926833891,1209461,2400345,50.38696520708481,https://analysis.chromium.org/coverage/p/chromium/dir?host=chromium.googlesource.com&project=chromium/src&ref=refs/heads/main&revision=631b2f03eb038c889616be09626aadd437d660e6&path=//&platform=linux&test_suite_type=unit&modifier_id=0
2026-02-02 19:59:42,2026-02-02,8d549d0,3399674,5594740,60.76554048981722,1209313,2401551,50.35549942516315,https://analysis.chromium.org/coverage/p/chromium/dir?host=chromium.googlesource.com&project=chromium/src&ref=refs/heads/main&revision=8d549d06585c10e5e6e7123a828d975509150865&path=//&platform=linux&test_suite_type=unit&modifier_id=0
2026-02-03 19:59:46,2026-02-03,0346189,3399633,5596583,60.74479731650545,1210088,2402656,50.36459651319207,https://analysis.chromium.org/coverage/p/chromium/dir?host=chromium.googlesource.com&project=chromium/src&ref=refs/heads/main&revision=0346189b2be5f8841961937e0f4aa6b570a711af&path=//&platform=linux&test_suite_type=unit&modifier_id=0
2026-02-04 19:56:53,2026-02-04,38e260c,3399621,5596979,60.740285071643115,1209229,2402753,50.326812618691974,https://analysis.chromium.org/coverage/p/chromium/dir?host=chromium.googlesource.com&project=chromium/src&ref=refs/heads/main&revision=38e260c7de540c762149ebd2a93a368a7f16d0bc&path=//&platform=linux&test_suite_type=unit&modifier_id=0
2026-02-05 19:55:36,2026-02-05,fde681d,3401590,5597513,60.769666814529955,1210636,2403435,50.37107306833761,https://analysis.chromium.org/coverage/p/chromium/dir?host=chromium.googlesource.com&project=chromium/src&ref=refs/heads/main&revision=fde681de538c8713ddc45d5fd83be8a1ac157a4f&path=//&platform=linux&test_suite_type=unit&modifier_id=0
2026-02-06 19:46:32,2026-02-06,466f549,3404344,5602496,60.76477341527776,1209993,2404610,50.31971920602509,https://analysis.chromium.org/coverage/p/chromium/dir?host=chromium.googlesource.com&project=chromium/src&ref=refs/heads/main&revision=466f5495b9e856856a3b52a439630a8b626435ab&path=//&platform=linux&test_suite_type=unit&modifier_id=0
2026-02-07 19:22:09,2026-02-07,aa4a562,3404869,5602549,60.77356931639509,1210562,2404633,50.34290055904581,https://analysis.chromium.org/coverage/p/chromium/dir?host=chromium.googlesource.com&project=chromium/src&ref=refs/heads/main&revision=aa4a5626110753d7d1d7043dff4c14f38f7202d6&path=//&platform=linux&test_suite_type=unit&modifier_id=0
2026-02-08 19:53:44,2026-02-08,8f690d2,3405737,5602525,60.789322671474025,1211425,2404606,50.3793552873111,https://analysis.chromium.org/coverage/p/chromium/dir?host=chromium.googlesource.com&project=chromium/src&ref=refs/heads/main&revision=8f690d2e942b4fa9edac38f903d3ccc39d681f77&path=//&platform=linux&test_suite_type=unit&modifier_id=0
2026-02-09 19:57:54,2026-02-09,93bf46e,3402354,5604748,60.704852385869984,1210962,2405895,50.33311927577887,https://analysis.chromium.org/coverage/p/chromium/dir?host=chromium.googlesource.com&project=chromium/src&ref=refs/heads/main&revision=93bf46e05bf767405ac0743438c8118905250953&path=//&platform=linux&test_suite_type=unit&modifier_id=0
2026-02-10 19:53:36,2026-02-10,bc0c390,3408100,5607594,60.77651128095222,1212750,2407097,50.38226544256422,https://analysis.chromium.org/coverage/p/chromium/dir?host=chromium.googlesource.com&project=chromium/src&ref=refs/heads/main&revision=bc0c390fd11717cb8da8135c2136fec939c9ef2d&path=//&platform=linux&test_suite_type=unit&modifier_id=0
2026-02-11 19:58:30,2026-02-11,7562907,3410508,5610929,60.7833034422642,1213613,2408611,50.38642603558649,https://analysis.chromium.org/coverage/p/chromium/dir?host=chromium.googlesource.com&project=chromium/src&ref=refs/heads/main&revision=75629074f4929ed7a0a7552ed04655a15c3120e9&path=//&platform=linux&test_suite_type=unit&modifier_id=0
2026-02-12 19:59:00,2026-02-12,98eec34,3412014,5613484,60.782465933812226,1213518,2409678,50.360172603974476,https://analysis.chromium.org/coverage/p/chromium/dir?host=chromium.googlesource.com&project=chromium/src&ref=refs/heads/main&revision=98eec34d1e3fadc0110c51f19e5194c262258bcf&path=//&platform=linux&test_suite_type=unit&modifier_id=0
2026-02-13 19:51:20,2026-02-13,ceb92f6,3411824,5615122,60.76135122264485,1212406,2410269,50.30168831777698,https://analysis.chromium.org/coverage/p/chromium/dir?host=chromium.googlesource.com&project=chromium/src&ref=refs/heads/main&revision=ceb92f69c640c68ae5b52dd3470c695799a40870&path=//&platform=linux&test_suite_type=unit&modifier_id=0
2026-02-14 19:17:57,2026-02-14,a5f38e0,3413735,5615983,60.78606363302738,1214515,2410546,50.38339861591523,https://analysis.chromium.org/coverage/p/chromium/dir?host=chromium.googlesource.com&project=chromium/src&ref=refs/heads/main&revision=a5f38e04aea3d5e70cd2b41fee820a6efa87f98c&path=//&platform=linux&test_suite_type=unit&modifier_id=0
2026-02-15 19:49:15,2026-02-15,3c254e9,3412617,5616241,60.76336467754856,1213803,2410688,50.35089567791435,https://analysis.chromium.org/coverage/p/chromium/dir?host=chromium.googlesource.com&project=chromium/src&ref=refs/heads/main&revision=3c254e9c325c41f9ae82f430e1a36986ca390f39&path=//&platform=linux&test_suite_type=unit&modifier_id=0
2026-02-16 19:36:27,2026-02-16,68cdded,3412697,5617238,60.75400401407239,1213301,2411126,50.32092889380314,https://analysis.chromium.org/coverage/p/chromium/dir?host=chromium.googlesource.com&project=chromium/src&ref=refs/heads/main&revision=68cdded8e500ebb90a04151cf16b3920f668a11c&path=//&platform=linux&test_suite_type=unit&modifier_id=0
2026-02-17 19:58:01,2026-02-17,090ea56,3414163,5618010,60.771750139284194,1214431,2411761,50.35453347160021,https://analysis.chromium.org/coverage/p/chromium/dir?host=chromium.googlesource.com&project=chromium/src&ref=refs/heads/main&revision=090ea564fd2011e2db9dfc75934c668e5d23ff38&path=//&platform=linux&test_suite_type=unit&modifier_id=0
2026-02-18 19:57:06,2026-02-18,5991b64,3416606,5620912,60.783837213605196,1215284,2413498,50.35363609168104,https://analysis.chromium.org/coverage/p/chromium/dir?host=chromium.googlesource.com&project=chromium/src&ref=refs/heads/main&revision=5991b64627fe4d55cfa0e6bb15a3954e258954e1&path=//&platform=linux&test_suite_type=unit&modifier_id=0
2026-02-19 19:58:30,2026-02-19,13b2d31,3417596,5624097,60.767017354074795,1215610,2414863,50.338673456837924,https://analysis.chromium.org/coverage/p/chromium/dir?host=chromium.googlesource.com&project=chromium/src&ref=refs/heads/main&revision=13b2d3121298520b302585d32c77e38d1f45f781&path=//&platform=linux&test_suite_type=unit&modifier_id=0
2026-02-20 19:59:40,2026-02-20,82d57fc,3416686,5627329,60.71594534458533,1050127,2138766,49.099667752339435,https://analysis.chromium.org/coverage/p/chromium/dir?host=chromium.googlesource.com&project=chromium/src&ref=refs/heads/main&revision=82d57fc44c2ced62be08d0e7f75321082f703cf3&path=//&platform=linux&test_suite_type=unit&modifier_id=0
2026-02-21 19:24:14,2026-02-21,2afb193,3416369,5626293,60.721491042148,1049931,2138098,49.105840798691176,https://analysis.chromium.org/coverage/p/chromium/dir?host=chromium.googlesource.com&project=chromium/src&ref=refs/heads/main&revision=2afb193e145921f41e92c1de30bfc2127188259c&path=//&platform=linux&test_suite_type=unit&modifier_id=0
2026-02-22 19:59:37,2026-02-22,64f9588,3415969,5626286,60.71445710367372,1049721,2138114,49.095651588268915,https://analysis.chromium.org/coverage/p/chromium/dir?host=chromium.googlesource.com&project=chromium/src&ref=refs/heads/main&revision=64f9588007dc1e263c59e4fcd165fd310cc893c8&path=//&platform=linux&test_suite_type=unit&modifier_id=0
2026-02-23 19:49:31,2026-02-23,dd1559a,3418236,5628922,60.72629892544256,1050504,2139279,49.10551639127014,https://analysis.chromium.org/coverage/p/chromium/dir?host=chromium.googlesource.com&project=chromium/src&ref=refs/heads/main&revision=dd1559a3caa5296a9dc0f067844d71536e8e22e1&path=//&platform=linux&test_suite_type=unit&modifier_id=0
2026-02-24 19:55:14,2026-02-24,b139779,3405075,5631370,60.46619206338777,1045997,2140030,48.877679284869835,https://analysis.chromium.org/coverage/p/chromium/dir?host=chromium.googlesource.com&project=chromium/src&ref=refs/heads/main&revision=b1397794111b060e366651f989f1b4386cbed797&path=//&platform=linux&test_suite_type=unit&modifier_id=0
2026-02-25 19:59:16,2026-02-25,ed83d25,3420391,5634253,60.7070892982619,1051079,2141143,49.08962175809836,https://analysis.chromium.org/coverage/p/chromium/dir?host=chromium.googlesource.com&project=chromium/src&ref=refs/heads/main&revision=ed83d25919b2c169416433ef327ed70bc355a8c4&path=//&platform=linux&test_suite_type=unit&modifier_id=0
2026-02-26 19:59:51,2026-02-26,9da9813,3420727,5637071,60.6827020628266,1051844,2143541,49.07039333514031,https://analysis.chromium.org/coverage/p/chromium/dir?host=chromium.googlesource.com&project=chromium/src&ref=refs/heads/main&revision=9da98131bc87a269b8f87e4331db4fbc630fe264&path=//&platform=linux&test_suite_type=unit&modifier_id=0
2026-02-27 19:53:19,2026-02-27,c1dc8cb,3424038,5638445,60.726636510598226,1052741,2144248,49.096046725938415,https://analysis.chromium.org/coverage/p/chromium/dir?host=chromium.googlesource.com&project=chromium/src&ref=refs/heads/main&revision=c1dc8cb96440c1a872f3972db3afc0793582bfa7&path=//&platform=linux&test_suite_type=unit&modifier_id=0
2026-02-28 19:39:30,2026-02-28,b4c0e75,3423743,5638701,60.71864778785043,1052719,2144428,49.090899764412704,https://analysis.chromium.org/coverage/p/chromium/dir?host=chromium.googlesource.com&project=chromium/src&ref=refs/heads/main&revision=b4c0e750644bbafc3e57c2a4f7324904bfc15b3a&path=//&platform=linux&test_suite_type=unit&modifier_id=0
2026-03-01 19:47:39,2026-03-01,12fb284,3423716,5638707,60.71810434555298,1052781,2144426,49.09383676564265,https://analysis.chromium.org/coverage/p/chromium/dir?host=chromium.googlesource.com&project=chromium/src&ref=refs/heads/main&revision=12fb284e64ae8d83e40025cf83f04e37d3ef8a25&path=//&platform=linux&test_suite_type=unit&modifier_id=0
2026-03-02 20:00:01,2026-03-02,95893ea,3425130,5639727,60.732195015822576,1053289,2144918,49.10625953999174,https://analysis.chromium.org/coverage/p/chromium/dir?host=chromium.googlesource.com&project=chromium/src&ref=refs/heads/main&revision=95893eafd123b66a18e1ad31650f766a7a1eca8d&path=//&platform=linux&test_suite_type=unit&modifier_id=0
2026-03-03 19:58:39,2026-03-03,85c4f95,3426229,5642571,60.72106137432741,1053689,2146200,49.0955642530985,https://analysis.chromium.org/coverage/p/chromium/dir?host=chromium.googlesource.com&project=chromium/src&ref=refs/heads/main&revision=85c4f95dee86d1ec66442b61933435af66dae483&path=//&platform=linux&test_suite_type=unit&modifier_id=0
2026-03-04 19:55:54,2026-03-04,5b0bf70,3429399,5646133,60.7388986408928,1054518,2147756,49.09859406748252,https://analysis.chromium.org/coverage/p/chromium/dir?host=chromium.googlesource.com&project=chromium/src&ref=refs/heads/main&revision=5b0bf7037fde83fc449433e5112c2987fd7296f9&path=//&platform=linux&test_suite_type=unit&modifier_id=0
2026-03-05 19:59:38,2026-03-05,9f50d8f,3432800,5649203,60.76609390740605,1055684,2148709,49.131082896753355,https://analysis.chromium.org/coverage/p/chromium/dir?host=chromium.googlesource.com&project=chromium/src&ref=refs/heads/main&revision=9f50d8f8fe3b7ea5693afb3286f948f9a4907f6e&path=//&platform=linux&test_suite_type=unit&modifier_id=0
2026-03-06 19:47:10,2026-03-06,c50a6f3,3434949,5653242,60.76069271402144,1056398,2149924,49.136527616790175,https://analysis.chromium.org/coverage/p/chromium/dir?host=chromium.googlesource.com&project=chromium/src&ref=refs/heads/main&revision=c50a6f317fee3835c6412cddd3b9c8eaa3bafb7e&path=//&platform=linux&test_suite_type=unit&modifier_id=0
2026-03-07 14:18:50,2026-03-07,3bc8f0b,3435056,5653855,60.75599745660262,1056304,2150051,49.129253213063315,https://analysis.chromium.org/coverage/p/chromium/dir?host=chromium.googlesource.com&project=chromium/src&ref=refs/heads/main&revision=3bc8f0ba22a0acfc6dbc23fbc17e5bfb04d83c8e&path=//&platform=linux&test_suite_type=unit&modifier_id=0
2026-03-08 19:58:18,2026-03-08,2e78a11,3435911,5653775,60.77197978341904,1056564,2150009,49.14230591592872,https://analysis.chromium.org/coverage/p/chromium/dir?host=chromium.googlesource.com&project=chromium/src&ref=refs/heads/main&revision=2e78a113f7de56e24b3f7cac9100b90b3add1cbe&path=//&platform=linux&test_suite_type=unit&modifier_id=0
2026-03-09 19:57:12,2026-03-09,430ff82,3436994,5656419,60.76271931057441,1056843,2150997,49.132704508653426,https://analysis.chromium.org/coverage/p/chromium/dir?host=chromium.googlesource.com&project=chromium/src&ref=refs/heads/main&revision=430ff8216a0f378939d9e73cc45435fe6d498a9f&path=//&platform=linux&test_suite_type=unit&modifier_id=0
2026-03-10 19:48:27,2026-03-10,51a413b,3438714,5659721,60.757659255641755,1057353,2152275,49.127225842422554,https://analysis.chromium.org/coverage/p/chromium/dir?host=chromium.googlesource.com&project=chromium/src&ref=refs/heads/main&revision=51a413be46f7632ebc3ae331c68af71daa5d6bbf&path=//&platform=linux&test_suite_type=unit&modifier_id=0
2026-03-11 19:51:15,2026-03-11,0a5be55,3440104,5662750,60.749706414727825,1057635,2153301,49.11691398462175,https://analysis.chromium.org/coverage/p/chromium/dir?host=chromium.googlesource.com&project=chromium/src&ref=refs/heads/main&revision=0a5be55e42315380bc9195589d39f8bb1a11463d&path=//&platform=linux&test_suite_type=unit&modifier_id=0
2026-03-12 19:44:56,2026-03-12,0ebb347,3442330,5666440,60.749429977199085,1058379,2154703,49.119484216618254,https://analysis.chromium.org/coverage/p/chromium/dir?host=chromium.googlesource.com&project=chromium/src&ref=refs/heads/main&revision=0ebb347507bb45d9633433c9b1ede7b087c5af1c&path=//&platform=linux&test_suite_type=unit&modifier_id=0
2026-03-13 19:54:04,2026-03-13,2a38f4e,3442796,5667882,60.7421961148803,1058594,2155286,49.1161729812192,https://analysis.chromium.org/coverage/p/chromium/dir?host=chromium.googlesource.com&project=chromium/src&ref=refs/heads/main&revision=2a38f4ebd84c680a48d6ed67242822e2174ee0b1&path=//&platform=linux&test_suite_type=unit&modifier_id=0
2026-03-14 19:47:21,2026-03-14,6c38bdc,3443480,5668092,60.752013199503466,1058846,2155412,49.12499327274786,https://analysis.chromium.org/coverage/p/chromium/dir?host=chromium.googlesource.com&project=chromium/src&ref=refs/heads/main&revision=6c38bdcfe81a84d91d42cbcda58980d4bb774fbf&path=//&platform=linux&test_suite_type=unit&modifier_id=0
2026-03-15 19:51:28,2026-03-15,8178d15,3442877,5668310,60.739038619976675,1058580,2155509,49.11044212759028,https://analysis.chromium.org/coverage/p/chromium/dir?host=chromium.googlesource.com&project=chromium/src&ref=refs/heads/main&revision=8178d155fb2b8801e42b1fbcb1bb4f9c8d4cacf6&path=//&platform=linux&test_suite_type=unit&modifier_id=0
2026-03-16 19:57:26,2026-03-16,87fea52,3445051,5670792,60.75079107115902,1059354,2156235,49.12980264210534,https://analysis.chromium.org/coverage/p/chromium/dir?host=chromium.googlesource.com&project=chromium/src&ref=refs/heads/main&revision=87fea523d50931d039605962ba3a6d83d7da7de7&path=//&platform=linux&test_suite_type=unit&modifier_id=0
2026-03-17 19:58:52,2026-03-17,023729a,3446378,5673499,60.74519445583757,1059747,2157240,49.12513211325583,https://analysis.chromium.org/coverage/p/chromium/dir?host=chromium.googlesource.com&project=chromium/src&ref=refs/heads/main&revision=023729ae3a707e5a9fdff098b861a2f33d5f0c06&path=//&platform=linux&test_suite_type=unit&modifier_id=0
2026-03-18 19:57:54,2026-03-18,35d8544,3449520,5676557,60.767821057729186,1060543,2158278,49.138387177184775,https://analysis.chromium.org/coverage/p/chromium/dir?host=chromium.googlesource.com&project=chromium/src&ref=refs/heads/main&revision=35d85442ce08db53501ebf6c1ad67d2da3727906&path=//&platform=linux&test_suite_type=unit&modifier_id=0
2026-03-19 19:48:24,2026-03-19,9c38124,3450240,5678781,60.75670113004886,1060582,2158752,49.12940439661434,https://analysis.chromium.org/coverage/p/chromium/dir?host=chromium.googlesource.com&project=chromium/src&ref=refs/heads/main&revision=9c38124d583c429f10133a6fb8e6f94dfd69558d&path=//&platform=linux&test_suite_type=unit&modifier_id=0
2026-03-20 19:54:48,2026-03-20,1320e33,3451322,5681653,60.7450331796046,1061053,2159976,49.12336988929506,https://analysis.chromium.org/coverage/p/chromium/dir?host=chromium.googlesource.com&project=chromium/src&ref=refs/heads/main&revision=1320e338da267acbc79f7f4b2d1b67d03a8e7f22&path=//&platform=linux&test_suite_type=unit&modifier_id=0
2026-03-21 19:43:06,2026-03-21,6d6aab5,3451778,5681721,60.75233190788495,1061061,2160018,49.122785087902045,https://analysis.chromium.org/coverage/p/chromium/dir?host=chromium.googlesource.com&project=chromium/src&ref=refs/heads/main&revision=6d6aab57367964b00686287d553480756277f00f&path=//&platform=linux&test_suite_type=unit&modifier_id=0
2026-03-22 19:58:10,2026-03-22,335595b,3452115,5681763,60.757814079890345,1061037,2160022,49.121583020913675,https://analysis.chromium.org/coverage/p/chromium/dir?host=chromium.googlesource.com&project=chromium/src&ref=refs/heads/main&revision=335595b431d19d73f3621c1225420561397e52fa&path=//&platform=linux&test_suite_type=unit&modifier_id=0
2026-03-23 19:57:48,2026-03-23,586f776,3452999,5684287,60.74638736573294,1061140,2160995,49.104232078278756,https://analysis.chromium.org/coverage/p/chromium/dir?host=chromium.googlesource.com&project=chromium/src&ref=refs/heads/main&revision=586f776d6d2e14f6e9bb0d49da1db6fff9732cab&path=//&platform=linux&test_suite_type=unit&modifier_id=0
2026-03-24 19:56:30,2026-03-24,5bbdcdf,3454972,5686410,60.758404687667614,1061812,2161709,49.11909974931871,https://analysis.chromium.org/coverage/p/chromium/dir?host=chromium.googlesource.com&project=chromium/src&ref=refs/heads/main&revision=5bbdcdfbe3bc80d0cc08f5962f3674447841d69b&path=//&platform=linux&test_suite_type=unit&modifier_id=0
2026-03-26 19:56:40,2026-03-26,83f34af,3459715,5693908,60.76169477975408,1063222,2164697,49.11643523319892,https://analysis.chromium.org/coverage/p/chromium/dir?host=chromium.googlesource.com&project=chromium/src&ref=refs/heads/main&revision=83f34afd3eb78fd1e547742ba3ea489cf53cd0b8&path=//&platform=linux&test_suite_type=unit&modifier_id=0
2026-03-27 19:57:23,2026-03-27,6db3244,3462431,5695871,60.78843779994315,1063819,2165522,49.125291731046836,https://analysis.chromium.org/coverage/p/chromium/dir?host=chromium.googlesource.com&project=chromium/src&ref=refs/heads/main&revision=6db3244c92e2a36ef039ade76d7831970f3708f1&path=//&platform=linux&test_suite_type=unit&modifier_id=0
2026-03-28 19:41:16,2026-03-28,261807f,3462917,5696066,60.79488896371636,1064091,2165577,49.13660423988618,https://analysis.chromium.org/coverage/p/chromium/dir?host=chromium.googlesource.com&project=chromium/src&ref=refs/heads/main&revision=261807f5b5f62dc5b756a542de8a89a40f2dcffd&path=//&platform=linux&test_suite_type=unit&modifier_id=0
2026-03-29 19:55:16,2026-03-29,978ba6b,3462735,5696087,60.79146965276338,1064026,2165571,49.13373886148272,https://analysis.chromium.org/coverage/p/chromium/dir?host=chromium.googlesource.com&project=chromium/src&ref=refs/heads/main&revision=978ba6bc483c84a22aca2e0f59ffca2cc393e036&path=//&platform=linux&test_suite_type=unit&modifier_id=0
2026-03-30 19:56:09,2026-03-30,2140526,3462147,5698106,60.759610298579915,1063687,2166427,49.09867722291127,https://analysis.chromium.org/coverage/p/chromium/dir?host=chromium.googlesource.com&project=chromium/src&ref=refs/heads/main&revision=21405265e838bb341388c115ca57a6b99e1ee48c&path=//&platform=linux&test_suite_type=unit&modifier_id=0
2026-03-31 19:57:14,2026-03-31,b5a8e3f,3464268,5698897,60.78839466654688,1064332,2166932,49.11700044117674,https://analysis.chromium.org/coverage/p/chromium/dir?host=chromium.googlesource.com&project=chromium/src&ref=refs/heads/main&revision=b5a8e3f807a50ce9bd98a64fb93eb676048398c4&path=//&platform=linux&test_suite_type=unit&modifier_id=0
2026-04-01 19:59:16,2026-04-01,ca3d788,3466092,5701894,60.7884327558527,1066220,2170564,49.12179507261707,https://analysis.chromium.org/coverage/p/chromium/dir?host=chromium.googlesource.com&project=chromium/src&ref=refs/heads/main&revision=ca3d7886d84d752a784eabef033792cba2d2b6ec&path=//&platform=linux&test_suite_type=unit&modifier_id=0
2026-04-02 19:46:23,2026-04-02,1902694,3466028,5704367,60.76095735074549,1065885,2171388,49.08772637594018,https://analysis.chromium.org/coverage/p/chromium/dir?host=chromium.googlesource.com&project=chromium/src&ref=refs/heads/main&revision=1902694295dcaa1851ff2cc6de146415939bdef5&path=//&platform=linux&test_suite_type=unit&modifier_id=0
2026-04-03 19:00:58,2026-04-03,7f3e072,3467094,5704119,60.78228732605333,1066333,2171342,49.10939870365884,https://analysis.chromium.org/coverage/p/chromium/dir?host=chromium.googlesource.com&project=chromium/src&ref=refs/heads/main&revision=7f3e072cb25369b9a9159c40aca90d6d2d9486e9&path=//&platform=linux&test_suite_type=unit&modifier_id=0
2026-04-04 19:20:35,2026-04-04,299fc6d,3467206,5704184,60.783558174140246,1066390,2171382,49.11111909373846,https://analysis.chromium.org/coverage/p/chromium/dir?host=chromium.googlesource.com&project=chromium/src&ref=refs/heads/main&revision=299fc6d4615c2ff24130ed82a6426ec2946e021f&path=//&platform=linux&test_suite_type=unit&modifier_id=0
2026-04-05 19:24:19,2026-04-05,f200f57,3466767,5704191,60.77578748677946,1066138,2171382,49.09951358167287,https://analysis.chromium.org/coverage/p/chromium/dir?host=chromium.googlesource.com&project=chromium/src&ref=refs/heads/main&revision=f200f57a19490707ff8bc7aa5de3cbc443a3afad&path=//&platform=linux&test_suite_type=unit&modifier_id=0
2026-04-06 19:58:09,2026-04-06,4c1aaa2,3467941,5705513,60.78228197885098,1066091,2171894,49.085774904300116,https://analysis.chromium.org/coverage/p/chromium/dir?host=chromium.googlesource.com&project=chromium/src&ref=refs/heads/main&revision=4c1aaa2f981951e7e6f636df92fb89e48b642aa6&path=//&platform=linux&test_suite_type=unit&modifier_id=0
2026-04-07 19:58:32,2026-04-07,f77b12b,3471072,5707605,60.81486017340023,1067045,2172872,49.107586641090684,https://analysis.chromium.org/coverage/p/chromium/dir?host=chromium.googlesource.com&project=chromium/src&ref=refs/heads/main&revision=f77b12bbcda50a505f3cace0ff2ed2d1880c4a8b&path=//&platform=linux&test_suite_type=unit&modifier_id=0
2026-04-08 19:54:37,2026-04-08,5aa46b2,3471492,5708571,60.81192648738187,1067216,2172956,49.11355775266503,https://analysis.chromium.org/coverage/p/chromium/dir?host=chromium.googlesource.com&project=chromium/src&ref=refs/heads/main&revision=5aa46b2e3e95e9f7886d750013e238307bc26960&path=//&platform=linux&test_suite_type=unit&modifier_id=0
2026-04-09 19:49:46,2026-04-09,7d20864,3469395,5709837,60.76171701573968,1066374,2173151,49.07040513981771,https://analysis.chromium.org/coverage/p/chromium/dir?host=chromium.googlesource.com&project=chromium/src&ref=refs/heads/main&revision=7d2086418b342bb61515db8ad63ef156f1a6094f&path=//&platform=linux&test_suite_type=unit&modifier_id=0
2026-04-10 19:59:49,2026-04-10,e1a0a7f,3470318,5711451,60.76070686765937,1066805,2173823,49.07506268909658,https://analysis.chromium.org/coverage/p/chromium/dir?host=chromium.googlesource.com&project=chromium/src&ref=refs/heads/main&revision=e1a0a7fcbb9a1f7adfc2f9442dbb5478bf21e83f&path=//&platform=linux&test_suite_type=unit&modifier_id=0
2026-04-11 19:47:19,2026-04-11,d718dee,3473673,5711567,60.81821328542588,1067644,2173857,49.11289013030756,https://analysis.chromium.org/coverage/p/chromium/dir?host=chromium.googlesource.com&project=chromium/src&ref=refs/heads/main&revision=d718dee931c0cef1c7c1ce4ac9a7e58b955cdb63&path=//&platform=linux&test_suite_type=unit&modifier_id=0
2026-04-12 19:55:17,2026-04-12,1ca6023,3470966,5711752,60.768849908049226,1066998,2173919,49.08177351594057,https://analysis.chromium.org/coverage/p/chromium/dir?host=chromium.googlesource.com&project=chromium/src&ref=refs/heads/main&revision=1ca60236a2e8fd568f97d6e999630628df2c2a57&path=//&platform=linux&test_suite_type=unit&modifier_id=0
2026-04-13 19:55:35,2026-04-13,8f71a65,3472340,5713269,60.776763705682335,1067192,2174412,49.079567257723006,https://analysis.chromium.org/coverage/p/chromium/dir?host=chromium.googlesource.com&project=chromium/src&ref=refs/heads/main&revision=8f71a65a677c423cdee46d086a05d457d2f4a645&path=//&platform=linux&test_suite_type=unit&modifier_id=0
2026-04-14 19:54:39,2026-04-14,c5ec1e4,3475075,5715596,60.79987108955916,1067682,2175337,49.081222817430124,https://analysis.chromium.org/coverage/p/chromium/dir?host=chromium.googlesource.com&project=chromium/src&ref=refs/heads/main&revision=c5ec1e43f356dbcd0e324cde33aed9d9e65bf7ab&path=//&platform=linux&test_suite_type=unit&modifier_id=0
2026-04-15 19:59:50,2026-04-15,bd46ccd,3476543,5713057,60.852587327590115,1068390,2174709,49.12795229154797,https://analysis.chromium.org/coverage/p/chromium/dir?host=chromium.googlesource.com&project=chromium/src&ref=refs/heads/main&revision=bd46ccd2b512fc0ce050997cb9c8b40950293305&path=//&platform=linux&test_suite_type=unit&modifier_id=0
2026-04-16 19:58:07,2026-04-16,adb2fcf,3476457,5715635,60.82363551906306,1068308,2175605,49.10395039540725,https://analysis.chromium.org/coverage/p/chromium/dir?host=chromium.googlesource.com&project=chromium/src&ref=refs/heads/main&revision=adb2fcf1419d6a644971fa120ec3cfaa5ed016a1&path=//&platform=linux&test_suite_type=unit&modifier_id=0
2026-04-17 19:52:26,2026-04-17,5c59626,3475924,5715670,60.81393782356224,1068482,2175853,49.10635047496315,https://analysis.chromium.org/coverage/p/chromium/dir?host=chromium.googlesource.com&project=chromium/src&ref=refs/heads/main&revision=5c596262865fc6950d05b474d8a3ec5e35da8988&path=//&platform=linux&test_suite_type=unit&modifier_id=0
2026-04-18 19:36:26,2026-04-18,d0fad2a,3474788,5714729,60.804073124027404,1067834,2175517,49.08414873338154,https://analysis.chromium.org/coverage/p/chromium/dir?host=chromium.googlesource.com&project=chromium/src&ref=refs/heads/main&revision=d0fad2a9a6c345a7069c3c0afaa8399f5cc2518c&path=//&platform=linux&test_suite_type=unit&modifier_id=0
2026-04-19 19:46:07,2026-04-19,6031682,3473392,5714983,60.77694369344581,1067366,2175616,49.06040404188975,https://analysis.chromium.org/coverage/p/chromium/dir?host=chromium.googlesource.com&project=chromium/src&ref=refs/heads/main&revision=6031682240bb012cf2d0478e6863ca377c269b66&path=//&platform=linux&test_suite_type=unit&modifier_id=0
2026-04-20 19:56:49,2026-04-20,477e20e,3475013,5714605,60.80932977869862,1067812,2175362,49.08663477618897,https://analysis.chromium.org/coverage/p/chromium/dir?host=chromium.googlesource.com&project=chromium/src&ref=refs/heads/main&revision=477e20e85cc6d4ab334edc0a52cb70a93232123f&path=//&platform=linux&test_suite_type=unit&modifier_id=0
2026-04-21 19:52:53,2026-04-21,6424541,3477850,5715328,60.85127572730734,1069055,2175980,49.12981736964494,https://analysis.chromium.org/coverage/p/chromium/dir?host=chromium.googlesource.com&project=chromium/src&ref=refs/heads/main&revision=6424541c4ba6e16361c9f8665d3226f39d5eb8e4&path=//&platform=linux&test_suite_type=unit&modifier_id=0
2026-04-22 19:52:48,2026-04-22,95517f4,3478523,5717217,60.84294159203682,1069191,2177174,49.10912035510253,https://analysis.chromium.org/coverage/p/chromium/dir?host=chromium.googlesource.com&project=chromium/src&ref=refs/heads/main&revision=95517f4bf02286b1bce29ecfcec6921acb3367c4&path=//&platform=linux&test_suite_type=unit&modifier_id=0
2026-04-23 19:55:44,2026-04-23,1870417,3478418,5719213,60.81987154526331,1069069,2177930,49.086472017006976,https://analysis.chromium.org/coverage/p/chromium/dir?host=chromium.googlesource.com&project=chromium/src&ref=refs/heads/main&revision=1870417bee0ec61329dba040448f57e30c51f32b&path=//&platform=linux&test_suite_type=unit&modifier_id=0
2026-04-24 19:55:00,2026-04-24,cdc476c,3480737,5721554,60.83551776318112,1070924,2180857,49.10564975145092,https://analysis.chromium.org/coverage/p/chromium/dir?host=chromium.googlesource.com&project=chromium/src&ref=refs/heads/main&revision=cdc476c526ae07c9e5197ed7e62922e7ed6c3500&path=//&platform=linux&test_suite_type=unit&modifier_id=0
2026-04-25 19:46:16,2026-04-25,8271028,3479424,5721636,60.81169791297454,1070446,2180886,49.08307907886978,https://analysis.chromium.org/coverage/p/chromium/dir?host=chromium.googlesource.com&project=chromium/src&ref=refs/heads/main&revision=8271028eb2ce709c94530d877c3833a26c59ea06&path=//&platform=linux&test_suite_type=unit&modifier_id=0
2026-04-26 19:48:25,2026-04-26,0e9234d,3481172,5721729,60.84125969615128,1071026,2180942,49.108412786768284,https://analysis.chromium.org/coverage/p/chromium/dir?host=chromium.googlesource.com&project=chromium/src&ref=refs/heads/main&revision=0e9234d7c0a1074df286f33eae9c1008a5d05a6e&path=//&platform=linux&test_suite_type=unit&modifier_id=0
2026-04-27 19:57:52,2026-04-27,b649419,3477355,5721685,60.77501645057357,1069995,2180648,49.06775417215433,https://analysis.chromium.org/coverage/p/chromium/dir?host=chromium.googlesource.com&project=chromium/src&ref=refs/heads/main&revision=b6494191e9fd68fb37143857a97a660c11b4a897&path=//&platform=linux&test_suite_type=unit&modifier_id=0
2026-04-28 19:59:28,2026-04-28,064ce20,3482172,5722839,60.846932789826866,1071852,2181691,49.12941383541482,https://analysis.chromium.org/coverage/p/chromium/dir?host=chromium.googlesource.com&project=chromium/src&ref=refs/heads/main&revision=064ce20d3c4016cc8c863b00fdbf955c6caaec1e&path=//&platform=linux&test_suite_type=unit&modifier_id=0
2026-04-29 19:59:41,2026-04-29,cc90187,3478615,5723749,60.77511435249868,1070848,2182110,49.07396968988731,https://analysis.chromium.org/coverage/p/chromium/dir?host=chromium.googlesource.com&project=chromium/src&ref=refs/heads/main&revision=cc901875d53bf4e4fe0e01f02843871da4106e70&path=//&platform=linux&test_suite_type=unit&modifier_id=0
2026-04-30 19:45:55,2026-04-30,d015e01,3482546,5725386,60.8263966831232,1072467,2183060,49.12677617655951,https://analysis.chromium.org/coverage/p/chromium/dir?host=chromium.googlesource.com&project=chromium/src&ref=refs/heads/main&revision=d015e01b2aa5a56e9654cc1684f5d4d876643f79&path=//&platform=linux&test_suite_type=unit&modifier_id=0
2026-05-01 19:51:02,2026-05-01,c4edbcb,3484267,5728939,60.81871355236982,1072604,2184482,49.10106835396218,https://analysis.chromium.org/coverage/p/chromium/dir?host=chromium.googlesource.com&project=chromium/src&ref=refs/heads/main&revision=c4edbcb0281617139de3854a47bb9aaae1e80741&path=//&platform=linux&test_suite_type=unit&modifier_id=0
2026-05-02 19:35:13,2026-05-02,9b924a2,3486161,5729102,60.850042467388434,1073310,2184546,49.131947782285195,https://analysis.chromium.org/coverage/p/chromium/dir?host=chromium.googlesource.com&project=chromium/src&ref=refs/heads/main&revision=9b924a2ef7598267fc8afec3c2e60e7868c5e00e&path=//&platform=linux&test_suite_type=unit&modifier_id=0
2026-05-03 19:57:42,2026-05-03,47d8ce0,3486577,5729171,60.85657069757562,1073361,2184566,49.133832532411475,https://analysis.chromium.org/coverage/p/chromium/dir?host=chromium.googlesource.com&project=chromium/src&ref=refs/heads/main&revision=47d8ce067a3309c4f9e06d44f0fdb9fc0b6fa197&path=//&platform=linux&test_suite_type=unit&modifier_id=0
2026-05-04 19:57:13,2026-05-04,4e947f6,3487783,5732058,60.84695932944154,1073578,2185565,49.12130272950015,https://analysis.chromium.org/coverage/p/chromium/dir?host=chromium.googlesource.com&project=chromium/src&ref=refs/heads/main&revision=4e947f6539052d3b6aaa294c72eb0e63b6b990ed&path=//&platform=linux&test_suite_type=unit&modifier_id=0
2026-05-05 19:48:25,2026-05-05,9610b76,3484314,5734307,60.76259956085365,1072286,2186941,49.03131817456438,https://analysis.chromium.org/coverage/p/chromium/dir?host=chromium.googlesource.com&project=chromium/src&ref=refs/heads/main&revision=9610b76dc3c10106bad6fc51f81c08d27535b3ab&path=//&platform=linux&test_suite_type=unit&modifier_id=0
2026-05-06 19:47:39,2026-05-06,5fe8a92,3488101,5735962,60.81108975268665,1073587,2187940,49.068393100359245,https://analysis.chromium.org/coverage/p/chromium/dir?host=chromium.googlesource.com&project=chromium/src&ref=refs/heads/main&revision=5fe8a92d3d3ec460fa8399c958f3e57d1dbed725&path=//&platform=linux&test_suite_type=unit&modifier_id=0
2026-05-07 19:59:19,2026-05-07,8c27dc5,3488505,5738413,60.79215629826574,1073337,2189311,49.02624615689594,https://analysis.chromium.org/coverage/p/chromium/dir?host=chromium.googlesource.com&project=chromium/src&ref=refs/heads/main&revision=8c27dc5eb3366dc5bb9b3ffef477359de0e655f7&path=//&platform=linux&test_suite_type=unit&modifier_id=0
2026-05-08 19:58:53,2026-05-08,517c5eb,3491573,5741809,60.80963334029397,1074290,2190347,49.04656659424283,https://analysis.chromium.org/coverage/p/chromium/dir?host=chromium.googlesource.com&project=chromium/src&ref=refs/heads/main&revision=517c5eb895e634605af4f4aa39760961e0e993c6&path=//&platform=linux&test_suite_type=unit&modifier_id=0
2026-05-09 19:19:26,2026-05-09,5a74525,3490896,5742200,60.79370276200759,1074102,2190340,49.038140197412275,https://analysis.chromium.org/coverage/p/chromium/dir?host=chromium.googlesource.com&project=chromium/src&ref=refs/heads/main&revision=5a7452520ce189c1b749a2a73534712094c44a35&path=//&platform=linux&test_suite_type=unit&modifier_id=0
2026-05-10 19:59:53,2026-05-10,a58afde,3490776,5742212,60.791485929115815,1074168,2190356,49.04079519493635,https://analysis.chromium.org/coverage/p/chromium/dir?host=chromium.googlesource.com&project=chromium/src&ref=refs/heads/main&revision=a58afde0c1eb50eeff2332a688bc226805e70c64&path=//&platform=linux&test_suite_type=unit&modifier_id=0
2026-05-11 19:59:36,2026-05-11,38a3b7e,3494390,5745697,60.817512653382174,1075212,2191896,49.05396971389153,https://analysis.chromium.org/coverage/p/chromium/dir?host=chromium.googlesource.com&project=chromium/src&ref=refs/heads/main&revision=38a3b7e523c2e738ec80d0a77da92e691dc0b311&path=//&platform=linux&test_suite_type=unit&modifier_id=0
2026-05-12 19:44:06,2026-05-12,bbb681c,3495186,5749974,60.78611833723074,1075526,2193779,49.026178115480185,https://analysis.chromium.org/coverage/p/chromium/dir?host=chromium.googlesource.com&project=chromium/src&ref=refs/heads/main&revision=bbb681cb9068d6ebe4fd824051e576d609ae92a0&path=//&platform=linux&test_suite_type=unit&modifier_id=0
2026-05-13 19:58:46,2026-05-13,43e83b4,3499592,5751798,60.84344408478879,1077204,2194378,49.089263563524604,https://analysis.chromium.org/coverage/p/chromium/dir?host=chromium.googlesource.com&project=chromium/src&ref=refs/heads/main&revision=43e83b4dd2222dcbf37740e5601a51585acd01c3&path=//&platform=linux&test_suite_type=unit&modifier_id=0
2026-05-14 19:57:16,2026-05-14,572ab5a,3500393,5753434,60.840065254941656,1077569,2195247,49.08645815254502,https://analysis.chromium.org/coverage/p/chromium/dir?host=chromium.googlesource.com&project=chromium/src&ref=refs/heads/main&revision=572ab5a48b3c1697f1637a95c7541bdc6d431a43&path=//&platform=linux&test_suite_type=unit&modifier_id=0
2026-05-15 19:46:30,2026-05-15,e8da2d8,3504262,5756351,60.8764475967501,1078701,2196253,49.11551629070057,https://analysis.chromium.org/coverage/p/chromium/dir?host=chromium.googlesource.com&project=chromium/src&ref=refs/heads/main&revision=e8da2d88f26be0d379936e2f7127ba4a3c06ee84&path=//&platform=linux&test_suite_type=unit&modifier_id=0
2026-05-16 19:37:32,2026-05-16,86452e4,3503155,5756396,60.85674091914455,1078296,2196285,49.09636044502421,https://analysis.chromium.org/coverage/p/chromium/dir?host=chromium.googlesource.com&project=chromium/src&ref=refs/heads/main&revision=86452e4f4c040592e701ffdfb6302781f012314e&path=//&platform=linux&test_suite_type=unit&modifier_id=0
2026-05-17 19:45:42,2026-05-17,0e6a7a6,3500519,5756321,60.811740693404694,1077576,2196263,49.064069284962684,https://analysis.chromium.org/coverage/p/chromium/dir?host=chromium.googlesource.com&project=chromium/src&ref=refs/heads/main&revision=0e6a7a6a7b42e45c8b837062800e8ee26ac53248&path=//&platform=linux&test_suite_type=unit&modifier_id=0
2026-05-18 19:59:54,2026-05-18,48c0eff,3504966,5758917,60.86154740552781,1078860,2197640,49.09175297136929,https://analysis.chromium.org/coverage/p/chromium/dir?host=chromium.googlesource.com&project=chromium/src&ref=refs/heads/main&revision=48c0effc56a6e07cb381fc8a15733061e99341b7&path=//&platform=linux&test_suite_type=unit&modifier_id=0
2026-05-19 19:59:54,2026-05-19,e390c61,3505683,5762118,60.8401806419098,1079210,2199465,49.06693218578154,https://analysis.chromium.org/coverage/p/chromium/dir?host=chromium.googlesource.com&project=chromium/src&ref=refs/heads/main&revision=e390c612f50800920f7849686a6c68cc24b1d8ed&path=//&platform=linux&test_suite_type=unit&modifier_id=0
2026-05-20 19:57:41,2026-05-20,52bdcf7,3510605,5766523,60.879060050571205,1080945,2201258,49.10578405620786,https://analysis.chromium.org/coverage/p/chromium/dir?host=chromium.googlesource.com&project=chromium/src&ref=refs/heads/main&revision=52bdcf7df01a2cc5fc7823def268dc6aaccd8659&path=//&platform=linux&test_suite_type=unit&modifier_id=0
2026-05-21 19:59:03,2026-05-21,00015b9,3513159,5770200,60.8845273993969,1081934,2203693,49.096403174126344,https://analysis.chromium.org/coverage/p/chromium/dir?host=chromium.googlesource.com&project=chromium/src&ref=refs/heads/main&revision=00015b9ea296c4822dc6d2de083155ad62e71afb&path=//&platform=linux&test_suite_type=unit&modifier_id=0
2026-05-22 19:48:28,2026-05-22,5e67ebf,3513679,5773461,60.85914497387269,1081862,2205413,49.05484823024078,https://analysis.chromium.org/coverage/p/chromium/dir?host=chromium.googlesource.com&project=chromium/src&ref=refs/heads/main&revision=5e67ebf0380d6ff8467d4fb50a174f7e19bf73e1&path=//&platform=linux&test_suite_type=unit&modifier_id=0
2026-05-23 19:57:18,2026-05-23,225e8f9,3514281,5773426,60.8699410021017,1082285,2205414,49.07400605963325,https://analysis.chromium.org/coverage/p/chromium/dir?host=chromium.googlesource.com&project=chromium/src&ref=refs/heads/main&revision=225e8f9b7a106db2b85af6c76872624100716e9a&path=//&platform=linux&test_suite_type=unit&modifier_id=0
2026-05-24 19:51:49,2026-05-24,8ff3b96,3513617,5773801,60.85448736456279,1081918,2205569,49.0539176058423,https://analysis.chromium.org/coverage/p/chromium/dir?host=chromium.googlesource.com&project=chromium/src&ref=refs/heads/main&revision=8ff3b96d69576bc13e8b52d7f04f290ba1b73290&path=//&platform=linux&test_suite_type=unit&modifier_id=0
2026-05-25 19:59:17,2026-05-25,367c544,3515474,5764287,60.98714376990598,1082190,2201453,49.15798792888152,https://analysis.chromium.org/coverage/p/chromium/dir?host=chromium.googlesource.com&project=chromium/src&ref=refs/heads/main&revision=367c54448e7c9e61b8fea1b425c892a9c35c382e&path=//&platform=linux&test_suite_type=unit&modifier_id=0
2026-05-26 19:59:16,2026-05-26,5bd871e,3518423,5777528,60.8984153776494,1083710,2207269,49.097323434524746,https://analysis.chromium.org/coverage/p/chromium/dir?host=chromium.googlesource.com&project=chromium/src&ref=refs/heads/main&revision=5bd871ed78b18e9d47a9acd58c5805413463dd35&path=//&platform=linux&test_suite_type=unit&modifier_id=0
2026-05-27 19:51:20,2026-05-27,d120fad,3519550,5780746,60.884010472004825,1084195,2208740,49.08658330088648,https://analysis.chromium.org/coverage/p/chromium/dir?host=chromium.googlesource.com&project=chromium/src&ref=refs/heads/main&revision=d120fad98e8bb8a834766879a004411b89f9f9ea&path=//&platform=linux&test_suite_type=unit&modifier_id=0
2026-05-28 19:59:10,2026-05-28,9cd0130,3521047,5773427,60.987122553034794,1084157,2205252,49.162499342478775,https://analysis.chromium.org/coverage/p/chromium/dir?host=chromium.googlesource.com&project=chromium/src&ref=refs/heads/main&revision=9cd013043f2ead673892f3bc4c873e1226becfbc&path=//&platform=linux&test_suite_type=unit&modifier_id=0
2026-05-29 19:58:56,2026-05-29,1e7c5e9,3522782,5786933,60.874767342217375,1085204,2211379,49.07363233529847,https://analysis.chromium.org/coverage/p/chromium/dir?host=chromium.googlesource.com&project=chromium/src&ref=refs/heads/main&revision=1e7c5e98f5fd1740d1ff535bd38620d481425a35&path=//&platform=linux&test_suite_type=unit&modifier_id=0
2026-05-30 12:24:52,2026-05-30,e01b725,3522697,5787148,60.871036994388255,1085163,2211441,49.07040251130372,https://analysis.chromium.org/coverage/p/chromium/dir?host=chromium.googlesource.com&project=chromium/src&ref=refs/heads/main&revision=e01b725f7fe8e0890561f98cb3befb19ae6946d9&path=//&platform=linux&test_suite_type=unit&modifier_id=0
2026-05-31 19:54:25,2026-05-31,dfb8bf4,3524404,5787139,60.90062809965339,1085656,2211443,49.09265126887738,https://analysis.chromium.org/coverage/p/chromium/dir?host=chromium.googlesource.com&project=chromium/src&ref=refs/heads/main&revision=dfb8bf4b9f8f29128fc9cc4b6e126994b8f50c98&path=//&platform=linux&test_suite_type=unit&modifier_id=0
2026-06-01 19:59:44,2026-06-01,b792482,3525645,5790576,60.885911867834906,1086116,2212864,49.081913755205925,https://analysis.chromium.org/coverage/p/chromium/dir?host=chromium.googlesource.com&project=chromium/src&ref=refs/heads/main&revision=b792482a12f01f06995e92f8843428874b8bc715&path=//&platform=linux&test_suite_type=unit&modifier_id=0
2026-06-02 19:59:36,2026-06-02,d2a8bc3,3525426,5781997,60.972463320198884,1085620,2208807,49.149608815980756,https://analysis.chromium.org/coverage/p/chromium/dir?host=chromium.googlesource.com&project=chromium/src&ref=refs/heads/main&revision=d2a8bc3a4b01d1f708a7b16c8c77a75593873c45&path=//&platform=linux&test_suite_type=unit&modifier_id=0
2026-06-03 19:52:48,2026-06-03,9b4f097,3528465,5784945,60.99392474777202,1086603,2209964,49.16835749360623,https://analysis.chromium.org/coverage/p/chromium/dir?host=chromium.googlesource.com&project=chromium/src&ref=refs/heads/main&revision=9b4f097d0fe69d13b6acad57ea6d007834ca92a6&path=//&platform=linux&test_suite_type=unit&modifier_id=0
2026-06-04 19:52:21,2026-06-04,3ec4bd0,3530079,5788158,60.987951607402564,1087112,2211345,49.160669185495706,https://analysis.chromium.org/coverage/p/chromium/dir?host=chromium.googlesource.com&project=chromium/src&ref=refs/heads/main&revision=3ec4bd0e9029816cf021beb9a82b08981f5e8ce5&path=//&platform=linux&test_suite_type=unit&modifier_id=0
2026-06-05 19:01:08,2026-06-05,d4b845e,3529665,5789410,60.96761155281799,1086911,2212138,49.133959997070704,https://analysis.chromium.org/coverage/p/chromium/dir?host=chromium.googlesource.com&project=chromium/src&ref=refs/heads/main&revision=d4b845edfc53cf25e3ef5f73c04c320df282be70&path=//&platform=linux&test_suite_type=unit&modifier_id=0
2026-06-06 19:34:15,2026-06-06,99ac532,3531567,5789610,60.998357402312074,1087535,2212210,49.16056793884848,https://analysis.chromium.org/coverage/p/chromium/dir?host=chromium.googlesource.com&project=chromium/src&ref=refs/heads/main&revision=99ac532a592b86a1abcd6c4ff820f0ed95707a66&path=//&platform=linux&test_suite_type=unit&modifier_id=0
2026-06-07 19:44:13,2026-06-07,af386af,3533451,5789648,61.03049788173651,1088168,2212240,49.18851480851987,https://analysis.chromium.org/coverage/p/chromium/dir?host=chromium.googlesource.com&project=chromium/src&ref=refs/heads/main&revision=af386aff973a66fa31523c4ab5d0a7c8055e757c&path=//&platform=linux&test_suite_type=unit&modifier_id=0
2026-06-08 19:53:11,2026-06-08,03585ea,3535596,5793027,61.03192683203444,1088920,2213570,49.19293268340283,https://analysis.chromium.org/coverage/p/chromium/dir?host=chromium.googlesource.com&project=chromium/src&ref=refs/heads/main&revision=03585eaf196f0afec1f5e3be9791c3939121ac52&path=//&platform=linux&test_suite_type=unit&modifier_id=0
2026-06-09 19:57:06,2026-06-09,4d70dfe,3532946,5796035,60.9545318480651,1088323,2215146,49.1309827884934,https://analysis.chromium.org/coverage/p/chromium/dir?host=chromium.googlesource.com&project=chromium/src&ref=refs/heads/main&revision=4d70dfe0c5a8ca3094a0427292c5f4a9961430bb&path=//&platform=linux&test_suite_type=unit&modifier_id=0
2026-06-10 19:53:19,2026-06-10,fbaa34a,3538157,5800477,60.99769036236158,1090102,2217433,49.16053833419093,https://analysis.chromium.org/coverage/p/chromium/dir?host=chromium.googlesource.com&project=chromium/src&ref=refs/heads/main&revision=fbaa34a911522890aaec0d9e1d4eec1df491b7c3&path=//&platform=linux&test_suite_type=unit&modifier_id=0
2026-06-11 19:00:53,2026-06-11,242a04c,3538603,5803543,60.97315036693964,1090128,2218958,49.12792400757473,https://analysis.chromium.org/coverage/p/chromium/dir?host=chromium.googlesource.com&project=chromium/src&ref=refs/heads/main&revision=242a04c867e0486e1f26f0f3bc0c42f23b9da347&path=//&platform=linux&test_suite_type=unit&modifier_id=0
2026-06-12 19:49:05,2026-06-12,b9a7cc5,3539056,5807091,60.94369797201387,1090351,2220415,49.105730235113704,https://analysis.chromium.org/coverage/p/chromium/dir?host=chromium.googlesource.com&project=chromium/src&ref=refs/heads/main&revision=b9a7cc5bde906eb50612d7bc368108eea0476cfb&path=//&platform=linux&test_suite_type=unit&modifier_id=0
2026-06-13 19:56:44,2026-06-13,668d379,3540511,5807260,60.96697926388693,1090867,2220476,49.12761948339005,https://analysis.chromium.org/coverage/p/chromium/dir?host=chromium.googlesource.com&project=chromium/src&ref=refs/heads/main&revision=668d379b6625c9775c7645feb64a546a269ccb4d&path=//&platform=linux&test_suite_type=unit&modifier_id=0
2026-06-14 19:46:27,2026-06-14,5c31981,3540383,5807712,60.96003038718173,1090855,2220820,49.11946938518205,https://analysis.chromium.org/coverage/p/chromium/dir?host=chromium.googlesource.com&project=chromium/src&ref=refs/heads/main&revision=5c31981fe8b05b5788fff40c7d2c071e5df50673&path=//&platform=linux&test_suite_type=unit&modifier_id=0
2026-06-15 19:55:06,2026-06-15,a2be87a,3546742,5848180,60.64693631180983,1092470,2232020,48.94534995206136,https://analysis.chromium.org/coverage/p/chromium/dir?host=chromium.googlesource.com&project=chromium/src&ref=refs/heads/main&revision=a2be87abf94bfbc8f0ed2effdd3496db08b44fc0&path=//&platform=linux&test_suite_type=unit&modifier_id=0
2026-06-16 19:55:41,2026-06-16,db0df01,3546149,5816573,60.966294070408814,1092618,2224718,49.11265158100937,https://analysis.chromium.org/coverage/p/chromium/dir?host=chromium.googlesource.com&project=chromium/src&ref=refs/heads/main&revision=db0df01e7473067eb5575665c16569d6ea8e345f&path=//&platform=linux&test_suite_type=unit&modifier_id=0
2026-06-17 19:56:06,2026-06-17,5994fe3,3547022,5820449,60.9406937506024,1093204,2226542,49.09873696521332,https://analysis.chromium.org/coverage/p/chromium/dir?host=chromium.googlesource.com&project=chromium/src&ref=refs/heads/main&revision=5994fe35ecf6a1725e4e6ce23c6107c823acd23c&path=//&platform=linux&test_suite_type=unit&modifier_id=0
2026-06-18 19:57:34,2026-06-18,b097671,3553843,5860191,60.643808367338195,1095013,2237514,48.938822282229296,https://analysis.chromium.org/coverage/p/chromium/dir?host=chromium.googlesource.com&project=chromium/src&ref=refs/heads/main&revision=b097671bee9709085cb1f547344e5a0caac04e7a&path=//&platform=linux&test_suite_type=unit&modifier_id=0
2026-06-19 19:57:40,2026-06-19,f661c2d,3555273,5861336,60.656358891556465,1095745,2238472,48.95057878767302,https://analysis.chromium.org/coverage/p/chromium/dir?host=chromium.googlesource.com&project=chromium/src&ref=refs/heads/main&revision=f661c2da662ea3c9c73b6e80fc9918c0374485bb&path=//&platform=linux&test_suite_type=unit&modifier_id=0
2026-06-20 19:39:42,2026-06-20,bde83e5,3556312,5861322,60.674230148079225,1096155,2238467,48.969004233701014,https://analysis.chromium.org/coverage/p/chromium/dir?host=chromium.googlesource.com&project=chromium/src&ref=refs/heads/main&revision=bde83e5386e1b3a27ebaa032124c35e276dfcfb4&path=//&platform=linux&test_suite_type=unit&modifier_id=0
2026-06-21 19:41:11,2026-06-21,62020b8,3556260,5861426,60.67226644164747,1096056,2238591,48.96186931869198,https://analysis.chromium.org/coverage/p/chromium/dir?host=chromium.googlesource.com&project=chromium/src&ref=refs/heads/main&revision=62020b823c615c056410c0bcba9e38a536c6cd4b&path=//&platform=linux&test_suite_type=unit&modifier_id=0
2026-06-22 19:54:34,2026-06-22,e8abdf6,3555904,5864913,60.63012358410091,1095766,2239734,48.923934717247676,https://analysis.chromium.org/coverage/p/chromium/dir?host=chromium.googlesource.com&project=chromium/src&ref=refs/heads/main&revision=e8abdf663aab67625a94fae9ebfd2a5695f9d17f&path=//&platform=linux&test_suite_type=unit&modifier_id=0
2026-06-23 19:57:27,2026-06-23,dad0b5e,3562005,5870880,60.672420488921595,1097757,2241905,48.965366507501436,https://analysis.chromium.org/coverage/p/chromium/dir?host=chromium.googlesource.com&project=chromium/src&ref=refs/heads/main&revision=dad0b5ed306eb7dac4955854a645268e329e3c02&path=//&platform=linux&test_suite_type=unit&modifier_id=0
2026-06-24 19:59:01,2026-06-24,2662467,3563534,5874509,60.66096758043949,1097742,2243354,48.93307075031404,https://analysis.chromium.org/coverage/p/chromium/dir?host=chromium.googlesource.com&project=chromium/src&ref=refs/heads/main&revision=26624674e76ff598f5b5849d862d041e8c65c6fb&path=//&platform=linux&test_suite_type=unit&modifier_id=0
2026-06-25 19:52:34,2026-06-25,133c5e9,3568397,5879440,60.692804076578724,1099375,2245525,48.95848409614678,https://analysis.chromium.org/coverage/p/chromium/dir?host=chromium.googlesource.com&project=chromium/src&ref=refs/heads/main&revision=133c5e95655bf0607079ea625bd61368e6119d50&path=//&platform=linux&test_suite_type=unit&modifier_id=0
2026-06-26 19:58:48,2026-06-26,fb3c190,3571432,5883690,60.700546765720155,1100184,2247005,48.962240849486314,https://analysis.chromium.org/coverage/p/chromium/dir?host=chromium.googlesource.com&project=chromium/src&ref=refs/heads/main&revision=fb3c1905772cd023a096760b5635948c69a7cf68&path=//&platform=linux&test_suite_type=unit&modifier_id=0
2026-06-27 19:14:27,2026-06-27,8c60b7b,3572018,5884005,60.70725636704931,1100368,2247093,48.968511761640485,https://analysis.chromium.org/coverage/p/chromium/dir?host=chromium.googlesource.com&project=chromium/src&ref=refs/heads/main&revision=8c60b7b2fa32a106b4bc98666bec25dd3e237de2&path=//&platform=linux&test_suite_type=unit&modifier_id=0
2026-06-28 19:46:54,2026-06-28,c492e3b,3571099,5884165,60.68998744936622,1100087,2247164,48.95445993260839,https://analysis.chromium.org/coverage/p/chromium/dir?host=chromium.googlesource.com&project=chromium/src&ref=refs/heads/main&revision=c492e3ba8e24ff5008d20a037a5bc2c3d68d6923&path=//&platform=linux&test_suite_type=unit&modifier_id=0
2026-06-29 19:59:33,2026-06-29,ac6d907,3574234,5887738,60.70640371565447,1100978,2248488,48.96526021041696,https://analysis.chromium.org/coverage/p/chromium/dir?host=chromium.googlesource.com&project=chromium/src&ref=refs/heads/main&revision=ac6d90739dbbcb4a6bee119d59b3b37721402db2&path=//&platform=linux&test_suite_type=unit&modifier_id=0
2026-06-30 19:59:46,2026-06-30,e945449,3575966,5891230,60.69981990178621,1101865,2250106,48.969470771599205,https://analysis.chromium.org/coverage/p/chromium/dir?host=chromium.googlesource.com&project=chromium/src&ref=refs/heads/main&revision=e9454490294de3e41c6b7513222de3ba9179599a&path=//&platform=linux&test_suite_type=unit&modifier_id=0
2026-07-01 19:54:29,2026-07-01,0abc7ed,3577458,5893574,60.700993997869546,1102324,2251495,48.95964681245128,https://analysis.chromium.org/coverage/p/chromium/dir?host=chromium.googlesource.com&project=chromium/src&ref=refs/heads/main&revision=0abc7ed2f38cda5351fc67c8cbbf52d234931a03&path=//&platform=linux&test_suite_type=unit&modifier_id=0
2026-07-02 19:52:20,2026-07-02,08cbee0,3579478,5895583,60.71457224841038,1103231,2252253,48.98344013749787,https://analysis.chromium.org/coverage/p/chromium/dir?host=chromium.googlesource.com&project=chromium/src&ref=refs/heads/main&revision=08cbee016ae59eef12a2b2bfdd45625a0a25c027&path=//&platform=linux&test_suite_type=unit&modifier_id=0
2026-07-03 19:56:35,2026-07-03,abb6406,3579444,5897624,60.69298415768791,1103339,2253465,48.96188758201259,https://analysis.chromium.org/coverage/p/chromium/dir?host=chromium.googlesource.com&project=chromium/src&ref=refs/heads/main&revision=abb6406119aef74302988e126e66bb4f2df55b95&path=//&platform=linux&test_suite_type=unit&modifier_id=0
2026-07-04 19:14:21,2026-07-04,09030cb,3580284,5897668,60.70677427077957,1103667,2253483,48.97605173857535,https://analysis.chromium.org/coverage/p/chromium/dir?host=chromium.googlesource.com&project=chromium/src&ref=refs/heads/main&revision=09030cb8a2b6957eab4b2f4c12840545be653679&path=//&platform=linux&test_suite_type=unit&modifier_id=0
2026-07-05 19:56:11,2026-07-05,468ce25,3580599,5897696,60.71182712706793,1103744,2253491,48.97929479194725,https://analysis.chromium.org/coverage/p/chromium/dir?host=chromium.googlesource.com&project=chromium/src&ref=refs/heads/main&revision=468ce2597323e7053c4262a3958b398496aba249&path=//&platform=linux&test_suite_type=unit&modifier_id=0
2026-07-06 19:52:34,2026-07-06,f17cf8b,3583157,5903265,60.69788498398768,1104492,2255711,48.96425118288646,https://analysis.chromium.org/coverage/p/chromium/dir?host=chromium.googlesource.com&project=chromium/src&ref=refs/heads/main&revision=f17cf8bc4aea81b44c6cecaf8af4dc3b3817466a&path=//&platform=linux&test_suite_type=unit&modifier_id=0
2026-07-07 19:55:44,2026-07-07,b2684f8,3585165,5907333,60.69007790825403,1105110,2257362,48.95581656818889,https://analysis.chromium.org/coverage/p/chromium/dir?host=chromium.googlesource.com&project=chromium/src&ref=refs/heads/main&revision=b2684f822f5e9ad1bb09fcb368fdccf1adc7cacb&path=//&platform=linux&test_suite_type=unit&modifier_id=0
2026-07-08 19:55:41,2026-07-08,9242476,3588101,5911299,60.69902740497478,1105812,2259063,48.950029282051894,https://analysis.chromium.org/coverage/p/chromium/dir?host=chromium.googlesource.com&project=chromium/src&ref=refs/heads/main&revision=92424768f2a112a29b1d09630cf7e2cd590b168a&path=//&platform=linux&test_suite_type=unit&modifier_id=0
2026-07-09 19:56:48,2026-07-09,bd67177,3590522,5914922,60.702778498178,1106700,2260367,48.96107578990491,https://analysis.chromium.org/coverage/p/chromium/dir?host=chromium.googlesource.com&project=chromium/src&ref=refs/heads/main&revision=bd6717775136e09f5a71f8632af3560d81ea7e14&path=//&platform=linux&test_suite_type=unit&modifier_id=0
2026-07-10 19:59:36,2026-07-10,cbecdee,3590824,5947556,60.37478251570897,1107080,2269145,48.78842030808961,https://analysis.chromium.org/coverage/p/chromium/dir?host=chromium.googlesource.com&project=chromium/src&ref=refs/heads/main&revision=cbecdeef21ab4fb79381fea2e1acd628f53dd391&path=//&platform=linux&test_suite_type=unit&modifier_id=0
2026-07-11 19:47:42,2026-07-11,0864693,3589508,5947589,60.35232091524818,1106428,2269156,48.75945065037397,https://analysis.chromium.org/coverage/p/chromium/dir?host=chromium.googlesource.com&project=chromium/src&ref=refs/heads/main&revision=0864693e8ef11d3be94ebed7d588a6ffde2b1050&path=//&platform=linux&test_suite_type=unit&modifier_id=0
2026-07-12 19:42:11,2026-07-12,91ef1de,3590983,5947872,60.374248134458846,1107060,2269304,48.78412059380321,https://analysis.chromium.org/coverage/p/chromium/dir?host=chromium.googlesource.com&project=chromium/src&ref=refs/heads/main&revision=91ef1dea7970d14c62342e3e62708bd0f9fb46ee&path=//&platform=linux&test_suite_type=unit&modifier_id=0
2026-07-13 19:53:42,2026-07-13,dc19f98,3593880,5950843,60.39278804700443,1108016,2270752,48.795112808444074,https://analysis.chromium.org/coverage/p/chromium/dir?host=chromium.googlesource.com&project=chromium/src&ref=refs/heads/main&revision=dc19f98ba147daed5723043e0ab408655c4e4704&path=//&platform=linux&test_suite_type=unit&modifier_id=0
2026-07-14 19:36:20,2026-07-14,18519ba,3574865,5929124,60.293308083959786,1103051,2263894,48.72361515159279,https://analysis.chromium.org/coverage/p/chromium/dir?host=chromium.googlesource.com&project=chromium/src&ref=refs/heads/main&revision=18519ba35c0cf8559f5d9a85f7855420b1207458&path=//&platform=linux&test_suite_type=unit&modifier_id=0
2026-07-15 19:59:47,2026-07-15,7f83ccc,3574034,5926690,60.304048296772734,1102850,2263382,48.72575641230689,https://analysis.chromium.org/coverage/p/chromium/dir?host=chromium.googlesource.com&project=chromium/src&ref=refs/heads/main&revision=7f83ccc76ed6fa4607cddfec01b6d624808642bd&path=//&platform=linux&test_suite_type=unit&modifier_id=0
2026-07-16 19:57:01,2026-07-16,b8c1ae0,3571965,5922978,60.30690980111694,1102433,2262720,48.721582873709515,https://analysis.chromium.org/coverage/p/chromium/dir?host=chromium.googlesource.com&project=chromium/src&ref=refs/heads/main&revision=b8c1ae097978c0a584e4a3f9f8a7202305bb6177&path=//&platform=linux&test_suite_type=unit&modifier_id=0
2026-07-17 19:55:54,2026-07-17,2839455,3576428,5924023,60.371608955603314,1104375,2264097,48.777724629289295,https://analysis.chromium.org/coverage/p/chromium/dir?host=chromium.googlesource.com&project=chromium/src&ref=refs/heads/main&revision=2839455b939077574b66e1c51629a6107173320a&path=//&platform=linux&test_suite_type=unit&modifier_id=0
2026-07-18 19:30:20,2026-07-18,d42a64f,3575046,5924055,60.347954230674766,1103802,2264116,48.75200740598097,https://analysis.chromium.org/coverage/p/chromium/dir?host=chromium.googlesource.com&project=chromium/src&ref=refs/heads/main&revision=d42a64f69b8faa060c9a53d341f5e1f07f54958a&path=//&platform=linux&test_suite_type=unit&modifier_id=0
2026-07-19 19:57:41,2026-07-19,98ed5f3,3576777,5924184,60.375859358858534,1104478,2264196,48.78014094186192,https://analysis.chromium.org/coverage/p/chromium/dir?host=chromium.googlesource.com&project=chromium/src&ref=refs/heads/main&revision=98ed5f31df75d0dbba9c94261ec9ef16c2654554&path=//&platform=linux&test_suite_type=unit&modifier_id=0
2026-07-20 19:53:42,2026-07-20,ab63d8f,3576978,5924786,60.37311727377158,1104401,2264298,48.77454292677024,https://analysis.chromium.org/coverage/p/chromium/dir?host=chromium.googlesource.com&project=chromium/src&ref=refs/heads/main&revision=ab63d8f02395201fe8e55d28b65520323bc86587&path=//&platform=linux&test_suite_type=unit&modifier_id=0
2026-07-21 19:52:19,2026-07-21,669871d,3538718,5891251,60.06734393085611,1093880,2254056,48.52940654535646,https://analysis.chromium.org/coverage/p/chromium/dir?host=chromium.googlesource.com&project=chromium/src&ref=refs/heads/main&revision=669871d1ce8b7eb1ee330c6e8c23af92be576a3c&path=//&platform=linux&test_suite_type=unit&modifier_id=0
2026-07-22 19:55:31,2026-07-22,4e1c35f,3540310,5889601,60.111202779271466,1094256,2251895,48.59267416997684,https://analysis.chromium.org/coverage/p/chromium/dir?host=chromium.googlesource.com&project=chromium/src&ref=refs/heads/main&revision=4e1c35f578bf6a21d07ec907da6fe1acd720e100&path=//&platform=linux&test_suite_type=unit&modifier_id=0
2026-07-23 19:49:36,2026-07-23,fe31658,3541503,5892561,60.10125308842793,1094466,2253385,48.56986267326711,https://analysis.chromium.org/coverage/p/chromium/dir?host=chromium.googlesource.com&project=chromium/src&ref=refs/heads/main&revision=fe31658833b223af217271296e60b7c42ee647fd&path=//&platform=linux&test_suite_type=unit&modifier_id=0
2026-07-24 19:56:03,2026-07-24,a69b051,3543729,5895579,60.10824382134477,1095613,2254785,48.59057515461563,https://analysis.chromium.org/coverage/p/chromium/dir?host=chromium.googlesource.com&project=chromium/src&ref=refs/heads/main&revision=a69b0517a485a822565212d6e50239c3994812c7&path=//&platform=linux&test_suite_type=unit&modifier_id=0
2026-07-25 19:37:53,2026-07-25,1280b68,3543333,5895623,60.101078376280164,1095242,2254805,48.57369040781797,https://analysis.chromium.org/coverage/p/chromium/dir?host=chromium.googlesource.com&project=chromium/src&ref=refs/heads/main&revision=1280b68edf499c7b7cff1318df14b3e2ac04a52e&path=//&platform=linux&test_suite_type=unit&modifier_id=0
2026-07-26 19:48:16,2026-07-26,a5cc80f,3542743,5895623,60.09107095212838,1095121,2254822,48.56795791419456,https://analysis.chromium.org/coverage/p/chromium/dir?host=chromium.googlesource.com&project=chromium/src&ref=refs/heads/main&revision=a5cc80f0e6ea4882cd624720ff8dd4eca1221a96&path=//&platform=linux&test_suite_type=unit&modifier_id=0
2026-07-27 19:56:37,2026-07-27,22b89fd,3547796,5900896,60.123005048724806,1096679,2256859,48.59315535441071,https://analysis.chromium.org/coverage/p/chromium/dir?host=chromium.googlesource.com&project=chromium/src&ref=refs/heads/main&revision=22b89fd76040c68282e8942cb6df4ed611e6e70c&path=//&platform=linux&test_suite_type=unit&modifier_id=0
2026-07-28 19:57:13,2026-07-28,80c493d,3550126,5903970,60.13116597814691,1097307,2258409,48.58761189846481,https://analysis.chromium.org/coverage/p/chromium/dir?host=chromium.googlesource.com&project=chromium/src&ref=refs/heads/main&revision=80c493d4fe8128bfc8361bd949ed6689c999b233&path=//&platform=linux&test_suite_type=unit&modifier_id=0
2026-07-29 19:56:41,2026-07-29,e39d4f1,3552761,5905616,60.159024901043345,1098596,2258863,48.63491057226578,https://analysis.chromium.org/coverage/p/chromium/dir?host=chromium.googlesource.com&project=chromium/src&ref=refs/heads/main&revision=e39d4f1640d6f2bc2b1cdad9a26153c277a7296b&path=//&platform=linux&test_suite_type=unit&modifier_id=0
2026-07-30 19:59:03,2026-07-30,c09abc6,3554776,5908607,60.16267455256374,1099483,2260563,48.637573914109005,https://analysis.chromium.org/coverage/p/chromium/dir?host=chromium.googlesource.com&project=chromium/src&ref=refs/heads/main&revision=c09abc6885bae08eef3b8a6c09251af11433d05a&path=//&platform=linux&test_suite_type=unit&modifier_id=0
2026-07-31 19:53:51,2026-07-31,070d18e,3556831,5911413,60.16888009685671,1099893,2261307,48.63970261446146,https://analysis.chromium.org/coverage/p/chromium/dir?host=chromium.googlesource.com&project=chromium/src&ref=refs/heads/main&revision=070d18eff27c26d3a1dc5889930bacfb41255798&path=//&platform=linux&test_suite_type=unit&modifier_id=0
2026-08-01 19:50:59,2026-08-01,b1bdb60,3555252,5911680,60.13945274439753,1099426,2261378,48.617524359041255,https://analysis.chromium.org/coverage/p/chromium/dir?host=chromium.googlesource.com&project=chromium/src&ref=refs/heads/main&revision=b1bdb6033525ef1a6eedf61330aef30f62a1cd48&path=//&platform=linux&test_suite_type=unit&modifier_id=0
2026-08-02 19:59:46,2026-08-02,e6e9acb,3555146,5912034,60.13405876894483,1099215,2261559,48.604303491529514,https://analysis.chromium.org/coverage/p/chromium/dir?host=chromium.googlesource.com&project=chromium/src&ref=refs/heads/main&revision=e6e9acbb92dee5c170ca78da43b1974ed21d0a71&path=//&platform=linux&test_suite_type=unit&modifier_id=0
2026-08-03 19:57:55,2026-08-03,fd251f4,3558446,5914206,60.16777230958814,1100456,2262719,48.63423164785375,https://analysis.chromium.org/coverage/p/chromium/dir?host=chromium.googlesource.com&project=chromium/src&ref=refs/heads/main&revision=fd251f45cbc38dbac3f1bd6eb2c93d4769ebca97&path=//&platform=linux&test_suite_type=unit&modifier_id=0
2026-08-04 19:57:51,2026-08-04,ae37a4a,3559416,5917384,60.15185088545884,1100823,2264151,48.61968128450797,https://analysis.chromium.org/coverage/p/chromium/dir?host=chromium.googlesource.com&project=chromium/src&ref=refs/heads/main&revision=ae37a4a894712d66fc05e4782055df5427371c77&path=//&platform=linux&test_suite_type=unit&modifier_id=0
2026-08-05 19:59:43,2026-08-05,c2be1fd,3561945,5922607,60.14150525266998,1102144,2266480,48.62800465920723,https://analysis.chromium.org/coverage/p/chromium/dir?host=chromium.googlesource.com&project=chromium/src&ref=refs/heads/main&revision=c2be1fd0bd4d404e76674c4453613d23d5759010&path=//&platform=linux&test_suite_type=unit&modifier_id=0
2026-08-06 19:46:48,2026-08-06,da0683f,3563639,5928451,60.110794539754146,1102385,2268872,48.58735971002331,https://analysis.chromium.org/coverage/p/chromium/dir?host=chromium.googlesource.com&project=chromium/src&ref=refs/heads/main&revision=da0683f766f9d125d6922bb5b87c6a0dec8b4624&path=//&platform=linux&test_suite_type=unit&modifier_id=0
2026-08-07 19:51:05,2026-08-07,808648e,3566129,5929743,60.13968902193569,1103133,2269488,48.60713077134579,https://analysis.chromium.org/coverage/p/chromium/dir?host=chromium.googlesource.com&project=chromium/src&ref=refs/heads/main&revision=808648e5139a16e41d9563c92227e67c7db8842c&path=//&platform=linux&test_suite_type=unit&modifier_id=0
2026-08-08 14:33:45,2026-08-08,bfa42e3,3565345,5929782,60.126072088316235,1102946,2269494,48.59876254354495,https://analysis.chromium.org/coverage/p/chromium/dir?host=chromium.googlesource.com&project=chromium/src&ref=refs/heads/main&revision=bfa42e3d5683193f40b35211587b597728166613&path=//&platform=linux&test_suite_type=unit&modifier_id=0
2026-08-09 19:56:30,2026-08-09,a80b524,3566585,5929840,60.146395180982964,1103244,2269490,48.61197890274907,https://analysis.chromium.org/coverage/p/chromium/dir?host=chromium.googlesource.com&project=chromium/src&ref=refs/heads/main&revision=a80b5243aa0a2f57d37c5dc87ee336668a5bc6a4&path=//&platform=linux&test_suite_type=unit&modifier_id=0
2026-08-10 19:01:01,2026-08-10,7e6a84f,3569040,5932435,60.16146826724608,1104067,2270440,48.627887105583056,https://analysis.chromium.org/coverage/p/chromium/dir?host=chromium.googlesource.com&project=chromium/src&ref=refs/heads/main&revision=7e6a84f5165fd617dbf3d032f755e11804bf8ff6&path=//&platform=linux&test_suite_type=unit&modifier_id=0
2026-08-11 19:57:25,2026-08-11,51c6984,3568485,5932590,60.15054133186349,1104200,2270535,48.63171014760838,https://analysis.chromium.org/coverage/p/chromium/dir?host=chromium.googlesource.com&project=chromium/src&ref=refs/heads/main&revision=51c6984b96109d1ec9d7d3815161c3ed5c6c42bc&path=//&platform=linux&test_suite_type=unit&modifier_id=0
2026-08-12 19:59:46,2026-08-12,0a852e6,3571948,5936244,60.1718527742458,1105198,2272062,48.6429507645478,https://analysis.chromium.org/coverage/p/chromium/dir?host=chromium.googlesource.com&project=chromium/src&ref=refs/heads/main&revision=0a852e65fe605fe6a4591a42b0848f94d8647d31&path=//&platform=linux&test_suite_type=unit&modifier_id=0
2026-08-13 19:59:20,2026-08-13,baea4dc,3573483,5938531,60.174528010378324,1105887,2273573,48.640927737970145,https://analysis.chromium.org/coverage/p/chromium/dir?host=chromium.googlesource.com&project=chromium/src&ref=refs/heads/main&revision=baea4dcd404860e8fc4fd9966135a93d93fee755&path=//&platform=linux&test_suite_type=unit&modifier_id=0
2026-08-14 19:58:35,2026-08-14,dad4b95,3572812,5943061,60.11737049308429,1106131,2275195,48.61697568779819,https://analysis.chromium.org/coverage/p/chromium/dir?host=chromium.googlesource.com&project=chromium/src&ref=refs/heads/main&revision=dad4b95d0de403f4cd40b71a08fe5215e5fe084f&path=//&platform=linux&test_suite_type=unit&modifier_id=0
2026-08-15 19:04:41,2026-08-15,f6e5b7f,3572547,5943159,60.111920276741714,1106010,2275236,48.61078147497666,https://analysis.chromium.org/coverage/p/chromium/dir?host=chromium.googlesource.com&project=chromium/src&ref=refs/heads/main&revision=f6e5b7f0f97b3fa84d015a4751155c8c71d19974&path=//&platform=linux&test_suite_type=unit&modifier_id=0
2026-08-16 19:58:47,2026-08-16,6d32623,3572556,5943270,60.11094902301259,1106133,2275287,48.61509778766371,https://analysis.chromium.org/coverage/p/chromium/dir?host=chromium.googlesource.com&project=chromium/src&ref=refs/heads/main&revision=6d32623829b5007f527b0cf44cc771c736fba3fb&path=//&platform=linux&test_suite_type=unit&modifier_id=0
2026-08-17 19:58:57,2026-08-17,2166ee4,3574965,5947360,60.11011608512012,1106585,2277039,48.597542685917986,https://analysis.chromium.org/coverage/p/chromium/dir?host=chromium.googlesource.com&project=chromium/src&ref=refs/heads/main&revision=2166ee476dcfe2e2d6e4d8d96606bacd8878c55c&path=//&platform=linux&test_suite_type=unit&modifier_id=0
2026-08-18 19:56:37,2026-08-18,8efd981,3578006,5951294,60.1214794631218,1107546,2278711,48.604057293794604,https://analysis.chromium.org/coverage/p/chromium/dir?host=chromium.googlesource.com&project=chromium/src&ref=refs/heads/main&revision=8efd981fb65b99c4ced638b248981f03a31c9d2a&path=//&platform=linux&test_suite_type=unit&modifier_id=0
2026-08-19 19:56:41,2026-08-19,f8eb399,3566502,5953118,59.90981532702695,1104005,2279536,48.431128089225176,https://analysis.chromium.org/coverage/p/chromium/dir?host=chromium.googlesource.com&project=chromium/src&ref=refs/heads/main&revision=f8eb39986c34d9aaa28279fb3fca403b096a1e96&path=//&platform=linux&test_suite_type=unit&modifier_id=0
2026-08-20 19:55:16,2026-08-20,0a4a5d0,3564860,5956865,59.84456589162252,1103615,2281082,48.38120681325792,https://analysis.chromium.org/coverage/p/chromium/dir?host=chromium.googlesource.com&project=chromium/src&ref=refs/heads/main&revision=0a4a5d01a013dbf2054e033131818c18c11474ea&path=//&platform=linux&test_suite_type=unit&modifier_id=0
2026-08-21 19:47:59,2026-08-21,05848d7,3569641,5959917,59.894139465365036,1105113,2282251,48.42206225345065,https://analysis.chromium.org/coverage/p/chromium/dir?host=chromium.googlesource.com&project=chromium/src&ref=refs/heads/main&revision=05848d7536edfd1daa79f97f05ceb717b29d7f94&path=//&platform=linux&test_suite_type=unit&modifier_id=0
2026-08-22 19:00:50,2026-08-22,ba06fb5,3570278,5959994,59.904053594684825,1105367,2282223,48.433785830744846,https://analysis.chromium.org/coverage/p/chromium/dir?host=chromium.googlesource.com&project=chromium/src&ref=refs/heads/main&revision=ba06fb508dc57557d80679b25b1c79714589ad9f&path=//&platform=linux&test_suite_type=unit&modifier_id=0
2026-08-23 19:24:36,2026-08-23,425d874,3569894,5959989,59.897660884944585,1105197,2282219,48.42642182893053,https://analysis.chromium.org/coverage/p/chromium/dir?host=chromium.googlesource.com&project=chromium/src&ref=refs/heads/main&revision=425d8741189b91dc7dfe1d2c52eddee590bb7e40&path=//&platform=linux&test_suite_type=unit&modifier_id=0
2026-08-24 19:56:22,2026-08-24,90d3add,3567767,5961852,59.84326682379905,1104466,2282786,48.382371365515645,https://analysis.chromium.org/coverage/p/chromium/dir?host=chromium.googlesource.com&project=chromium/src&ref=refs/heads/main&revision=90d3add9c11e416070a691e3d2dedbf66bf48dd2&path=//&platform=linux&test_suite_type=unit&modifier_id=0
2026-08-25 19:58:00,2026-08-25,f1985a4,3573876,5973953,59.82430728865795,1106365,2287837,48.35855876096068,https://analysis.chromium.org/coverage/p/chromium/dir?host=chromium.googlesource.com&project=chromium/src&ref=refs/heads/main&revision=f1985a4833097ebeba992c60a5dd49a18e8652de&path=//&platform=linux&test_suite_type=unit&modifier_id=0
2026-08-26 19:59:35,2026-08-26,f19a1d7,3573614,5975658,59.802853510023496,1106629,2289366,48.33779308332525,https://analysis.chromium.org/coverage/p/chromium/dir?host=chromium.googlesource.com&project=chromium/src&ref=refs/heads/main&revision=f19a1d7bbb505bd60dc623f62c72009f42a0ce3f&path=//&platform=linux&test_suite_type=unit&modifier_id=0
2026-08-27 19:58:19,2026-08-27,8734378,3576210,5979419,59.80865365012888,1107956,2291746,48.34549727587612,https://analysis.chromium.org/coverage/p/chromium/dir?host=chromium.googlesource.com&project=chromium/src&ref=refs/heads/main&revision=873437896b6d6d7d5f4ba798d3c944fc64b0ce03&path=//&platform=linux&test_suite_type=unit&modifier_id=0
